date,station,site,country,family,species,trophic_groups,transect_no,number,size_class,l,a,b,weight_g,total_wt_g
2021-11-23,and_01,andromache,kenya,acanthuridae,acanthurus_nigrofuscus,#error!,1,15,11,13,NA,NA,NA,NA
2021-11-23,and_01,andromache,kenya,acanthuridae,naso_hexacanthus_s,#error!,1,1,11,13,NA,NA,NA,NA
2021-11-23,and_01,andromache,kenya,acanthuridae,ctenochaetus_striatus,#error!,1,30,11,13,NA,NA,NA,NA
2021-11-23,and_01,andromache,kenya,acanthuridae,acanthurus_nigricaudus,#error!,2,2,16,18,NA,NA,NA,NA
2021-11-23,and_01,andromache,kenya,acanthuridae,acanthurus_nigrofuscus,#error!,2,1,11,13,NA,NA,NA,NA
2021-11-23,and_01,andromache,kenya,acanthuridae,acanthurus_leucosternon,#error!,2,4,11,13,NA,NA,NA,NA
2021-11-23,and_01,andromache,kenya,acanthuridae,acanthurus_nigricaudus,#error!,3,9,16,18,NA,NA,NA,NA
2021-11-23,and_01,andromache,kenya,acanthuridae,acanthurus_nigrofuscus,#error!,3,8,11,13,NA,NA,NA,NA
2021-11-23,and_01,andromache,kenya,acanthuridae,acanthurus_leucosternon,#error!,3,4,11,13,NA,NA,NA,NA
2021-11-23,and_01,andromache,kenya,acanthuridae,ctenochaetus_striatus,#error!,3,6,11,13,NA,NA,NA,NA
2021-11-23,and_01,andromache,kenya,acanthuridae,ctenochaetus_truncatus,#error!,3,3,11,13,NA,NA,NA,NA
2021-11-23,and_02,andromache,kenya,acanthuridae,ctenochaetus_striatus,#error!,4,3,11,13,NA,NA,NA,NA
2021-11-23,and_02,andromache,kenya,acanthuridae,ctenochaetus_binotatus,#error!,4,6,11,13,NA,NA,NA,NA
2021-11-23,and_02,andromache,kenya,acanthuridae,ctenochaetus_striatus,#error!,5,2,11,13,NA,NA,NA,NA
2021-11-23,and_02,andromache,kenya,acanthuridae,ctenochaetus_binotatus,#error!,5,8,11,13,NA,NA,NA,NA
2022-04-04,aru_01,arusha,kenya,acanthuridae,acanthurus_nigricaudus,#error!,1,1,31,33,NA,NA,NA,NA
2022-04-04,aru_01,arusha,kenya,acanthuridae,acanthurus_nigrofuscus,#error!,1,7,11,13,NA,NA,NA,NA
2022-04-04,aru_01,arusha,kenya,acanthuridae,ctenochaetus_binotatus,#error!,1,6,11,13,NA,NA,NA,NA
2022-04-04,aru_01,arusha,kenya,acanthuridae,acanthurus_nigrofuscus,#error!,2,7,11,13,NA,NA,NA,NA
2022-04-04,aru_01,arusha,kenya,acanthuridae,ctenochaetus_truncatus,#error!,2,2,11,13,NA,NA,NA,NA
2022-04-04,aru_01,arusha,kenya,acanthuridae,ctenochaetus_binotatus,#error!,2,4,11,13,NA,NA,NA,NA
2022-04-04,aru_01,arusha,kenya,acanthuridae,acanthurus_nigricaudus,#error!,3,2,26,28,NA,NA,NA,NA
2022-04-04,aru_01,arusha,kenya,acanthuridae,acanthurus_nigrofuscus,#error!,3,9,11,13,NA,NA,NA,NA
2022-04-04,aru_01,arusha,kenya,acanthuridae,ctenochaetus_truncatus,#error!,3,1,11,13,NA,NA,NA,NA
2022-04-04,aru_01,arusha,kenya,acanthuridae,ctenochaetus_binotatus,#error!,3,1,11,13,NA,NA,NA,NA
2022-04-04,aru_02,arusha,kenya,acanthuridae,acanthurus_nigricaudus,#error!,4,12,31,33,NA,NA,NA,NA
2022-04-04,aru_02,arusha,kenya,acanthuridae,acanthurus_nigricaudus,#error!,4,10,26,28,NA,NA,NA,NA
2022-04-04,aru_02,arusha,kenya,acanthuridae,acanthurus_nigricaudus,#error!,4,10,16,18,NA,NA,NA,NA
2022-04-04,aru_02,arusha,kenya,acanthuridae,acanthurus_nigricaudus,#error!,4,4,21,23,NA,NA,NA,NA
2022-04-04,aru_02,arusha,kenya,acanthuridae,acanthurus_nigrofuscus,#error!,4,12,11,13,NA,NA,NA,NA
2022-04-04,aru_02,arusha,kenya,acanthuridae,acanthurus_tennentii,#error!,4,4,26,28,NA,NA,NA,NA
2022-04-04,aru_02,arusha,kenya,acanthuridae,acanthurus_tennentii,#error!,4,6,31,33,NA,NA,NA,NA
2022-04-04,aru_02,arusha,kenya,acanthuridae,ctenochaetus_binotatus,#error!,4,4,11,13,NA,NA,NA,NA
2022-09-08,bang_01,bangoi,comoros,acanthuridae,acanthurus_nigricaudus,#error!,1,16,11,13,NA,NA,NA,NA
2022-09-08,bang_01,bangoi,comoros,acanthuridae,ctenochaetus_truncatus,#error!,1,5,11,13,NA,NA,NA,NA
2022-09-08,bang_01,bangoi,comoros,acanthuridae,paracanthurus_hepatus,#error!,1,2,16,18,NA,NA,NA,NA
2022-09-08,bang_01,bangoi,comoros,acanthuridae,paracanthurus_hepatus,#error!,1,6,21,23,NA,NA,NA,NA
2022-09-08,bang_01,bangoi,comoros,acanthuridae,naso_elegans,#error!,1,1,26,28,NA,NA,NA,NA
2022-09-08,bang_01,bangoi,comoros,acanthuridae,acanthurus_nigrofuscus,#error!,1,15,11,13,NA,NA,NA,NA
2022-09-08,bang_01,bangoi,comoros,acanthuridae,acanthurus_nigrofuscus,#error!,2,10,11,13,NA,NA,NA,NA
2022-09-08,bang_01,bangoi,comoros,acanthuridae,ctenochaetus_truncatus,#error!,2,12,11,13,NA,NA,NA,NA
2022-09-08,bang_02,bangoi,comoros,acanthuridae,acanthurus_nigricaudus,#error!,3,31,11,13,NA,NA,NA,NA
2022-09-08,bang_02,bangoi,comoros,acanthuridae,acanthurus_nigrofuscus,#error!,3,3,16,18,NA,NA,NA,NA
2022-09-08,bang_02,bangoi,comoros,acanthuridae,acanthurus_leucosternon,#error!,3,3,11,13,NA,NA,NA,NA
2022-09-08,bang_02,bangoi,comoros,acanthuridae,acanthurus_leucosternon,#error!,3,3,16,18,NA,NA,NA,NA
2022-09-08,bang_02,bangoi,comoros,acanthuridae,naso_elegans,#error!,3,4,26,28,NA,NA,NA,NA
2022-09-08,bang_02,bangoi,comoros,acanthuridae,ctenochaetus_striatus,#error!,3,8,11,13,NA,NA,NA,NA
2022-09-08,bang_02,bangoi,comoros,acanthuridae,ctenochaetus_truncatus,#error!,3,6,11,13,NA,NA,NA,NA
2022-09-08,bang_02,bangoi,comoros,acanthuridae,zebrasoma_scopas,#error!,3,3,16,18,NA,NA,NA,NA
2022-09-08,bang_02,bangoi,comoros,acanthuridae,zebrasoma_desjardinii,#error!,3,1,26,28,NA,NA,NA,NA
2022-09-08,bang_02,bangoi,comoros,acanthuridae,acanthurus_nigricaudus,#error!,4,25,11,13,NA,NA,NA,NA
2022-09-08,bang_02,bangoi,comoros,acanthuridae,acanthurus_nigrofuscus,#error!,4,2,16,18,NA,NA,NA,NA
2022-09-08,bang_02,bangoi,comoros,acanthuridae,acanthurus_nigrofuscus,#error!,4,2,11,13,NA,NA,NA,NA
2022-09-08,bang_02,bangoi,comoros,acanthuridae,acanthurus_leucosternon,#error!,4,2,11,13,NA,NA,NA,NA
2022-09-08,bang_02,bangoi,comoros,acanthuridae,acanthurus_leucosternon,#error!,4,2,16,18,NA,NA,NA,NA
2022-09-08,bang_02,bangoi,comoros,acanthuridae,ctenochaetus_striatus,#error!,4,8,11,13,NA,NA,NA,NA
2022-09-08,bang_02,bangoi,comoros,acanthuridae,ctenochaetus_truncatus,#error!,4,3,11,13,NA,NA,NA,NA
2022-09-08,bang_02,bangoi,comoros,acanthuridae,zebrasoma_scopas,#error!,4,1,11,13,NA,NA,NA,NA
2022-09-08,bang_02,bangoi,comoros,acanthuridae,acanthurus_nigricaudus,#error!,5,38,11,13,NA,NA,NA,NA
2022-09-08,bang_02,bangoi,comoros,acanthuridae,acanthurus_nigrofuscus,#error!,5,5,16,18,NA,NA,NA,NA
2022-09-08,bang_02,bangoi,comoros,acanthuridae,acanthurus_leucosternon,#error!,5,3,11,13,NA,NA,NA,NA
2022-09-08,bang_02,bangoi,comoros,acanthuridae,acanthurus_leucosternon,#error!,5,5,16,18,NA,NA,NA,NA
2022-09-08,bang_02,bangoi,comoros,acanthuridae,acanthurus_leucosternon,#error!,5,1,21,23,NA,NA,NA,NA
2022-09-08,bang_02,bangoi,comoros,acanthuridae,naso_elegans,#error!,5,4,26,28,NA,NA,NA,NA
2022-09-08,bang_02,bangoi,comoros,acanthuridae,naso_elegans,#error!,5,1,21,23,NA,NA,NA,NA
2022-09-08,bang_02,bangoi,comoros,acanthuridae,ctenochaetus_striatus,#error!,5,10,11,13,NA,NA,NA,NA
2022-09-08,bang_02,bangoi,comoros,acanthuridae,acanthurus_tristis,#error!,5,20,11,13,NA,NA,NA,NA
2018-09-30,aj_b_p_sc03,bimbini,comoros,acanthuridae,acanthurus_nigrofuscus,#error!,1,21,11,13,NA,NA,NA,NA
2018-09-30,aj_b_p_sc03,bimbini,comoros,acanthuridae,acanthurus_blochii,#error!,1,1,26,28,NA,NA,NA,NA
2018-09-30,aj_b_p_sc03,bimbini,comoros,acanthuridae,acanthurus_blochii,#error!,1,1,31,33,NA,NA,NA,NA
2018-09-30,aj_b_p_sc03,bimbini,comoros,acanthuridae,naso_elegans,#error!,1,1,31,33,NA,NA,NA,NA
2018-09-30,aj_b_p_sc03,bimbini,comoros,acanthuridae,naso_elegans,#error!,1,2,21,23,NA,NA,NA,NA
2018-09-30,aj_b_p_sc03,bimbini,comoros,acanthuridae,naso_elegans,#error!,1,5,26,28,NA,NA,NA,NA
2018-09-30,aj_b_p_sc03,bimbini,comoros,acanthuridae,ctenochaetus_striatus,#error!,1,1,11,13,NA,NA,NA,NA
2018-09-30,aj_b_p_sc03,bimbini,comoros,acanthuridae,ctenochaetus_truncatus,#error!,1,8,11,13,NA,NA,NA,NA
2018-09-30,aj_b_p_sc03,bimbini,comoros,acanthuridae,zebrasoma_scopas,#error!,1,1,11,13,NA,NA,NA,NA
2018-09-30,aj_b_p_sc03,bimbini,comoros,acanthuridae,acanthurus_nigrofuscus,#error!,2,16,11,13,NA,NA,NA,NA
2018-09-30,aj_b_p_sc03,bimbini,comoros,acanthuridae,acanthurus_tennentii,#error!,2,2,31,33,NA,NA,NA,NA
2018-09-30,aj_b_p_sc03,bimbini,comoros,acanthuridae,acanthurus_tennentii,#error!,2,5,26,28,NA,NA,NA,NA
2018-09-30,aj_b_p_sc03,bimbini,comoros,acanthuridae,naso_brevirostris_b,#error!,2,20,21,23,NA,NA,NA,NA
2018-09-30,aj_b_p_sc03,bimbini,comoros,acanthuridae,naso_brevirostris_b,#error!,2,15,26,28,NA,NA,NA,NA
2018-09-30,aj_b_p_sc03,bimbini,comoros,acanthuridae,naso_hexacanthus_b,#error!,2,3,26,28,NA,NA,NA,NA
2018-09-30,aj_b_p_sc03,bimbini,comoros,acanthuridae,naso_hexacanthus_b,#error!,2,1,21,23,NA,NA,NA,NA
2018-09-30,aj_b_p_sc03,bimbini,comoros,acanthuridae,naso_elegans,#error!,2,5,31,33,NA,NA,NA,NA
2018-09-30,aj_b_p_sc03,bimbini,comoros,acanthuridae,naso_elegans,#error!,2,3,26,28,NA,NA,NA,NA
2018-09-30,aj_b_p_sc03,bimbini,comoros,acanthuridae,naso_elegans,#error!,2,1,36,38,NA,NA,NA,NA
2018-09-30,aj_b_p_sc03,bimbini,comoros,acanthuridae,naso_vlamingii,#error!,2,1,21,23,NA,NA,NA,NA
2018-09-30,aj_b_p_sc03,bimbini,comoros,acanthuridae,ctenochaetus_striatus,#error!,2,7,11,13,NA,NA,NA,NA
2018-09-30,aj_b_p_sc03,bimbini,comoros,acanthuridae,ctenochaetus_truncatus,#error!,2,17,11,13,NA,NA,NA,NA
2018-09-30,aj_b_p_sc03,bimbini,comoros,acanthuridae,zebrasoma_scopas,#error!,2,8,11,13,NA,NA,NA,NA
2018-09-30,aj_b_p_sc03,bimbini,comoros,acanthuridae,acanthurus_nigrofuscus,#error!,3,26,11,13,NA,NA,NA,NA
2018-09-30,aj_b_p_sc03,bimbini,comoros,acanthuridae,acanthurus_tennentii,#error!,3,1,21,23,NA,NA,NA,NA
2018-09-30,aj_b_p_sc03,bimbini,comoros,acanthuridae,acanthurus_tennentii,#error!,3,1,26,28,NA,NA,NA,NA
2018-09-30,aj_b_p_sc03,bimbini,comoros,acanthuridae,naso_brevirostris_b,#error!,3,2,21,23,NA,NA,NA,NA
2018-09-30,aj_b_p_sc03,bimbini,comoros,acanthuridae,naso_elegans,#error!,3,4,21,23,NA,NA,NA,NA
2018-09-30,aj_b_p_sc03,bimbini,comoros,acanthuridae,naso_elegans,#error!,3,2,26,28,NA,NA,NA,NA
2018-09-30,aj_b_p_sc03,bimbini,comoros,acanthuridae,ctenochaetus_striatus,#error!,3,43,11,13,NA,NA,NA,NA
2018-09-30,aj_b_p_sc03,bimbini,comoros,acanthuridae,ctenochaetus_truncatus,#error!,3,8,11,13,NA,NA,NA,NA
2018-09-30,aj_b_p_sc03,bimbini,comoros,acanthuridae,zebrasoma_scopas,#error!,3,2,11,13,NA,NA,NA,NA
2018-10-01,aj_b_p_sc04,bimbini,comoros,acanthuridae,acanthurus_nigrofuscus,#error!,4,19,11,13,NA,NA,NA,NA
2018-10-01,aj_b_p_sc04,bimbini,comoros,acanthuridae,naso_hexacanthus_b,#error!,4,2,21,23,NA,NA,NA,NA
2018-10-01,aj_b_p_sc04,bimbini,comoros,acanthuridae,naso_hexacanthus_b,#error!,4,2,16,18,NA,NA,NA,NA
2018-10-01,aj_b_p_sc04,bimbini,comoros,acanthuridae,naso_elegans,#error!,4,1,31,33,NA,NA,NA,NA
2018-10-01,aj_b_p_sc04,bimbini,comoros,acanthuridae,naso_elegans,#error!,4,1,26,28,NA,NA,NA,NA
2018-10-01,aj_b_p_sc04,bimbini,comoros,acanthuridae,ctenochaetus_striatus,#error!,4,28,11,13,NA,NA,NA,NA
2018-10-01,aj_b_p_sc04,bimbini,comoros,acanthuridae,ctenochaetus_truncatus,#error!,4,15,11,13,NA,NA,NA,NA
2018-10-01,aj_b_p_sc04,bimbini,comoros,acanthuridae,zebrasoma_scopas,#error!,4,6,11,13,NA,NA,NA,NA
2018-10-01,aj_b_p_sc04,bimbini,comoros,acanthuridae,acanthurus_nigrofuscus,#error!,5,23,11,13,NA,NA,NA,NA
2018-10-01,aj_b_p_sc04,bimbini,comoros,acanthuridae,naso_hexacanthus_b,#error!,5,1,21,23,NA,NA,NA,NA
2018-10-01,aj_b_p_sc04,bimbini,comoros,acanthuridae,naso_elegans,#error!,5,1,26,28,NA,NA,NA,NA
2018-10-01,aj_b_p_sc04,bimbini,comoros,acanthuridae,ctenochaetus_striatus,#error!,5,24,11,13,NA,NA,NA,NA
2018-10-01,aj_b_p_sc04,bimbini,comoros,acanthuridae,ctenochaetus_truncatus,#error!,5,18,11,13,NA,NA,NA,NA
2018-10-01,aj_b_p_sc04,bimbini,comoros,acanthuridae,zebrasoma_scopas,#error!,5,14,11,13,NA,NA,NA,NA
2018-10-01,aj_b_p_sc04,bimbini,comoros,acanthuridae,acanthurus_nigrofuscus,#error!,6,37,11,13,NA,NA,NA,NA
2018-10-01,aj_b_p_sc04,bimbini,comoros,acanthuridae,naso_brevirostris_s,#error!,6,8,16,18,NA,NA,NA,NA
2018-10-01,aj_b_p_sc04,bimbini,comoros,acanthuridae,naso_brevirostris_b,#error!,6,10,21,23,NA,NA,NA,NA
2018-10-01,aj_b_p_sc04,bimbini,comoros,acanthuridae,naso_elegans,#error!,6,1,31,33,NA,NA,NA,NA
2018-10-01,aj_b_p_sc04,bimbini,comoros,acanthuridae,naso_elegans,#error!,6,1,21,23,NA,NA,NA,NA
2018-10-01,aj_b_p_sc04,bimbini,comoros,acanthuridae,ctenochaetus_striatus,#error!,6,25,11,13,NA,NA,NA,NA
2018-10-01,aj_b_p_sc04,bimbini,comoros,acanthuridae,ctenochaetus_truncatus,#error!,6,10,11,13,NA,NA,NA,NA
2023-03-25,bos_01,boso,kenya,acanthuridae,acanthurus_leucosternon,#error!,1,21,16,18,NA,NA,NA,NA
2023-03-25,bos_01,boso,kenya,acanthuridae,ctenochaetus_striatus,#error!,1,11,16,18,NA,NA,NA,NA
2023-03-25,bos_01,boso,kenya,acanthuridae,ctenochaetus_striatus,#error!,1,1,21,23,NA,NA,NA,NA
2023-03-25,bos_01,boso,kenya,acanthuridae,acanthurus_lineatus,#error!,1,5,16,18,NA,NA,NA,NA
2023-03-25,bos_01,boso,kenya,acanthuridae,acanthurus_nigrofuscus,#error!,1,1,16,18,NA,NA,NA,NA
2023-03-25,bos_01,boso,kenya,acanthuridae,acanthurus_dussumieri,#error!,1,1,21,23,NA,NA,NA,NA
2023-03-25,bos_01,boso,kenya,acanthuridae,acanthurus_lineatus,#error!,2,2,16,18,NA,NA,NA,NA
2023-03-25,bos_01,boso,kenya,acanthuridae,ctenochaetus_striatus,#error!,2,13,16,18,NA,NA,NA,NA
2023-03-25,bos_01,boso,kenya,acanthuridae,acanthurus_leucosternon,#error!,2,19,16,18,NA,NA,NA,NA
2023-03-25,bos_01,boso,kenya,acanthuridae,naso_unicornis,#error!,2,3,21,23,NA,NA,NA,NA
2023-03-25,bos_01,boso,kenya,acanthuridae,acanthurus_dussumieri,#error!,2,4,21,23,NA,NA,NA,NA
2023-03-25,bos_01,boso,kenya,acanthuridae,ctenochaetus_truncatus,#error!,2,1,11,13,NA,NA,NA,NA
2023-03-25,bos_01,boso,kenya,acanthuridae,acanthurus_nigrofuscus,#error!,2,2,11,13,NA,NA,NA,NA
2022-10-26,brc_01,brain_coral,kenya,acanthuridae,acanthurus_nigricaudus,#error!,1,1,21,23,NA,NA,NA,NA
2022-10-26,brc_01,brain_coral,kenya,acanthuridae,acanthurus_leucosternon,#error!,1,4,11,13,NA,NA,NA,NA
2022-10-26,brc_01,brain_coral,kenya,acanthuridae,acanthurus_nigrofuscus,#error!,1,2,11,13,NA,NA,NA,NA
2022-10-26,brc_01,brain_coral,kenya,acanthuridae,ctenochaetus_striatus,#error!,1,1,11,13,NA,NA,NA,NA
2022-10-26,brc_01,brain_coral,kenya,acanthuridae,ctenochaetus_truncatus,#error!,1,5,11,13,NA,NA,NA,NA
2022-10-26,brc_01,brain_coral,kenya,acanthuridae,acanthurus_thompsoni,#error!,2,3,11,13,NA,NA,NA,NA
2022-10-26,brc_01,brain_coral,kenya,acanthuridae,acanthurus_leucosternon,#error!,2,1,11,13,NA,NA,NA,NA
2022-10-26,brc_01,brain_coral,kenya,acanthuridae,acanthurus_nigrofuscus,#error!,2,11,11,13,NA,NA,NA,NA
2022-10-26,brc_01,brain_coral,kenya,acanthuridae,naso_brevirostris,#error!,2,1,36,38,NA,NA,NA,NA
2022-10-26,brc_01,brain_coral,kenya,acanthuridae,ctenochaetus_truncatus,#error!,2,4,11,13,NA,NA,NA,NA
2022-10-26,brc_01,brain_coral,kenya,acanthuridae,zebrasoma_scopas,#error!,2,1,16,18,NA,NA,NA,NA
2022-10-26,brc_01,brain_coral,kenya,acanthuridae,zebrasoma_scopas,#error!,2,5,11,13,NA,NA,NA,NA
2022-10-26,brc_01,brain_coral,kenya,acanthuridae,acanthurus_leucosternon,#error!,3,2,11,13,NA,NA,NA,NA
2022-10-26,brc_01,brain_coral,kenya,acanthuridae,acanthurus_nigrofuscus,#error!,3,14,11,13,NA,NA,NA,NA
2022-10-26,brc_01,brain_coral,kenya,acanthuridae,naso_hexacanthus,#error!,3,4,21,23,NA,NA,NA,NA
2022-10-26,brc_01,brain_coral,kenya,acanthuridae,naso_hexacanthus,#error!,3,3,26,28,NA,NA,NA,NA
2022-10-26,brc_01,brain_coral,kenya,acanthuridae,ctenochaetus_binotatus,#error!,3,2,11,13,NA,NA,NA,NA
2022-10-26,brc_01,brain_coral,kenya,acanthuridae,zebrasoma_desjardinii,#error!,3,1,16,18,NA,NA,NA,NA
2022-10-26,brc_02,brain_coral,kenya,acanthuridae,acanthurus_nigricaudus,#error!,4,2,16,18,NA,NA,NA,NA
2022-10-26,brc_02,brain_coral,kenya,acanthuridae,acanthurus_leucosternon,#error!,4,2,11,13,NA,NA,NA,NA
2022-10-26,brc_02,brain_coral,kenya,acanthuridae,acanthurus_leucosternon,#error!,4,1,16,18,NA,NA,NA,NA
2022-10-26,brc_02,brain_coral,kenya,acanthuridae,acanthurus_nigrofuscus,#error!,4,8,11,13,NA,NA,NA,NA
2022-10-26,brc_02,brain_coral,kenya,acanthuridae,ctenochaetus_truncatus,#error!,4,2,11,13,NA,NA,NA,NA
2022-10-26,brc_02,brain_coral,kenya,acanthuridae,acanthurus_nigricaudus,#error!,5,2,16,18,NA,NA,NA,NA
2022-10-26,brc_02,brain_coral,kenya,acanthuridae,acanthurus_nigricaudus,#error!,5,1,21,23,NA,NA,NA,NA
2022-10-26,brc_02,brain_coral,kenya,acanthuridae,acanthurus_leucosternon,#error!,5,4,16,18,NA,NA,NA,NA
2022-10-26,brc_02,brain_coral,kenya,acanthuridae,acanthurus_leucosternon,#error!,5,4,11,13,NA,NA,NA,NA
2022-10-26,brc_02,brain_coral,kenya,acanthuridae,acanthurus_nigrofuscus,#error!,5,16,11,13,NA,NA,NA,NA
2022-10-26,brc_02,brain_coral,kenya,acanthuridae,ctenochaetus_truncatus,#error!,5,3,11,13,NA,NA,NA,NA
2022-10-26,brc_02,brain_coral,kenya,acanthuridae,ctenochaetus_binotatus,#error!,5,2,11,13,NA,NA,NA,NA
2022-10-26,brc_02,brain_coral,kenya,acanthuridae,zebrasoma_scopas,#error!,5,2,11,13,NA,NA,NA,NA
2022-10-26,brc_02,brain_coral,kenya,acanthuridae,zebrasoma_desjardinii,#error!,5,2,21,23,NA,NA,NA,NA
2021-11-17,cha_01,chale,kenya,acanthuridae,acanthurus_nigrofuscus,#error!,1,3,11,13,NA,NA,NA,NA
2021-11-17,cha_01,chale,kenya,acanthuridae,ctenochaetus_striatus,#error!,1,2,11,13,NA,NA,NA,NA
2021-11-17,cha_01,chale,kenya,acanthuridae,acanthurus_nigrofuscus,#error!,2,3,11,13,NA,NA,NA,NA
2021-11-17,cha_01,chale,kenya,acanthuridae,acanthurus_leucosternon,#error!,2,4,16,18,NA,NA,NA,NA
2021-11-17,cha_01,chale,kenya,acanthuridae,ctenochaetus_striatus,#error!,2,8,11,13,NA,NA,NA,NA
2021-11-17,cha_01,chale,kenya,acanthuridae,acanthurus_nigrofuscus,#error!,3,6,11,13,NA,NA,NA,NA
2021-11-17,cha_01,chale,kenya,acanthuridae,ctenochaetus_striatus,#error!,3,4,11,13,NA,NA,NA,NA
2021-11-17,cha_02,chale,kenya,acanthuridae,acanthurus_nigrofuscus,#error!,4,2,11,13,NA,NA,NA,NA
2021-11-17,cha_02,chale,kenya,acanthuridae,acanthurus_tennentii,#error!,4,1,16,18,NA,NA,NA,NA
2021-11-17,cha_02,chale,kenya,acanthuridae,acanthurus_tennentii,#error!,4,1,21,23,NA,NA,NA,NA
2021-11-17,cha_02,chale,kenya,acanthuridae,ctenochaetus_striatus,#error!,4,3,11,13,NA,NA,NA,NA
2021-11-17,cha_02,chale,kenya,acanthuridae,zebrasoma_scopas,#error!,4,4,11,13,NA,NA,NA,NA
2021-11-17,cha_02,chale,kenya,acanthuridae,ctenochaetus_binotatus,#error!,4,3,11,13,NA,NA,NA,NA
2021-11-17,cha_02,chale,kenya,acanthuridae,acanthurus_nigrofuscus,#error!,5,1,11,13,NA,NA,NA,NA
2021-11-17,cha_02,chale,kenya,acanthuridae,ctenochaetus_striatus,#error!,5,4,11,13,NA,NA,NA,NA
2023-02-18,chm_01,chambani,kenya,acanthuridae,acanthurus_leucosternon,#error!,1,1,21,23,NA,NA,NA,NA
2023-02-18,chm_01,chambani,kenya,acanthuridae,acanthurus_leucosternon,#error!,1,1,11,13,NA,NA,NA,NA
2023-02-18,chm_01,chambani,kenya,acanthuridae,acanthurus_nigricaudus,#error!,1,3,11,13,NA,NA,NA,NA
2023-02-18,chm_01,chambani,kenya,acanthuridae,acanthurus_triostegus,#error!,1,15,6,8,NA,NA,NA,NA
2023-02-18,chm_01,chambani,kenya,acanthuridae,acanthurus_triostegus,#error!,1,10,11,13,NA,NA,NA,NA
2023-02-18,chm_01,chambani,kenya,acanthuridae,acanthurus_nigrofuscus,#error!,1,3,11,13,NA,NA,NA,NA
2023-02-18,chm_01,chambani,kenya,acanthuridae,acanthurus_nigrofuscus,#error!,1,3,11,13,NA,NA,NA,NA
2023-02-18,chm_01,chambani,kenya,acanthuridae,naso_hexacanthus,#error!,1,5,31,33,NA,NA,NA,NA
2023-02-18,chm_01,chambani,kenya,acanthuridae,naso_elegans,#error!,1,1,16,18,NA,NA,NA,NA
2023-02-18,chm_01,chambani,kenya,acanthuridae,ctenochaetus_striatus,#error!,1,3,11,13,NA,NA,NA,NA
2023-02-18,chm_01,chambani,kenya,acanthuridae,ctenochaetus_truncatus,#error!,1,3,11,13,NA,NA,NA,NA
2023-02-18,chm_01,chambani,kenya,acanthuridae,acanthurus_mata,#error!,2,3,21,23,NA,NA,NA,NA
2023-02-18,chm_01,chambani,kenya,acanthuridae,acanthurus_dussumieri,#error!,2,2,21,23,NA,NA,NA,NA
2023-02-18,chm_01,chambani,kenya,acanthuridae,acanthurus_leucosternon,#error!,2,3,16,18,NA,NA,NA,NA
2023-02-18,chm_01,chambani,kenya,acanthuridae,acanthurus_leucosternon,#error!,2,3,11,13,NA,NA,NA,NA
2023-02-18,chm_01,chambani,kenya,acanthuridae,acanthurus_triostegus,#error!,2,7,6,8,NA,NA,NA,NA
2023-02-18,chm_01,chambani,kenya,acanthuridae,acanthurus_nigrofuscus,#error!,2,5,11,13,NA,NA,NA,NA
2023-02-18,chm_01,chambani,kenya,acanthuridae,ctenochaetus_striatus,#error!,2,5,11,13,NA,NA,NA,NA
2023-02-18,chm_01,chambani,kenya,acanthuridae,ctenochaetus_truncatus,#error!,2,7,11,13,NA,NA,NA,NA
2023-02-18,chm_01,chambani,kenya,acanthuridae,acanthurus_dussumieri,#error!,3,3,21,23,NA,NA,NA,NA
2023-02-18,chm_01,chambani,kenya,acanthuridae,acanthurus_leucosternon,#error!,3,2,11,13,NA,NA,NA,NA
2023-02-18,chm_01,chambani,kenya,acanthuridae,acanthurus_triostegus,#error!,3,10,11,13,NA,NA,NA,NA
2023-02-18,chm_01,chambani,kenya,acanthuridae,naso_hexacanthus,#error!,3,3,16,18,NA,NA,NA,NA
2022-09-17,chin_02,chindini,comoros,acanthuridae,acanthurus_nigricaudus,#error!,3,6,16,18,NA,NA,NA,NA
2022-09-17,chin_02,chindini,comoros,acanthuridae,acanthurus_nigrofuscus,#error!,3,8,11,13,NA,NA,NA,NA
2022-09-17,chin_02,chindini,comoros,acanthuridae,acanthurus_leucosternon,#error!,3,4,16,18,NA,NA,NA,NA
2022-09-17,chin_02,chindini,comoros,acanthuridae,acanthurus_leucosternon,#error!,3,5,21,23,NA,NA,NA,NA
2022-09-17,chin_02,chindini,comoros,acanthuridae,acanthurus_thompsoni,#error!,3,2,11,13,NA,NA,NA,NA
2022-09-17,chin_02,chindini,comoros,acanthuridae,naso_elegans,#error!,3,3,26,28,NA,NA,NA,NA
2022-09-17,chin_02,chindini,comoros,acanthuridae,ctenochaetus_truncatus,#error!,3,8,11,13,NA,NA,NA,NA
2022-09-17,chin_02,chindini,comoros,acanthuridae,zebrasoma_scopas,#error!,3,4,11,13,NA,NA,NA,NA
2022-09-17,chin_02,chindini,comoros,acanthuridae,naso_brachycentron,#error!,3,23,36,38,NA,NA,NA,NA
2022-09-17,chin_02,chindini,comoros,acanthuridae,acanthurus_nigricaudus,#error!,4,13,11,13,NA,NA,NA,NA
2022-09-17,chin_02,chindini,comoros,acanthuridae,acanthurus_nigricaudus,#error!,4,15,16,18,NA,NA,NA,NA
2022-09-17,chin_02,chindini,comoros,acanthuridae,acanthurus_nigrofuscus,#error!,4,22,11,13,NA,NA,NA,NA
2022-09-17,chin_02,chindini,comoros,acanthuridae,acanthurus_leucosternon,#error!,4,12,16,18,NA,NA,NA,NA
2022-09-17,chin_02,chindini,comoros,acanthuridae,acanthurus_thompsoni,#error!,4,4,16,18,NA,NA,NA,NA
2022-09-17,chin_02,chindini,comoros,acanthuridae,acanthurus_tristis,#error!,4,1,11,13,NA,NA,NA,NA
2022-09-17,chin_02,chindini,comoros,acanthuridae,ctenochaetus_binotatus,#error!,4,3,11,13,NA,NA,NA,NA
2022-09-17,chin_02,chindini,comoros,acanthuridae,naso_elegans,#error!,4,1,26,28,NA,NA,NA,NA
2022-09-17,chin_02,chindini,comoros,acanthuridae,zebrasoma_scopas,#error!,4,1,11,13,NA,NA,NA,NA
2022-09-12,chin_03,chindini,comoros,acanthuridae,naso_elegans,#error!,1,2,26,28,NA,NA,NA,NA
2022-09-12,chin_03,chindini,comoros,acanthuridae,acanthurus_leucosternon,#error!,1,4,11,13,NA,NA,NA,NA
2022-09-12,chin_03,chindini,comoros,acanthuridae,acanthurus_leucosternon,#error!,1,4,16,18,NA,NA,NA,NA
2022-09-12,chin_03,chindini,comoros,acanthuridae,acanthurus_nigricaudus,#error!,1,5,16,18,NA,NA,NA,NA
2022-09-12,chin_03,chindini,comoros,acanthuridae,acanthurus_nigrofuscus,#error!,1,12,11,13,NA,NA,NA,NA
2022-09-12,chin_03,chindini,comoros,acanthuridae,ctenochaetus_truncatus,#error!,1,8,11,13,NA,NA,NA,NA
2022-09-12,chin_03,chindini,comoros,acanthuridae,zebrasoma_scopas,#error!,1,3,11,13,NA,NA,NA,NA
2022-09-12,chin_03,chindini,comoros,acanthuridae,ctenochaetus_truncatus,#error!,2,3,11,13,NA,NA,NA,NA
2022-09-12,chin_03,chindini,comoros,acanthuridae,acanthurus_nigrofuscus,#error!,2,5,16,18,NA,NA,NA,NA
2022-09-12,chin_03,chindini,comoros,acanthuridae,acanthurus_leucosternon,#error!,2,10,16,18,NA,NA,NA,NA
2022-09-12,chin_03,chindini,comoros,acanthuridae,acanthurus_leucosternon,#error!,2,7,21,23,NA,NA,NA,NA
2023-02-11,chp_01,chipopo,kenya,acanthuridae,acanthurus_dussumieri,#error!,1,4,36,38,NA,NA,NA,NA
2023-02-11,chp_01,chipopo,kenya,acanthuridae,acanthurus_nigricaudus,#error!,1,11,16,18,NA,NA,NA,NA
2023-02-11,chp_01,chipopo,kenya,acanthuridae,acanthurus_nigricaudus,#error!,1,1,26,28,NA,NA,NA,NA
2023-02-11,chp_01,chipopo,kenya,acanthuridae,acanthurus_nigricaudus,#error!,1,8,21,23,NA,NA,NA,NA
2023-02-11,chp_01,chipopo,kenya,acanthuridae,naso_brevirostris,#error!,1,3,21,23,NA,NA,NA,NA
2023-02-11,chp_01,chipopo,kenya,acanthuridae,naso_brevirostris,#error!,1,1,11,13,NA,NA,NA,NA
2023-02-11,chp_01,chipopo,kenya,acanthuridae,ctenochaetus_striatus,#error!,1,2,11,13,NA,NA,NA,NA
2023-02-11,chp_01,chipopo,kenya,acanthuridae,ctenochaetus_truncatus,#error!,1,1,11,13,NA,NA,NA,NA
2023-02-11,chp_01,chipopo,kenya,acanthuridae,zebrasoma_desjardinii,#error!,1,1,16,18,NA,NA,NA,NA
2023-02-11,chp_01,chipopo,kenya,acanthuridae,zebrasoma_desjardinii,#error!,1,1,21,23,NA,NA,NA,NA
2023-02-11,chp_01,chipopo,kenya,acanthuridae,acanthurus_nigricaudus,#error!,2,3,16,18,NA,NA,NA,NA
2023-02-11,chp_01,chipopo,kenya,acanthuridae,acanthurus_nigricaudus,#error!,2,2,21,23,NA,NA,NA,NA
2023-02-11,chp_01,chipopo,kenya,acanthuridae,naso_brevirostris,#error!,2,4,16,18,NA,NA,NA,NA
2023-02-11,chp_01,chipopo,kenya,acanthuridae,naso_brevirostris,#error!,2,1,21,23,NA,NA,NA,NA
2023-02-11,chp_01,chipopo,kenya,acanthuridae,ctenochaetus_striatus,#error!,2,4,11,13,NA,NA,NA,NA
2023-02-11,chp_01,chipopo,kenya,acanthuridae,ctenochaetus_truncatus,#error!,2,1,11,13,NA,NA,NA,NA
2023-02-11,chp_01,chipopo,kenya,acanthuridae,zebrasoma_desjardinii,#error!,2,2,21,23,NA,NA,NA,NA
2023-02-11,chp_01,chipopo,kenya,acanthuridae,zebrasoma_desjardinii,#error!,2,1,26,28,NA,NA,NA,NA
2023-02-11,chp_01,chipopo,kenya,acanthuridae,zebrasoma_desjardinii,#error!,2,1,16,18,NA,NA,NA,NA
2023-02-11,chp_01,chipopo,kenya,acanthuridae,acanthurus_dussumieri,#error!,3,3,21,23,NA,NA,NA,NA
2023-02-11,chp_01,chipopo,kenya,acanthuridae,acanthurus_dussumieri,#error!,3,1,31,33,NA,NA,NA,NA
2023-02-11,chp_01,chipopo,kenya,acanthuridae,acanthurus_triostegus,#error!,3,1,16,18,NA,NA,NA,NA
2023-02-11,chp_01,chipopo,kenya,acanthuridae,acanthurus_nigricaudus,#error!,3,5,16,18,NA,NA,NA,NA
2023-02-11,chp_01,chipopo,kenya,acanthuridae,acanthurus_nigricaudus,#error!,3,2,11,13,NA,NA,NA,NA
2023-02-11,chp_01,chipopo,kenya,acanthuridae,acanthurus_nigricaudus,#error!,3,2,21,23,NA,NA,NA,NA
2023-02-11,chp_01,chipopo,kenya,acanthuridae,naso_brevirostris,#error!,3,86,16,18,NA,NA,NA,NA
2023-02-11,chp_01,chipopo,kenya,acanthuridae,naso_brevirostris,#error!,3,1,21,23,NA,NA,NA,NA
2023-02-11,chp_01,chipopo,kenya,acanthuridae,ctenochaetus_striatus,#error!,3,5,11,13,NA,NA,NA,NA
2023-02-11,chp_01,chipopo,kenya,acanthuridae,zebrasoma_desjardinii,#error!,3,1,21,23,NA,NA,NA,NA
2023-02-11,chp_01,chipopo,kenya,acanthuridae,zebrasoma_desjardinii,#error!,3,1,11,13,NA,NA,NA,NA
2023-02-11,chp_01,chipopo,kenya,acanthuridae,zebrasoma_desjardinii,#error!,3,3,16,18,NA,NA,NA,NA
2023-03-20,cho_01,chole,kenya,acanthuridae,acanthurus_triostegus,#error!,1,47,11,13,NA,NA,NA,NA
2023-03-20,cho_01,chole,kenya,acanthuridae,acanthurus_dussumieri,#error!,1,31,16,18,NA,NA,NA,NA
2023-03-20,cho_01,chole,kenya,acanthuridae,ctenochaetus_striatus,#error!,1,10,16,18,NA,NA,NA,NA
2023-03-20,cho_01,chole,kenya,acanthuridae,acanthurus_nigricaudus,#error!,1,30,21,23,NA,NA,NA,NA
2023-03-20,cho_01,chole,kenya,acanthuridae,acanthurus_dussumieri,#error!,2,48,21,23,NA,NA,NA,NA
2023-03-20,cho_01,chole,kenya,acanthuridae,acanthurus_nigrofuscus,#error!,2,1,6,8,NA,NA,NA,NA
2023-03-20,cho_01,chole,kenya,acanthuridae,acanthurus_dussumieri,#error!,3,44,21,23,NA,NA,NA,NA
2023-03-20,cho_01,chole,kenya,acanthuridae,acanthurus_nigrofuscus,#error!,3,1,11,13,NA,NA,NA,NA
2023-03-20,cho_01,chole,kenya,acanthuridae,ctenochaetus_striatus,#error!,3,3,16,18,NA,NA,NA,NA
2023-03-24,ccb_01,chongo_cha_boso,kenya,acanthuridae,acanthurus_nigrofuscus,#error!,1,1,11,13,NA,NA,NA,NA
2023-03-24,ccb_01,chongo_cha_boso,kenya,acanthuridae,naso_unicornis,#error!,2,1,36,38,NA,NA,NA,NA
2023-03-24,ccb_01,chongo_cha_boso,kenya,acanthuridae,acanthurus_nigrofuscus,#error!,2,1,11,13,NA,NA,NA,NA
2023-03-22,ccc_01,chongo_cha_chano,kenya,acanthuridae,acanthurus_dussumieri,#error!,2,1,21,23,NA,NA,NA,NA
2023-03-22,ccc_01,chongo_cha_chano,kenya,acanthuridae,acanthurus_leucosternon,#error!,2,1,16,18,NA,NA,NA,NA
2023-03-21,ccs_01,chongo_cha_sharifu,kenya,acanthuridae,acanthurus_leucocheilus,#error!,1,2,21,23,NA,NA,NA,NA
2023-03-21,ccs_01,chongo_cha_sharifu,kenya,acanthuridae,acanthurus_dussumieri,#error!,1,2,21,23,NA,NA,NA,NA
2023-03-21,ccs_01,chongo_cha_sharifu,kenya,acanthuridae,acanthurus_spp.,#error!,1,36,6,8,NA,NA,NA,NA
2023-03-21,ccs_01,chongo_cha_sharifu,kenya,acanthuridae,zebrasoma_desjardinii,#error!,1,2,36,38,NA,NA,NA,NA
2023-03-21,ccs_01,chongo_cha_sharifu,kenya,acanthuridae,acanthurus_leucosternon,#error!,1,3,16,18,NA,NA,NA,NA
2023-03-21,ccs_01,chongo_cha_sharifu,kenya,acanthuridae,acanthurus_dussumieri,#error!,2,2,31,33,NA,NA,NA,NA
2023-03-21,ccs_01,chongo_cha_sharifu,kenya,acanthuridae,acanthurus_dussumieri,#error!,2,1,16,18,NA,NA,NA,NA
2023-03-21,ccs_01,chongo_cha_sharifu,kenya,acanthuridae,acanthurus_nigrofuscus,#error!,2,30,16,18,NA,NA,NA,NA
2023-03-21,ccs_01,chongo_cha_sharifu,kenya,acanthuridae,ctenochaetus_truncatus,#error!,2,1,11,13,NA,NA,NA,NA
2023-03-21,ccs_01,chongo_cha_sharifu,kenya,acanthuridae,ctenochaetus_striatus,#error!,2,16,16,18,NA,NA,NA,NA
2023-03-21,ccs_01,chongo_cha_sharifu,kenya,acanthuridae,acanthurus_spp.,#error!,2,3,31,33,NA,NA,NA,NA
2023-03-21,ccs_01,chongo_cha_sharifu,kenya,acanthuridae,acanthurus_leucosternon,#error!,2,1,21,23,NA,NA,NA,NA
2023-03-26,dzi_01,dhiwa_za_ishakani,kenya,acanthuridae,acanthurus_dussumieri,#error!,1,8,16,18,NA,NA,NA,NA
2023-03-26,dzi_01,dhiwa_za_ishakani,kenya,acanthuridae,acanthurus_dussumieri,#error!,1,2,21,23,NA,NA,NA,NA
2023-03-26,dzi_01,dhiwa_za_ishakani,kenya,acanthuridae,acanthurus_nigricaudus,#error!,1,2,16,18,NA,NA,NA,NA
2023-03-26,dzi_01,dhiwa_za_ishakani,kenya,acanthuridae,ctenochaetus_striatus,#error!,1,6,16,18,NA,NA,NA,NA
2023-03-26,dzi_01,dhiwa_za_ishakani,kenya,acanthuridae,acanthurus_nigrofuscus,#error!,1,11,11,13,NA,NA,NA,NA
2023-03-26,dzi_01,dhiwa_za_ishakani,kenya,acanthuridae,acanthurus_nigricaudus,#error!,2,9,16,18,NA,NA,NA,NA
2023-03-26,dzi_01,dhiwa_za_ishakani,kenya,acanthuridae,ctenochaetus_striatus,#error!,2,5,16,18,NA,NA,NA,NA
2023-03-26,dzi_01,dhiwa_za_ishakani,kenya,acanthuridae,acanthurus_dussumieri,#error!,2,1,16,18,NA,NA,NA,NA
2021-11-22,dnr_01,diani_reef,kenya,acanthuridae,acanthurus_dussumieri,#error!,1,1,26,28,NA,NA,NA,NA
2021-11-22,dnr_01,diani_reef,kenya,acanthuridae,acanthurus_nigrofuscus,#error!,1,3,11,13,NA,NA,NA,NA
2021-11-22,dnr_01,diani_reef,kenya,acanthuridae,ctenochaetus_striatus,#error!,1,11,11,13,NA,NA,NA,NA
2021-11-22,dnr_01,diani_reef,kenya,acanthuridae,acanthurus_nigrofuscus,#error!,2,2,11,13,NA,NA,NA,NA
2021-11-22,dnr_01,diani_reef,kenya,acanthuridae,ctenochaetus_striatus,#error!,2,10,11,13,NA,NA,NA,NA
2021-11-22,dnr_01,diani_reef,kenya,acanthuridae,acanthurus_nigrofuscus,#error!,3,7,11,13,NA,NA,NA,NA
2021-11-22,dnr_01,diani_reef,kenya,acanthuridae,ctenochaetus_striatus,#error!,3,10,11,13,NA,NA,NA,NA
2021-11-22,dnr_01,diani_reef,kenya,acanthuridae,ctenochaetus_truncatus,#error!,3,3,11,13,NA,NA,NA,NA
2022-11-18,din_01,dindini,tanzania,acanthuridae,acanthurus_mata,#error!,1,15,26,28,NA,NA,NA,NA
2022-11-18,din_01,dindini,tanzania,acanthuridae,acanthurus_dussumieri,#error!,1,1,26,28,NA,NA,NA,NA
2022-11-18,din_01,dindini,tanzania,acanthuridae,acanthurus_nigricaudus,#error!,1,1,26,28,NA,NA,NA,NA
2022-11-18,din_01,dindini,tanzania,acanthuridae,acanthurus_nigricaudus,#error!,1,1,21,23,NA,NA,NA,NA
2022-11-18,din_01,dindini,tanzania,acanthuridae,acanthurus_thompsoni,#error!,1,3,11,13,NA,NA,NA,NA
2022-11-18,din_01,dindini,tanzania,acanthuridae,acanthurus_nigrofuscus,#error!,1,10,11,13,NA,NA,NA,NA
2022-11-18,din_01,dindini,tanzania,acanthuridae,naso_unicornis,#error!,1,3,41,43,NA,NA,NA,NA
2022-11-18,din_01,dindini,tanzania,acanthuridae,ctenochaetus_truncatus,#error!,1,3,11,13,NA,NA,NA,NA
2022-11-18,din_01,dindini,tanzania,acanthuridae,ctenochaetus_binotatus,#error!,1,2,11,13,NA,NA,NA,NA
2022-11-18,din_01,dindini,tanzania,acanthuridae,zebrasoma_desjardinii,#error!,1,1,16,18,NA,NA,NA,NA
2022-11-18,din_01,dindini,tanzania,acanthuridae,zebrasoma_desjardinii,#error!,1,1,21,23,NA,NA,NA,NA
2022-11-18,din_01,dindini,tanzania,acanthuridae,acanthurus_dussumieri,#error!,2,4,31,33,NA,NA,NA,NA
2022-11-18,din_01,dindini,tanzania,acanthuridae,acanthurus_dussumieri,#error!,2,2,26,28,NA,NA,NA,NA
2022-11-18,din_01,dindini,tanzania,acanthuridae,acanthurus_nigricaudus,#error!,2,2,26,28,NA,NA,NA,NA
2022-11-18,din_01,dindini,tanzania,acanthuridae,acanthurus_nigricaudus,#error!,2,1,16,18,NA,NA,NA,NA
2022-11-18,din_01,dindini,tanzania,acanthuridae,naso_unicornis,#error!,2,3,41,43,NA,NA,NA,NA
2022-11-18,din_01,dindini,tanzania,acanthuridae,ctenochaetus_truncatus,#error!,2,3,11,13,NA,NA,NA,NA
2022-11-18,din_01,dindini,tanzania,acanthuridae,ctenochaetus_binotatus,#error!,2,1,11,13,NA,NA,NA,NA
2022-11-18,din_01,dindini,tanzania,acanthuridae,zebrasoma_desjardinii,#error!,2,1,16,18,NA,NA,NA,NA
2022-11-18,din_01,dindini,tanzania,acanthuridae,acanthurus_nigricaudus,#error!,3,2,21,23,NA,NA,NA,NA
2022-11-18,din_01,dindini,tanzania,acanthuridae,acanthurus_nigricaudus,#error!,3,2,16,18,NA,NA,NA,NA
2022-11-18,din_01,dindini,tanzania,acanthuridae,paracanthurus_hepatus,#error!,3,3,16,18,NA,NA,NA,NA
2022-11-18,din_01,dindini,tanzania,acanthuridae,acanthurus_nigrofuscus,#error!,3,2,11,13,NA,NA,NA,NA
2022-11-18,din_02,dindini,tanzania,acanthuridae,acanthurus_nigrofuscus,#error!,4,2,11,13,NA,NA,NA,NA
2022-11-18,din_02,dindini,tanzania,acanthuridae,naso_unicornis,#error!,4,2,51,53,NA,NA,NA,NA
2022-11-18,din_02,dindini,tanzania,acanthuridae,naso_unicornis,#error!,4,4,46,48,NA,NA,NA,NA
2022-11-18,din_02,dindini,tanzania,acanthuridae,acanthurus_nigrofuscus,#error!,5,2,11,13,NA,NA,NA,NA
2022-11-18,din_02,dindini,tanzania,acanthuridae,naso_unicornis,#error!,5,1,46,48,NA,NA,NA,NA
2022-11-18,din_02,dindini,tanzania,acanthuridae,naso_thynnoides,#error!,5,20,11,13,NA,NA,NA,NA
2018-10-13,mw_b_p_sc16,djirani,comoros,acanthuridae,acanthurus_nigricaudus,#error!,1,4,26,28,NA,NA,NA,NA
2018-10-13,mw_b_p_sc16,djirani,comoros,acanthuridae,acanthurus_nigrofuscus,#error!,1,12,11,13,NA,NA,NA,NA
2018-10-13,mw_b_p_sc16,djirani,comoros,acanthuridae,acanthurus_leucosternon,#error!,1,3,16,18,NA,NA,NA,NA
2018-10-13,mw_b_p_sc16,djirani,comoros,acanthuridae,acanthurus_leucosternon,#error!,1,2,11,13,NA,NA,NA,NA
2018-10-13,mw_b_p_sc16,djirani,comoros,acanthuridae,acanthurus_xanthopterus,#error!,1,1,36,38,NA,NA,NA,NA
2018-10-13,mw_b_p_sc16,djirani,comoros,acanthuridae,acanthurus_xanthopterus,#error!,1,1,31,33,NA,NA,NA,NA
2018-10-13,mw_b_p_sc16,djirani,comoros,acanthuridae,acanthurus_spp.,#error!,1,3,26,28,NA,NA,NA,NA
2018-10-13,mw_b_p_sc16,djirani,comoros,acanthuridae,naso_elegans,#error!,1,2,26,28,NA,NA,NA,NA
2018-10-13,mw_b_p_sc16,djirani,comoros,acanthuridae,ctenochaetus_striatus,#error!,1,10,11,13,NA,NA,NA,NA
2018-10-13,mw_b_p_sc16,djirani,comoros,acanthuridae,ctenochaetus_truncatus,#error!,1,5,11,13,NA,NA,NA,NA
2018-10-13,mw_b_p_sc16,djirani,comoros,acanthuridae,acanthurus_nigrofuscus,#error!,2,16,11,13,NA,NA,NA,NA
2018-10-13,mw_b_p_sc16,djirani,comoros,acanthuridae,ctenochaetus_striatus,#error!,2,20,11,13,NA,NA,NA,NA
2018-10-13,mw_b_p_sc16,djirani,comoros,acanthuridae,ctenochaetus_truncatus,#error!,2,9,11,13,NA,NA,NA,NA
2018-10-13,mw_b_p_sc16,djirani,comoros,acanthuridae,zebrasoma_scopas,#error!,2,1,11,13,NA,NA,NA,NA
2018-10-13,mw_b_p_sc16,djirani,comoros,acanthuridae,acanthurus_nigrofuscus,#error!,3,26,11,13,NA,NA,NA,NA
2018-10-13,mw_b_p_sc16,djirani,comoros,acanthuridae,naso_elegans,#error!,3,2,21,23,NA,NA,NA,NA
2018-10-13,mw_b_p_sc16,djirani,comoros,acanthuridae,ctenochaetus_striatus,#error!,3,21,6,8,NA,NA,NA,NA
2018-10-14,mw_b_p_sc17,djirani,comoros,acanthuridae,acanthurus_dussumieri,#error!,4,1,21,23,NA,NA,NA,NA
2018-10-14,mw_b_p_sc17,djirani,comoros,acanthuridae,acanthurus_nigricaudus,#error!,4,3,26,28,NA,NA,NA,NA
2018-10-14,mw_b_p_sc17,djirani,comoros,acanthuridae,acanthurus_nigricaudus,#error!,4,1,21,23,NA,NA,NA,NA
2018-10-14,mw_b_p_sc17,djirani,comoros,acanthuridae,acanthurus_nigrofuscus,#error!,4,8,11,13,NA,NA,NA,NA
2018-10-14,mw_b_p_sc17,djirani,comoros,acanthuridae,acanthurus_leucosternon,#error!,4,4,16,18,NA,NA,NA,NA
2018-10-14,mw_b_p_sc17,djirani,comoros,acanthuridae,acanthurus_leucosternon,#error!,4,3,11,13,NA,NA,NA,NA
2018-10-14,mw_b_p_sc17,djirani,comoros,acanthuridae,acanthurus_thompsoni,#error!,4,2,11,13,NA,NA,NA,NA
2018-10-14,mw_b_p_sc17,djirani,comoros,acanthuridae,naso_elegans,#error!,4,1,31,33,NA,NA,NA,NA
2018-10-14,mw_b_p_sc17,djirani,comoros,acanthuridae,ctenochaetus_striatus,#error!,4,17,11,13,NA,NA,NA,NA
2018-10-14,mw_b_p_sc17,djirani,comoros,acanthuridae,ctenochaetus_truncatus,#error!,4,10,11,13,NA,NA,NA,NA
2018-10-14,mw_b_p_sc17,djirani,comoros,acanthuridae,zebrasoma_scopas,#error!,4,3,11,13,NA,NA,NA,NA
2018-10-14,mw_b_p_sc17,djirani,comoros,acanthuridae,acanthurus_nigrofuscus,#error!,5,19,11,13,NA,NA,NA,NA
2018-10-14,mw_b_p_sc17,djirani,comoros,acanthuridae,acanthurus_leucosternon,#error!,5,7,16,18,NA,NA,NA,NA
2018-10-14,mw_b_p_sc17,djirani,comoros,acanthuridae,acanthurus_leucosternon,#error!,5,2,11,13,NA,NA,NA,NA
2018-10-14,mw_b_p_sc17,djirani,comoros,acanthuridae,naso_elegans,#error!,5,2,26,28,NA,NA,NA,NA
2018-10-14,mw_b_p_sc17,djirani,comoros,acanthuridae,ctenochaetus_striatus,#error!,5,4,11,13,NA,NA,NA,NA
2018-10-14,mw_b_p_sc17,djirani,comoros,acanthuridae,ctenochaetus_truncatus,#error!,5,13,11,13,NA,NA,NA,NA
2018-10-14,mw_b_p_sc17,djirani,comoros,acanthuridae,zebrasoma_scopas,#error!,5,5,11,13,NA,NA,NA,NA
2018-10-14,mw_b_p_sc17,djirani,comoros,acanthuridae,acanthurus_nigricaudus,#error!,6,3,16,18,NA,NA,NA,NA
2018-10-14,mw_b_p_sc17,djirani,comoros,acanthuridae,acanthurus_nigricaudus,#error!,6,1,21,23,NA,NA,NA,NA
2018-10-14,mw_b_p_sc17,djirani,comoros,acanthuridae,acanthurus_leucosternon,#error!,6,12,16,18,NA,NA,NA,NA
2018-10-14,mw_b_p_sc17,djirani,comoros,acanthuridae,acanthurus_leucosternon,#error!,6,5,11,13,NA,NA,NA,NA
2018-10-14,mw_b_p_sc17,djirani,comoros,acanthuridae,acanthurus_nigrofuscus,#error!,6,29,11,13,NA,NA,NA,NA
2018-10-14,mw_b_p_sc17,djirani,comoros,acanthuridae,ctenochaetus_striatus,#error!,6,4,11,13,NA,NA,NA,NA
2018-10-14,mw_b_p_sc17,djirani,comoros,acanthuridae,ctenochaetus_truncatus,#error!,6,30,11,13,NA,NA,NA,NA
2018-10-14,mw_b_p_sc17,djirani,comoros,acanthuridae,zebrasoma_scopas,#error!,6,5,11,13,NA,NA,NA,NA
2021-03-19,dol_01,dolphin,kenya,acanthuridae,acanthurus_thompsoni,#error!,1,1,11,13,NA,NA,NA,NA
2021-03-19,dol_01,dolphin,kenya,acanthuridae,acanthurus_leucosternon,#error!,1,2,11,13,NA,NA,NA,NA
2021-03-19,dol_01,dolphin,kenya,acanthuridae,acanthurus_tennentii,#error!,1,1,26,28,NA,NA,NA,NA
2021-03-19,dol_01,dolphin,kenya,acanthuridae,acanthurus_dussumieri,#error!,1,6,11,13,NA,NA,NA,NA
2021-03-19,dol_01,dolphin,kenya,acanthuridae,naso_brevirostris_b,#error!,1,1,26,28,NA,NA,NA,NA
2021-03-19,dol_01,dolphin,kenya,acanthuridae,naso_hexacanthus_b,#error!,1,4,26,28,NA,NA,NA,NA
2021-03-19,dol_01,dolphin,kenya,acanthuridae,ctenochaetus_striatus,#error!,1,4,11,13,NA,NA,NA,NA
2021-03-19,dol_01,dolphin,kenya,acanthuridae,zebrasoma_scopas,#error!,1,2,11,13,NA,NA,NA,NA
2021-03-19,dol_01,dolphin,kenya,acanthuridae,ctenochaetus_binotatus,#error!,1,4,11,13,NA,NA,NA,NA
2021-03-19,dol_01,dolphin,kenya,acanthuridae,acanthurus_thompsoni,#error!,2,4,11,13,NA,NA,NA,NA
2021-03-19,dol_01,dolphin,kenya,acanthuridae,acanthurus_nigrofuscus,#error!,2,10,11,13,NA,NA,NA,NA
2021-03-19,dol_01,dolphin,kenya,acanthuridae,acanthurus_leucosternon,#error!,2,2,11,13,NA,NA,NA,NA
2021-03-19,dol_01,dolphin,kenya,acanthuridae,acanthurus_leucosternon,#error!,2,1,16,18,NA,NA,NA,NA
2021-03-19,dol_01,dolphin,kenya,acanthuridae,acanthurus_dussumieri,#error!,2,6,16,18,NA,NA,NA,NA
2021-03-19,dol_01,dolphin,kenya,acanthuridae,naso_brevirostris_s,#error!,2,2,16,18,NA,NA,NA,NA
2021-03-19,dol_01,dolphin,kenya,acanthuridae,naso_brachycentron,#error!,2,2,26,28,NA,NA,NA,NA
2021-03-19,dol_01,dolphin,kenya,acanthuridae,acanthurus_thompsoni,#error!,3,3,11,13,NA,NA,NA,NA
2021-03-19,dol_01,dolphin,kenya,acanthuridae,acanthurus_leucosternon,#error!,3,8,11,13,NA,NA,NA,NA
2021-03-19,dol_01,dolphin,kenya,acanthuridae,acanthurus_leucosternon,#error!,3,10,16,18,NA,NA,NA,NA
2021-03-19,dol_01,dolphin,kenya,acanthuridae,acanthurus_tennentii,#error!,3,1,16,18,NA,NA,NA,NA
2021-03-19,dol_01,dolphin,kenya,acanthuridae,ctenochaetus_striatus,#error!,3,2,11,13,NA,NA,NA,NA
2021-03-19,dol_01,dolphin,kenya,acanthuridae,ctenochaetus_truncatus,#error!,3,15,11,13,NA,NA,NA,NA
2021-03-19,dol_01,dolphin,kenya,acanthuridae,zebrasoma_scopas,#error!,3,2,11,13,NA,NA,NA,NA
2021-03-19,dol_01,dolphin,kenya,acanthuridae,ctenochaetus_binotatus,#error!,3,5,11,13,NA,NA,NA,NA
2021-03-19,dol_02,dolphin,kenya,acanthuridae,acanthurus_leucosternon,#error!,4,1,16,18,NA,NA,NA,NA
2021-03-19,dol_02,dolphin,kenya,acanthuridae,naso_elegans,#error!,4,8,36,38,NA,NA,NA,NA
2021-03-19,dol_02,dolphin,kenya,acanthuridae,ctenochaetus_truncatus,#error!,4,35,11,13,NA,NA,NA,NA
2021-03-19,dol_02,dolphin,kenya,acanthuridae,zebrasoma_scopas,#error!,4,4,11,13,NA,NA,NA,NA
2021-03-19,dol_02,dolphin,kenya,acanthuridae,zebrasoma_desjardinii,#error!,4,4,16,18,NA,NA,NA,NA
2021-03-19,dol_02,dolphin,kenya,acanthuridae,acanthurus_leucosternon,#error!,5,13,16,18,NA,NA,NA,NA
2021-03-19,dol_02,dolphin,kenya,acanthuridae,acanthurus_leucosternon,#error!,5,2,11,13,NA,NA,NA,NA
2021-03-19,dol_02,dolphin,kenya,acanthuridae,acanthurus_tennentii,#error!,5,1,21,23,NA,NA,NA,NA
2021-03-19,dol_02,dolphin,kenya,acanthuridae,acanthurus_thompsoni,#error!,5,10,11,13,NA,NA,NA,NA
2021-03-19,dol_02,dolphin,kenya,acanthuridae,naso_hexacanthus_b,#error!,5,10,26,28,NA,NA,NA,NA
2021-03-19,dol_02,dolphin,kenya,acanthuridae,naso_vlamingii,#error!,5,4,21,23,NA,NA,NA,NA
2021-03-19,dol_02,dolphin,kenya,acanthuridae,ctenochaetus_striatus,#error!,5,25,11,13,NA,NA,NA,NA
2021-03-19,dol_02,dolphin,kenya,acanthuridae,zebrasoma_scopas,#error!,5,4,11,13,NA,NA,NA,NA
2023-11-02,fassi1,fassi,comoros,acanthuridae,acanthurus_thompsoni,#error!,3,1,11,13,NA,NA,NA,NA
2023-11-02,fassi1,fassi,comoros,acanthuridae,acanthurus_nigrofuscus,#error!,3,6,11,13,NA,NA,NA,NA
2023-11-02,fassi1,fassi,comoros,acanthuridae,ctenochaetus_striatus,#error!,3,7,11,13,NA,NA,NA,NA
2023-11-02,fassi1,fassi,comoros,acanthuridae,ctenochaetus_binotatus,#error!,3,4,11,13,NA,NA,NA,NA
2023-11-02,fassi1,fassi,comoros,acanthuridae,zebrasoma_scopas,#error!,3,1,11,13,NA,NA,NA,NA
2023-11-02,fassi1,fassi,comoros,acanthuridae,acanthurus_nigrofuscus,#error!,4,16,11,13,NA,NA,NA,NA
2023-11-02,fassi1,fassi,comoros,acanthuridae,naso_elegans,#error!,4,1,16,18,NA,NA,NA,NA
2023-11-02,fassi1,fassi,comoros,acanthuridae,naso_elegans,#error!,4,1,11,13,NA,NA,NA,NA
2023-11-02,fassi1,fassi,comoros,acanthuridae,ctenochaetus_striatus,#error!,4,3,11,13,NA,NA,NA,NA
2023-11-02,fassi1,fassi,comoros,acanthuridae,ctenochaetus_binotatus,#error!,4,17,11,13,NA,NA,NA,NA
2023-11-02,fassi1,fassi,comoros,acanthuridae,zebrasoma_scopas,#error!,4,15,11,13,NA,NA,NA,NA
2023-11-02,fassi2,fassi,comoros,acanthuridae,acanthurus_tennentii,#error!,1,1,16,18,NA,NA,NA,NA
2023-11-02,fassi2,fassi,comoros,acanthuridae,acanthurus_tennentii,#error!,1,2,11,13,NA,NA,NA,NA
2023-11-02,fassi2,fassi,comoros,acanthuridae,acanthurus_nigrofuscus,#error!,1,8,11,13,NA,NA,NA,NA
2023-11-02,fassi2,fassi,comoros,acanthuridae,ctenochaetus_striatus,#error!,1,1,11,13,NA,NA,NA,NA
2023-11-02,fassi2,fassi,comoros,acanthuridae,ctenochaetus_truncatus,#error!,1,5,11,13,NA,NA,NA,NA
2023-11-02,fassi2,fassi,comoros,acanthuridae,ctenochaetus_binotatus,#error!,1,5,11,13,NA,NA,NA,NA
2023-11-02,fassi2,fassi,comoros,acanthuridae,zebrasoma_scopas,#error!,1,2,11,13,NA,NA,NA,NA
2023-11-02,fassi2,fassi,comoros,acanthuridae,acanthurus_nigrofuscus,#error!,2,5,11,13,NA,NA,NA,NA
2023-11-02,fassi2,fassi,comoros,acanthuridae,naso_elegans,#error!,2,3,16,18,NA,NA,NA,NA
2023-11-02,fassi2,fassi,comoros,acanthuridae,naso_elegans,#error!,2,2,21,23,NA,NA,NA,NA
2023-11-02,fassi2,fassi,comoros,acanthuridae,ctenochaetus_striatus,#error!,2,5,11,13,NA,NA,NA,NA
2023-11-02,fassi2,fassi,comoros,acanthuridae,ctenochaetus_binotatus,#error!,2,19,11,13,NA,NA,NA,NA
2023-11-02,fassi2,fassi,comoros,acanthuridae,zebrasoma_scopas,#error!,2,8,11,13,NA,NA,NA,NA
2018-10-09,mw_e_p_sc09,ferenga,comoros,acanthuridae,acanthurus_nigrofuscus,#error!,1,6,11,13,NA,NA,NA,NA
2018-10-09,mw_e_p_sc09,ferenga,comoros,acanthuridae,acanthurus_thompsoni,#error!,1,11,16,18,NA,NA,NA,NA
2018-10-09,mw_e_p_sc09,ferenga,comoros,acanthuridae,naso_elegans,#error!,1,3,26,28,NA,NA,NA,NA
2018-10-09,mw_e_p_sc09,ferenga,comoros,acanthuridae,ctenochaetus_striatus,#error!,1,34,11,13,NA,NA,NA,NA
2018-10-09,mw_e_p_sc09,ferenga,comoros,acanthuridae,zebrasoma_scopas,#error!,1,6,11,13,NA,NA,NA,NA
2018-10-09,mw_e_p_sc09,ferenga,comoros,acanthuridae,acanthurus_nigrofuscus,#error!,2,11,11,13,NA,NA,NA,NA
2018-10-09,mw_e_p_sc09,ferenga,comoros,acanthuridae,acanthurus_thompsoni,#error!,2,21,16,18,NA,NA,NA,NA
2018-10-09,mw_e_p_sc09,ferenga,comoros,acanthuridae,naso_elegans,#error!,2,4,26,28,NA,NA,NA,NA
2018-10-09,mw_e_p_sc09,ferenga,comoros,acanthuridae,naso_elegans,#error!,2,2,31,33,NA,NA,NA,NA
2018-10-09,mw_e_p_sc09,ferenga,comoros,acanthuridae,ctenochaetus_striatus,#error!,2,51,11,13,NA,NA,NA,NA
2018-10-09,mw_e_p_sc09,ferenga,comoros,acanthuridae,zebrasoma_scopas,#error!,2,11,11,13,NA,NA,NA,NA
2018-10-09,mw_e_p_sc09,ferenga,comoros,acanthuridae,acanthurus_lineatus,#error!,3,1,16,18,NA,NA,NA,NA
2018-10-09,mw_e_p_sc09,ferenga,comoros,acanthuridae,acanthurus_nigrofuscus,#error!,3,24,11,13,NA,NA,NA,NA
2018-10-09,mw_e_p_sc09,ferenga,comoros,acanthuridae,naso_elegans,#error!,3,1,21,23,NA,NA,NA,NA
2018-10-09,mw_e_p_sc09,ferenga,comoros,acanthuridae,ctenochaetus_striatus,#error!,3,60,11,13,NA,NA,NA,NA
2018-10-09,mw_e_p_sc09,ferenga,comoros,acanthuridae,ctenochaetus_truncatus,#error!,3,1,11,13,NA,NA,NA,NA
2018-10-09,mw_e_p_sc09,ferenga,comoros,acanthuridae,zebrasoma_scopas,#error!,3,1,11,13,NA,NA,NA,NA
2018-10-10,mw_e_p_sc10,ferenga,comoros,acanthuridae,acanthurus_nigrofuscus,#error!,4,15,11,13,NA,NA,NA,NA
2018-10-10,mw_e_p_sc10,ferenga,comoros,acanthuridae,acanthurus_leucosternon,#error!,4,2,11,13,NA,NA,NA,NA
2018-10-10,mw_e_p_sc10,ferenga,comoros,acanthuridae,acanthurus_tennentii,#error!,4,1,16,18,NA,NA,NA,NA
2018-10-10,mw_e_p_sc10,ferenga,comoros,acanthuridae,naso_elegans,#error!,4,1,21,23,NA,NA,NA,NA
2018-10-10,mw_e_p_sc10,ferenga,comoros,acanthuridae,naso_elegans,#error!,4,2,26,28,NA,NA,NA,NA
2018-10-10,mw_e_p_sc10,ferenga,comoros,acanthuridae,ctenochaetus_striatus,#error!,4,43,11,13,NA,NA,NA,NA
2018-10-10,mw_e_p_sc10,ferenga,comoros,acanthuridae,ctenochaetus_truncatus,#error!,4,1,11,13,NA,NA,NA,NA
2018-10-10,mw_e_p_sc10,ferenga,comoros,acanthuridae,zebrasoma_scopas,#error!,4,7,11,13,NA,NA,NA,NA
2018-10-10,mw_e_p_sc10,ferenga,comoros,acanthuridae,acanthurus_nigrofuscus,#error!,5,14,11,13,NA,NA,NA,NA
2018-10-10,mw_e_p_sc10,ferenga,comoros,acanthuridae,acanthurus_leucosternon,#error!,5,2,11,13,NA,NA,NA,NA
2018-10-10,mw_e_p_sc10,ferenga,comoros,acanthuridae,acanthurus_lineatus,#error!,5,1,16,18,NA,NA,NA,NA
2018-10-10,mw_e_p_sc10,ferenga,comoros,acanthuridae,naso_elegans,#error!,5,1,16,18,NA,NA,NA,NA
2018-10-10,mw_e_p_sc10,ferenga,comoros,acanthuridae,ctenochaetus_striatus,#error!,5,62,11,13,NA,NA,NA,NA
2018-10-10,mw_e_p_sc10,ferenga,comoros,acanthuridae,zebrasoma_scopas,#error!,5,11,11,13,NA,NA,NA,NA
2018-10-10,mw_e_p_sc10,ferenga,comoros,acanthuridae,acanthurus_nigrofuscus,#error!,6,10,11,13,NA,NA,NA,NA
2018-10-10,mw_e_p_sc10,ferenga,comoros,acanthuridae,acanthurus_leucosternon,#error!,6,1,16,18,NA,NA,NA,NA
2018-10-10,mw_e_p_sc10,ferenga,comoros,acanthuridae,acanthurus_lineatus,#error!,6,4,16,18,NA,NA,NA,NA
2018-10-10,mw_e_p_sc10,ferenga,comoros,acanthuridae,naso_elegans,#error!,6,6,21,23,NA,NA,NA,NA
2018-10-10,mw_e_p_sc10,ferenga,comoros,acanthuridae,naso_elegans,#error!,6,2,31,33,NA,NA,NA,NA
2018-10-10,mw_e_p_sc10,ferenga,comoros,acanthuridae,naso_elegans,#error!,6,2,26,28,NA,NA,NA,NA
2018-10-10,mw_e_p_sc10,ferenga,comoros,acanthuridae,ctenochaetus_striatus,#error!,6,44,11,13,NA,NA,NA,NA
2018-10-10,mw_e_p_sc10,ferenga,comoros,acanthuridae,ctenochaetus_truncatus,#error!,6,3,11,13,NA,NA,NA,NA
2018-10-10,mw_e_p_sc10,ferenga,comoros,acanthuridae,zebrasoma_scopas,#error!,6,9,11,13,NA,NA,NA,NA
2019-11-15,fug_01,fundo_coral_garden,tanzania,acanthuridae,naso_brevirostris_s,#error!,1,9,16,18,NA,NA,NA,NA
2019-11-15,fug_01,fundo_coral_garden,tanzania,acanthuridae,naso_brevirostris_b,#error!,1,5,21,23,NA,NA,NA,NA
2019-11-15,fug_01,fundo_coral_garden,tanzania,acanthuridae,ctenochaetus_striatus,#error!,1,10,11,13,NA,NA,NA,NA
2019-11-15,fug_01,fundo_coral_garden,tanzania,acanthuridae,ctenochaetus_truncatus,#error!,1,5,11,13,NA,NA,NA,NA
2019-11-15,fug_01,fundo_coral_garden,tanzania,acanthuridae,zebrasoma_scopas,#error!,1,13,11,13,NA,NA,NA,NA
2019-11-15,fug_01,fundo_coral_garden,tanzania,acanthuridae,naso_elegans,#error!,2,2,36,38,NA,NA,NA,NA
2019-11-15,fug_01,fundo_coral_garden,tanzania,acanthuridae,naso_thynnoides,#error!,2,3,16,18,NA,NA,NA,NA
2019-11-15,fug_01,fundo_coral_garden,tanzania,acanthuridae,ctenochaetus_striatus,#error!,2,10,11,13,NA,NA,NA,NA
2019-11-15,fug_01,fundo_coral_garden,tanzania,acanthuridae,ctenochaetus_truncatus,#error!,2,16,11,13,NA,NA,NA,NA
2019-11-15,fug_01,fundo_coral_garden,tanzania,acanthuridae,zebrasoma_scopas,#error!,2,6,11,13,NA,NA,NA,NA
2019-11-15,fug_01,fundo_coral_garden,tanzania,acanthuridae,acanthurus_leucosternon,#error!,3,1,16,18,NA,NA,NA,NA
2019-11-15,fug_01,fundo_coral_garden,tanzania,acanthuridae,acanthurus_leucosternon,#error!,3,4,11,13,NA,NA,NA,NA
2019-11-15,fug_01,fundo_coral_garden,tanzania,acanthuridae,ctenochaetus_truncatus,#error!,3,17,11,13,NA,NA,NA,NA
2019-11-15,fug_01,fundo_coral_garden,tanzania,acanthuridae,zebrasoma_scopas,#error!,3,14,11,13,NA,NA,NA,NA
2019-11-17,fug_03,fundo_coral_garden,tanzania,acanthuridae,ctenochaetus_striatus,#error!,4,13,11,13,NA,NA,NA,NA
2019-11-17,fug_03,fundo_coral_garden,tanzania,acanthuridae,ctenochaetus_truncatus,#error!,4,2,11,13,NA,NA,NA,NA
2019-11-17,fug_03,fundo_coral_garden,tanzania,acanthuridae,zebrasoma_scopas,#error!,4,5,11,13,NA,NA,NA,NA
2019-11-17,fug_03,fundo_coral_garden,tanzania,acanthuridae,acanthurus_nigrofuscus,#error!,5,2,11,13,NA,NA,NA,NA
2019-11-17,fug_03,fundo_coral_garden,tanzania,acanthuridae,naso_thynnoides,#error!,5,13,16,18,NA,NA,NA,NA
2019-11-17,fug_03,fundo_coral_garden,tanzania,acanthuridae,ctenochaetus_striatus,#error!,5,8,11,13,NA,NA,NA,NA
2019-11-17,fug_03,fundo_coral_garden,tanzania,acanthuridae,ctenochaetus_truncatus,#error!,5,1,11,13,NA,NA,NA,NA
2019-11-17,fug_03,fundo_coral_garden,tanzania,acanthuridae,zebrasoma_scopas,#error!,5,4,11,13,NA,NA,NA,NA
2019-11-13,fgi_01,fundo_gap_inner,tanzania,acanthuridae,naso_brevirostris_s,#error!,1,9,11,13,NA,NA,NA,NA
2019-11-13,fgi_01,fundo_gap_inner,tanzania,acanthuridae,naso_brevirostris_s,#error!,1,5,16,18,NA,NA,NA,NA
2019-11-13,fgi_01,fundo_gap_inner,tanzania,acanthuridae,ctenochaetus_striatus,#error!,1,6,11,13,NA,NA,NA,NA
2019-11-13,fgi_01,fundo_gap_inner,tanzania,acanthuridae,zebrasoma_scopas,#error!,1,2,11,13,NA,NA,NA,NA
2019-11-13,fgi_01,fundo_gap_inner,tanzania,acanthuridae,acanthurus_nigrofuscus,#error!,2,2,11,13,NA,NA,NA,NA
2019-11-13,fgi_01,fundo_gap_inner,tanzania,acanthuridae,ctenochaetus_striatus,#error!,2,6,11,13,NA,NA,NA,NA
2019-11-13,fgi_01,fundo_gap_inner,tanzania,acanthuridae,ctenochaetus_truncatus,#error!,2,6,11,13,NA,NA,NA,NA
2019-11-13,fgi_01,fundo_gap_inner,tanzania,acanthuridae,zebrasoma_scopas,#error!,2,3,11,13,NA,NA,NA,NA
2019-11-13,fgi_01,fundo_gap_inner,tanzania,acanthuridae,ctenochaetus_binotatus,#error!,2,2,11,13,NA,NA,NA,NA
2019-11-13,fgi_02,fundo_gap_inner,tanzania,acanthuridae,ctenochaetus_striatus,#error!,3,10,11,13,NA,NA,NA,NA
2019-11-13,fgi_02,fundo_gap_inner,tanzania,acanthuridae,zebrasoma_scopas,#error!,3,2,11,13,NA,NA,NA,NA
2019-11-13,fgi_02,fundo_gap_inner,tanzania,acanthuridae,ctenochaetus_binotatus,#error!,3,9,11,13,NA,NA,NA,NA
2019-11-13,fgi_02,fundo_gap_inner,tanzania,acanthuridae,acanthurus_nigrofuscus,#error!,4,2,11,13,NA,NA,NA,NA
2019-11-13,fgi_02,fundo_gap_inner,tanzania,acanthuridae,naso_thynnoides,#error!,4,8,21,23,NA,NA,NA,NA
2019-11-13,fgi_02,fundo_gap_inner,tanzania,acanthuridae,naso_thynnoides,#error!,4,10,16,18,NA,NA,NA,NA
2019-11-13,fgi_02,fundo_gap_inner,tanzania,acanthuridae,ctenochaetus_striatus,#error!,4,7,11,13,NA,NA,NA,NA
2019-11-13,fgi_02,fundo_gap_inner,tanzania,acanthuridae,zebrasoma_scopas,#error!,4,2,11,13,NA,NA,NA,NA
2019-11-13,fgi_02,fundo_gap_inner,tanzania,acanthuridae,ctenochaetus_binotatus,#error!,4,1,11,13,NA,NA,NA,NA
2019-11-14,fuo_01,fundo_outer,tanzania,acanthuridae,acanthurus_nigricaudus,#error!,1,4,21,23,NA,NA,NA,NA
2019-11-14,fuo_01,fundo_outer,tanzania,acanthuridae,acanthurus_nigrofuscus,#error!,1,3,11,13,NA,NA,NA,NA
2019-11-14,fuo_01,fundo_outer,tanzania,acanthuridae,acanthurus_thompsoni,#error!,1,1,16,18,NA,NA,NA,NA
2019-11-14,fuo_01,fundo_outer,tanzania,acanthuridae,naso_thynnoides,#error!,1,12,16,18,NA,NA,NA,NA
2019-11-14,fuo_01,fundo_outer,tanzania,acanthuridae,naso_thynnoides,#error!,1,7,21,23,NA,NA,NA,NA
2019-11-14,fuo_01,fundo_outer,tanzania,acanthuridae,ctenochaetus_striatus,#error!,1,11,11,13,NA,NA,NA,NA
2019-11-14,fuo_01,fundo_outer,tanzania,acanthuridae,ctenochaetus_truncatus,#error!,1,7,11,13,NA,NA,NA,NA
2019-11-14,fuo_01,fundo_outer,tanzania,acanthuridae,zebrasoma_scopas,#error!,1,11,11,13,NA,NA,NA,NA
2019-11-14,fuo_01,fundo_outer,tanzania,acanthuridae,acanthurus_nigricaudus,#error!,2,1,21,23,NA,NA,NA,NA
2019-11-14,fuo_01,fundo_outer,tanzania,acanthuridae,acanthurus_nigrofuscus,#error!,2,3,11,13,NA,NA,NA,NA
2019-11-14,fuo_01,fundo_outer,tanzania,acanthuridae,acanthurus_tennentii,#error!,2,2,21,23,NA,NA,NA,NA
2019-11-14,fuo_01,fundo_outer,tanzania,acanthuridae,acanthurus_tennentii,#error!,2,1,16,18,NA,NA,NA,NA
2019-11-14,fuo_01,fundo_outer,tanzania,acanthuridae,acanthurus_thompsoni,#error!,2,2,16,18,NA,NA,NA,NA
2019-11-14,fuo_01,fundo_outer,tanzania,acanthuridae,acanthurus_thompsoni,#error!,2,2,11,13,NA,NA,NA,NA
2019-11-14,fuo_01,fundo_outer,tanzania,acanthuridae,naso_thynnoides,#error!,2,14,16,18,NA,NA,NA,NA
2019-11-14,fuo_01,fundo_outer,tanzania,acanthuridae,ctenochaetus_striatus,#error!,2,11,11,13,NA,NA,NA,NA
2019-11-14,fuo_01,fundo_outer,tanzania,acanthuridae,zebrasoma_scopas,#error!,2,5,11,13,NA,NA,NA,NA
2019-11-14,fuo_01,fundo_outer,tanzania,acanthuridae,acanthurus_nigricaudus,#error!,3,1,16,18,NA,NA,NA,NA
2019-11-14,fuo_01,fundo_outer,tanzania,acanthuridae,acanthurus_nigrofuscus,#error!,3,4,11,13,NA,NA,NA,NA
2019-11-14,fuo_01,fundo_outer,tanzania,acanthuridae,ctenochaetus_striatus,#error!,3,13,11,13,NA,NA,NA,NA
2019-11-14,fuo_01,fundo_outer,tanzania,acanthuridae,ctenochaetus_truncatus,#error!,3,4,11,13,NA,NA,NA,NA
2019-11-14,fuo_01,fundo_outer,tanzania,acanthuridae,zebrasoma_scopas,#error!,3,4,11,13,NA,NA,NA,NA
2019-11-14,fuo_02,fundo_outer,tanzania,acanthuridae,ctenochaetus_striatus,#error!,4,12,11,13,NA,NA,NA,NA
2019-11-14,fuo_02,fundo_outer,tanzania,acanthuridae,ctenochaetus_truncatus,#error!,4,20,11,13,NA,NA,NA,NA
2019-11-14,fuo_02,fundo_outer,tanzania,acanthuridae,zebrasoma_scopas,#error!,4,13,11,13,NA,NA,NA,NA
2019-11-14,fuo_02,fundo_outer,tanzania,acanthuridae,acanthurus_nigricaudus,#error!,5,4,21,23,NA,NA,NA,NA
2019-11-14,fuo_02,fundo_outer,tanzania,acanthuridae,acanthurus_nigrofuscus,#error!,5,1,11,13,NA,NA,NA,NA
2019-11-14,fuo_02,fundo_outer,tanzania,acanthuridae,acanthurus_thompsoni,#error!,5,1,11,13,NA,NA,NA,NA
2019-11-14,fuo_02,fundo_outer,tanzania,acanthuridae,acanthurus_thompsoni,#error!,5,4,16,18,NA,NA,NA,NA
2019-11-14,fuo_02,fundo_outer,tanzania,acanthuridae,naso_elegans,#error!,5,1,21,23,NA,NA,NA,NA
2019-11-14,fuo_02,fundo_outer,tanzania,acanthuridae,ctenochaetus_striatus,#error!,5,2,11,13,NA,NA,NA,NA
2019-11-14,fuo_02,fundo_outer,tanzania,acanthuridae,ctenochaetus_truncatus,#error!,5,16,11,13,NA,NA,NA,NA
2019-11-14,fuo_02,fundo_outer,tanzania,acanthuridae,zebrasoma_scopas,#error!,5,14,11,13,NA,NA,NA,NA
2022-09-16,ifou_01,ifoundihe_chamboini,comoros,acanthuridae,acanthurus_nigricaudus,#error!,1,3,31,33,NA,NA,NA,NA
2022-09-16,ifou_01,ifoundihe_chamboini,comoros,acanthuridae,acanthurus_nigrofuscus,#error!,1,13,11,13,NA,NA,NA,NA
2022-09-16,ifou_01,ifoundihe_chamboini,comoros,acanthuridae,naso_elegans,#error!,1,4,26,28,NA,NA,NA,NA
2022-09-16,ifou_01,ifoundihe_chamboini,comoros,acanthuridae,zebrasoma_scopas,#error!,1,4,11,13,NA,NA,NA,NA
2022-09-16,ifou_01,ifoundihe_chamboini,comoros,acanthuridae,paracanthurus_hepatus,#error!,1,12,6,8,NA,NA,NA,NA
2022-09-16,ifou_01,ifoundihe_chamboini,comoros,acanthuridae,acanthurus_tennentii,#error!,1,1,26,28,NA,NA,NA,NA
2022-09-16,ifou_01,ifoundihe_chamboini,comoros,acanthuridae,zebrasoma_desjardinii,#error!,1,5,31,33,NA,NA,NA,NA
2022-09-16,ifou_01,ifoundihe_chamboini,comoros,acanthuridae,acanthurus_nigricaudus,#error!,2,2,16,18,NA,NA,NA,NA
2022-09-16,ifou_01,ifoundihe_chamboini,comoros,acanthuridae,acanthurus_nigrofuscus,#error!,2,17,11,13,NA,NA,NA,NA
2022-09-16,ifou_01,ifoundihe_chamboini,comoros,acanthuridae,acanthurus_nigrofuscus,#error!,2,10,16,18,NA,NA,NA,NA
2022-09-16,ifou_01,ifoundihe_chamboini,comoros,acanthuridae,acanthurus_thompsoni,#error!,2,5,16,18,NA,NA,NA,NA
2022-09-16,ifou_01,ifoundihe_chamboini,comoros,acanthuridae,acanthurus_tristis,#error!,2,2,11,13,NA,NA,NA,NA
2022-09-16,ifou_01,ifoundihe_chamboini,comoros,acanthuridae,naso_elegans,#error!,2,2,26,28,NA,NA,NA,NA
2022-09-16,ifou_01,ifoundihe_chamboini,comoros,acanthuridae,zebrasoma_scopas,#error!,2,2,11,13,NA,NA,NA,NA
2022-09-16,ifou_01,ifoundihe_chamboini,comoros,acanthuridae,paracanthurus_hepatus,#error!,2,2,21,23,NA,NA,NA,NA
2022-09-16,ifou_01,ifoundihe_chamboini,comoros,acanthuridae,zebrasoma_desjardinii,#error!,2,3,31,33,NA,NA,NA,NA
2022-09-17,ifou_02,ifoundihe_chamboini,comoros,acanthuridae,acanthurus_nigrofuscus,#error!,3,26,11,13,NA,NA,NA,NA
2022-09-17,ifou_02,ifoundihe_chamboini,comoros,acanthuridae,naso_elegans,#error!,3,1,26,28,NA,NA,NA,NA
2022-09-17,ifou_02,ifoundihe_chamboini,comoros,acanthuridae,acanthurus_nigrofuscus,#error!,4,39,11,13,NA,NA,NA,NA
2022-09-17,ifou_02,ifoundihe_chamboini,comoros,acanthuridae,ctenochaetus_binotatus,#error!,4,3,11,13,NA,NA,NA,NA
2022-09-17,ifou_02,ifoundihe_chamboini,comoros,acanthuridae,naso_elegans,#error!,4,3,26,28,NA,NA,NA,NA
2022-09-17,ifou_02,ifoundihe_chamboini,comoros,acanthuridae,acanthurus_nigrofuscus,#error!,5,52,11,13,NA,NA,NA,NA
2022-09-17,ifou_02,ifoundihe_chamboini,comoros,acanthuridae,acanthurus_leucosternon,#error!,5,1,21,23,NA,NA,NA,NA
2022-09-17,ifou_02,ifoundihe_chamboini,comoros,acanthuridae,naso_elegans,#error!,5,5,26,28,NA,NA,NA,NA
2022-09-17,ifou_02,ifoundihe_chamboini,comoros,acanthuridae,zebrasoma_scopas,#error!,5,6,11,13,NA,NA,NA,NA
2022-09-17,ifou_02,ifoundihe_chamboini,comoros,acanthuridae,paracanthurus_hepatus,#error!,5,21,6,8,NA,NA,NA,NA
2022-09-15,itso_01,itsoundzou,comoros,acanthuridae,acanthurus_nigrofuscus,#error!,1,3,11,13,NA,NA,NA,NA
2022-09-15,itso_01,itsoundzou,comoros,acanthuridae,acanthurus_leucosternon,#error!,1,2,16,18,NA,NA,NA,NA
2022-09-15,itso_01,itsoundzou,comoros,acanthuridae,acanthurus_thompsoni,#error!,1,16,16,18,NA,NA,NA,NA
2022-09-15,itso_01,itsoundzou,comoros,acanthuridae,naso_brevirostris,#error!,1,4,21,23,NA,NA,NA,NA
2022-09-15,itso_01,itsoundzou,comoros,acanthuridae,naso_elegans,#error!,1,2,26,28,NA,NA,NA,NA
2022-09-15,itso_01,itsoundzou,comoros,acanthuridae,ctenochaetus_truncatus,#error!,1,9,11,13,NA,NA,NA,NA
2022-09-15,itso_01,itsoundzou,comoros,acanthuridae,zebrasoma_scopas,#error!,1,4,11,13,NA,NA,NA,NA
2022-09-15,itso_01,itsoundzou,comoros,acanthuridae,acanthurus_nigrofuscus,#error!,2,10,16,18,NA,NA,NA,NA
2022-09-15,itso_01,itsoundzou,comoros,acanthuridae,acanthurus_nigrofuscus,#error!,2,12,11,13,NA,NA,NA,NA
2022-09-15,itso_01,itsoundzou,comoros,acanthuridae,acanthurus_leucosternon,#error!,2,2,11,13,NA,NA,NA,NA
2022-09-15,itso_01,itsoundzou,comoros,acanthuridae,acanthurus_leucosternon,#error!,2,8,16,18,NA,NA,NA,NA
2022-09-15,itso_01,itsoundzou,comoros,acanthuridae,acanthurus_leucosternon,#error!,2,7,21,23,NA,NA,NA,NA
2022-09-15,itso_01,itsoundzou,comoros,acanthuridae,acanthurus_thompsoni,#error!,2,3,16,18,NA,NA,NA,NA
2022-09-15,itso_01,itsoundzou,comoros,acanthuridae,naso_brevirostris,#error!,2,1,21,23,NA,NA,NA,NA
2022-09-15,itso_01,itsoundzou,comoros,acanthuridae,naso_elegans,#error!,2,5,26,28,NA,NA,NA,NA
2022-09-15,itso_01,itsoundzou,comoros,acanthuridae,ctenochaetus_truncatus,#error!,2,9,11,13,NA,NA,NA,NA
2022-09-15,itso_01,itsoundzou,comoros,acanthuridae,zebrasoma_scopas,#error!,2,8,11,13,NA,NA,NA,NA
2022-09-16,itso_02,itsoundzou,comoros,acanthuridae,acanthurus_nigrofuscus,#error!,3,18,11,13,NA,NA,NA,NA
2022-09-16,itso_02,itsoundzou,comoros,acanthuridae,acanthurus_leucosternon,#error!,3,6,16,18,NA,NA,NA,NA
2022-09-16,itso_02,itsoundzou,comoros,acanthuridae,acanthurus_thompsoni,#error!,3,5,16,18,NA,NA,NA,NA
2022-09-16,itso_02,itsoundzou,comoros,acanthuridae,naso_brevirostris,#error!,3,23,26,28,NA,NA,NA,NA
2022-09-16,itso_02,itsoundzou,comoros,acanthuridae,naso_elegans,#error!,3,3,26,28,NA,NA,NA,NA
2022-09-16,itso_02,itsoundzou,comoros,acanthuridae,ctenochaetus_truncatus,#error!,3,8,11,13,NA,NA,NA,NA
2022-09-16,itso_02,itsoundzou,comoros,acanthuridae,zebrasoma_scopas,#error!,3,7,11,13,NA,NA,NA,NA
2022-09-16,itso_02,itsoundzou,comoros,acanthuridae,naso_hexacanthus,#error!,3,6,36,38,NA,NA,NA,NA
2022-09-16,itso_02,itsoundzou,comoros,acanthuridae,acanthurus_nigrofuscus,#error!,4,10,16,18,NA,NA,NA,NA
2022-09-16,itso_02,itsoundzou,comoros,acanthuridae,acanthurus_leucosternon,#error!,4,2,11,13,NA,NA,NA,NA
2022-09-16,itso_02,itsoundzou,comoros,acanthuridae,acanthurus_leucosternon,#error!,4,4,16,18,NA,NA,NA,NA
2022-09-16,itso_02,itsoundzou,comoros,acanthuridae,naso_elegans,#error!,4,1,11,13,NA,NA,NA,NA
2022-09-16,itso_02,itsoundzou,comoros,acanthuridae,ctenochaetus_truncatus,#error!,4,3,11,13,NA,NA,NA,NA
2022-09-16,itso_02,itsoundzou,comoros,acanthuridae,zebrasoma_scopas,#error!,4,6,11,13,NA,NA,NA,NA
2022-09-07,ivoi_01,ivoini,comoros,acanthuridae,acanthurus_nigricaudus,#error!,1,3,16,18,NA,NA,NA,NA
2022-09-07,ivoi_01,ivoini,comoros,acanthuridae,acanthurus_nigrofuscus,#error!,1,10,11,13,NA,NA,NA,NA
2022-09-07,ivoi_01,ivoini,comoros,acanthuridae,acanthurus_nigrofuscus,#error!,1,15,16,18,NA,NA,NA,NA
2022-09-07,ivoi_01,ivoini,comoros,acanthuridae,acanthurus_leucosternon,#error!,1,2,11,13,NA,NA,NA,NA
2022-09-07,ivoi_01,ivoini,comoros,acanthuridae,acanthurus_leucosternon,#error!,1,1,16,18,NA,NA,NA,NA
2022-09-07,ivoi_01,ivoini,comoros,acanthuridae,naso_elegans,#error!,1,1,26,28,NA,NA,NA,NA
2022-09-07,ivoi_01,ivoini,comoros,acanthuridae,ctenochaetus_truncatus,#error!,1,3,11,13,NA,NA,NA,NA
2022-09-07,ivoi_01,ivoini,comoros,acanthuridae,zebrasoma_scopas,#error!,1,4,11,13,NA,NA,NA,NA
2022-09-07,ivoi_01,ivoini,comoros,acanthuridae,acanthurus_nigricaudus,#error!,2,6,16,18,NA,NA,NA,NA
2022-09-07,ivoi_01,ivoini,comoros,acanthuridae,acanthurus_nigrofuscus,#error!,2,12,11,13,NA,NA,NA,NA
2022-09-07,ivoi_01,ivoini,comoros,acanthuridae,acanthurus_leucosternon,#error!,2,15,16,18,NA,NA,NA,NA
2022-09-07,ivoi_01,ivoini,comoros,acanthuridae,ctenochaetus_truncatus,#error!,2,5,11,13,NA,NA,NA,NA
2022-09-07,ivoi_01,ivoini,comoros,acanthuridae,zebrasoma_scopas,#error!,2,2,11,13,NA,NA,NA,NA
2022-09-07,ivoi_02,ivoini,comoros,acanthuridae,acanthurus_nigricaudus,#error!,3,20,11,13,NA,NA,NA,NA
2022-09-07,ivoi_02,ivoini,comoros,acanthuridae,acanthurus_nigrofuscus,#error!,3,4,16,18,NA,NA,NA,NA
2022-09-07,ivoi_02,ivoini,comoros,acanthuridae,naso_elegans,#error!,3,2,16,18,NA,NA,NA,NA
2022-09-07,ivoi_02,ivoini,comoros,acanthuridae,naso_elegans,#error!,3,3,21,23,NA,NA,NA,NA
2022-09-07,ivoi_02,ivoini,comoros,acanthuridae,ctenochaetus_striatus,#error!,3,3,11,13,NA,NA,NA,NA
2022-09-07,ivoi_02,ivoini,comoros,acanthuridae,acanthurus_nigricaudus,#error!,4,27,11,13,NA,NA,NA,NA
2022-09-07,ivoi_02,ivoini,comoros,acanthuridae,acanthurus_nigrofuscus,#error!,4,2,11,13,NA,NA,NA,NA
2022-09-07,ivoi_02,ivoini,comoros,acanthuridae,acanthurus_nigrofuscus,#error!,4,5,16,18,NA,NA,NA,NA
2022-09-07,ivoi_02,ivoini,comoros,acanthuridae,ctenochaetus_truncatus,#error!,4,4,11,13,NA,NA,NA,NA
2022-09-07,ivoi_02,ivoini,comoros,acanthuridae,ctenochaetus_binotatus,#error!,4,3,11,13,NA,NA,NA,NA
2022-09-07,ivoi_02,ivoini,comoros,acanthuridae,acanthurus_nigricaudus,#error!,5,24,11,13,NA,NA,NA,NA
2022-09-07,ivoi_02,ivoini,comoros,acanthuridae,acanthurus_nigrofuscus,#error!,5,2,16,18,NA,NA,NA,NA
2022-09-07,ivoi_02,ivoini,comoros,acanthuridae,ctenochaetus_binotatus,#error!,5,1,11,13,NA,NA,NA,NA
2022-03-04,iwe_01,iweni,kenya,acanthuridae,acanthurus_triostegus,#error!,2,2,11,13,NA,NA,NA,NA
2022-03-04,iwe_01,iweni,kenya,acanthuridae,naso_thynnoides,#error!,2,1,11,13,NA,NA,NA,NA
2022-03-04,iwe_01,iweni,kenya,acanthuridae,acanthurus_blochii,#error!,3,4,21,23,NA,NA,NA,NA
2022-03-04,iwe_01,iweni,kenya,acanthuridae,acanthurus_blochii,#error!,4,4,21,23,NA,NA,NA,NA
2022-03-04,iwe_01,iweni,kenya,acanthuridae,acanthurus_leucosternon,#error!,4,1,16,18,NA,NA,NA,NA
2022-03-04,iwe_01,iweni,kenya,acanthuridae,acanthurus_triostegus,#error!,4,1,16,18,NA,NA,NA,NA
2022-03-04,iwe_01,iweni,kenya,acanthuridae,acanthurus_blochii,#error!,5,7,21,23,NA,NA,NA,NA
2022-03-04,iwe_01,iweni,kenya,acanthuridae,acanthurus_blochii,#error!,5,4,31,33,NA,NA,NA,NA
2022-03-04,iwe_01,iweni,kenya,acanthuridae,acanthurus_nigrofuscus,#error!,5,1,11,13,NA,NA,NA,NA
2021-03-29,jac_01,jacaranda,kenya,acanthuridae,acanthurus_blochii,#error!,1,2,26,28,NA,NA,NA,NA
2021-03-29,jac_01,jacaranda,kenya,acanthuridae,acanthurus_triostegus,#error!,1,18,11,13,NA,NA,NA,NA
2021-03-29,jac_01,jacaranda,kenya,acanthuridae,acanthurus_leucosternon,#error!,1,1,11,13,NA,NA,NA,NA
2021-03-29,jac_01,jacaranda,kenya,acanthuridae,acanthurus_lineatus,#error!,1,1,21,23,NA,NA,NA,NA
2021-03-29,jac_01,jacaranda,kenya,acanthuridae,acanthurus_tennentii,#error!,1,16,21,23,NA,NA,NA,NA
2021-03-29,jac_01,jacaranda,kenya,acanthuridae,naso_brevirostris_s,#error!,1,2,16,18,NA,NA,NA,NA
2021-03-29,jac_01,jacaranda,kenya,acanthuridae,naso_elegans,#error!,1,1,16,18,NA,NA,NA,NA
2021-03-29,jac_01,jacaranda,kenya,acanthuridae,ctenochaetus_binotatus,#error!,1,10,11,13,NA,NA,NA,NA
2021-03-29,jac_01,jacaranda,kenya,acanthuridae,acanthurus_blochii,#error!,2,2,11,13,NA,NA,NA,NA
2021-03-29,jac_01,jacaranda,kenya,acanthuridae,acanthurus_triostegus,#error!,2,8,11,13,NA,NA,NA,NA
2021-03-29,jac_01,jacaranda,kenya,acanthuridae,acanthurus_lineatus,#error!,2,1,16,18,NA,NA,NA,NA
2021-03-29,jac_01,jacaranda,kenya,acanthuridae,acanthurus_tennentii,#error!,2,1,11,13,NA,NA,NA,NA
2021-03-29,jac_01,jacaranda,kenya,acanthuridae,acanthurus_tennentii,#error!,2,4,26,28,NA,NA,NA,NA
2021-03-29,jac_01,jacaranda,kenya,acanthuridae,acanthurus_tennentii,#error!,2,5,21,23,NA,NA,NA,NA
2021-03-29,jac_01,jacaranda,kenya,acanthuridae,acanthurus_dussumieri,#error!,2,4,11,13,NA,NA,NA,NA
2021-03-29,jac_01,jacaranda,kenya,acanthuridae,naso_brevirostris_s,#error!,2,16,16,18,NA,NA,NA,NA
2021-03-29,jac_01,jacaranda,kenya,acanthuridae,naso_brevirostris_s,#error!,2,4,11,13,NA,NA,NA,NA
2021-03-29,jac_01,jacaranda,kenya,acanthuridae,ctenochaetus_striatus,#error!,2,2,11,13,NA,NA,NA,NA
2021-03-29,jac_01,jacaranda,kenya,acanthuridae,ctenochaetus_binotatus,#error!,2,14,11,13,NA,NA,NA,NA
2021-03-29,jac_01,jacaranda,kenya,acanthuridae,acanthurus_blochii,#error!,3,2,11,13,NA,NA,NA,NA
2021-03-29,jac_01,jacaranda,kenya,acanthuridae,acanthurus_triostegus,#error!,3,24,11,13,NA,NA,NA,NA
2021-03-29,jac_01,jacaranda,kenya,acanthuridae,acanthurus_leucosternon,#error!,3,1,16,18,NA,NA,NA,NA
2021-03-29,jac_01,jacaranda,kenya,acanthuridae,acanthurus_leucosternon,#error!,3,4,11,13,NA,NA,NA,NA
2021-03-29,jac_01,jacaranda,kenya,acanthuridae,acanthurus_lineatus,#error!,3,2,16,18,NA,NA,NA,NA
2021-03-29,jac_01,jacaranda,kenya,acanthuridae,acanthurus_dussumieri,#error!,3,4,11,13,NA,NA,NA,NA
2021-03-29,jac_01,jacaranda,kenya,acanthuridae,naso_brevirostris_s,#error!,3,4,16,18,NA,NA,NA,NA
2021-03-29,jac_01,jacaranda,kenya,acanthuridae,ctenochaetus_binotatus,#error!,3,9,11,13,NA,NA,NA,NA
2021-03-29,jac_02,jacaranda,kenya,acanthuridae,acanthurus_blochii,#error!,4,1,16,18,NA,NA,NA,NA
2021-03-29,jac_02,jacaranda,kenya,acanthuridae,acanthurus_blochii,#error!,4,1,11,13,NA,NA,NA,NA
2021-03-29,jac_02,jacaranda,kenya,acanthuridae,acanthurus_triostegus,#error!,4,30,11,13,NA,NA,NA,NA
2021-03-29,jac_02,jacaranda,kenya,acanthuridae,acanthurus_tennentii,#error!,4,6,21,23,NA,NA,NA,NA
2021-03-29,jac_02,jacaranda,kenya,acanthuridae,acanthurus_tennentii,#error!,4,2,26,28,NA,NA,NA,NA
2021-03-29,jac_02,jacaranda,kenya,acanthuridae,acanthurus_tennentii,#error!,4,1,11,13,NA,NA,NA,NA
2021-03-29,jac_02,jacaranda,kenya,acanthuridae,ctenochaetus_striatus,#error!,4,2,11,13,NA,NA,NA,NA
2021-03-29,jac_02,jacaranda,kenya,acanthuridae,ctenochaetus_binotatus,#error!,4,7,11,13,NA,NA,NA,NA
2021-03-29,jac_02,jacaranda,kenya,acanthuridae,acanthurus_triostegus,#error!,5,12,11,13,NA,NA,NA,NA
2021-03-29,jac_02,jacaranda,kenya,acanthuridae,acanthurus_leucosternon,#error!,5,1,11,13,NA,NA,NA,NA
2021-03-29,jac_02,jacaranda,kenya,acanthuridae,ctenochaetus_striatus,#error!,5,2,11,13,NA,NA,NA,NA
2021-03-29,jac_02,jacaranda,kenya,acanthuridae,ctenochaetus_binotatus,#error!,5,2,11,13,NA,NA,NA,NA
2022-03-31,jmk_01,jamba_wa_kwale,kenya,acanthuridae,acanthurus_nigricaudus,#error!,1,6,31,33,NA,NA,NA,NA
2022-03-31,jmk_01,jamba_wa_kwale,kenya,acanthuridae,acanthurus_nigrofuscus,#error!,1,4,11,13,NA,NA,NA,NA
2022-03-31,jmk_01,jamba_wa_kwale,kenya,acanthuridae,acanthurus_leucosternon,#error!,1,2,21,23,NA,NA,NA,NA
2022-03-31,jmk_01,jamba_wa_kwale,kenya,acanthuridae,acanthurus_leucosternon,#error!,1,1,16,18,NA,NA,NA,NA
2022-03-31,jmk_01,jamba_wa_kwale,kenya,acanthuridae,ctenochaetus_striatus,#error!,1,2,11,13,NA,NA,NA,NA
2022-03-31,jmk_01,jamba_wa_kwale,kenya,acanthuridae,acanthurus_nigricaudus,#error!,2,3,31,33,NA,NA,NA,NA
2022-03-31,jmk_01,jamba_wa_kwale,kenya,acanthuridae,acanthurus_nigrofuscus,#error!,2,8,11,13,NA,NA,NA,NA
2022-03-31,jmk_01,jamba_wa_kwale,kenya,acanthuridae,acanthurus_leucosternon,#error!,2,4,16,18,NA,NA,NA,NA
2022-03-31,jmk_01,jamba_wa_kwale,kenya,acanthuridae,ctenochaetus_binotatus,#error!,2,1,11,13,NA,NA,NA,NA
2022-03-31,jmk_01,jamba_wa_kwale,kenya,acanthuridae,ctenochaetus_truncatus,#error!,2,4,11,13,NA,NA,NA,NA
2022-03-31,jmk_01,jamba_wa_kwale,kenya,acanthuridae,zebrasoma_scopas,#error!,2,2,11,13,NA,NA,NA,NA
2022-03-31,jmk_01,jamba_wa_kwale,kenya,acanthuridae,acanthurus_nigricaudus,#error!,3,4,31,33,NA,NA,NA,NA
2022-03-31,jmk_01,jamba_wa_kwale,kenya,acanthuridae,acanthurus_nigrofuscus,#error!,3,12,11,13,NA,NA,NA,NA
2022-03-31,jmk_01,jamba_wa_kwale,kenya,acanthuridae,acanthurus_leucosternon,#error!,3,1,16,18,NA,NA,NA,NA
2022-03-31,jmk_01,jamba_wa_kwale,kenya,acanthuridae,acanthurus_leucosternon,#error!,3,1,11,13,NA,NA,NA,NA
2022-03-31,jmk_02,jamba_wa_kwale,kenya,acanthuridae,acanthurus_nigrofuscus,#error!,4,6,11,13,NA,NA,NA,NA
2022-03-31,jmk_02,jamba_wa_kwale,kenya,acanthuridae,ctenochaetus_striatus,#error!,4,1,11,13,NA,NA,NA,NA
2022-03-31,jmk_02,jamba_wa_kwale,kenya,acanthuridae,acanthurus_nigrofuscus,#error!,5,3,11,13,NA,NA,NA,NA
2022-03-31,jmk_02,jamba_wa_kwale,kenya,acanthuridae,acanthurus_leucosternon,#error!,5,2,16,18,NA,NA,NA,NA
2022-03-31,jmk_02,jamba_wa_kwale,kenya,acanthuridae,acanthurus_leucosternon,#error!,5,1,21,23,NA,NA,NA,NA
2022-03-31,jmk_02,jamba_wa_kwale,kenya,acanthuridae,acanthurus_tennentii,#error!,5,1,31,33,NA,NA,NA,NA
2022-03-31,jmk_02,jamba_wa_kwale,kenya,acanthuridae,ctenochaetus_striatus,#error!,5,1,11,13,NA,NA,NA,NA
2022-03-31,jmk_02,jamba_wa_kwale,kenya,acanthuridae,ctenochaetus_truncatus,#error!,5,2,11,13,NA,NA,NA,NA
2023-02-11,jmi_01,jumba_idodi,kenya,acanthuridae,acanthurus_triostegus,#error!,1,2,11,13,NA,NA,NA,NA
2023-02-11,jmi_01,jumba_idodi,kenya,acanthuridae,acanthurus_nigricaudus,#error!,2,3,21,23,NA,NA,NA,NA
2023-02-11,jmi_01,jumba_idodi,kenya,acanthuridae,acanthurus_nigricaudus,#error!,2,1,11,13,NA,NA,NA,NA
2022-10-25,jbr_01,jumbo_ruins,kenya,acanthuridae,acanthurus_dussumieri,#error!,1,1,31,33,NA,NA,NA,NA
2022-10-25,jbr_01,jumbo_ruins,kenya,acanthuridae,acanthurus_dussumieri,#error!,1,1,21,23,NA,NA,NA,NA
2022-10-25,jbr_01,jumbo_ruins,kenya,acanthuridae,acanthurus_nigrofuscus,#error!,1,3,11,13,NA,NA,NA,NA
2022-10-25,jbr_01,jumbo_ruins,kenya,acanthuridae,ctenochaetus_truncatus,#error!,1,5,11,13,NA,NA,NA,NA
2022-10-25,jbr_01,jumbo_ruins,kenya,acanthuridae,acanthurus_nigricaudus,#error!,2,1,21,23,NA,NA,NA,NA
2022-10-25,jbr_01,jumbo_ruins,kenya,acanthuridae,acanthurus_nigricaudus,#error!,2,1,16,18,NA,NA,NA,NA
2022-10-25,jbr_01,jumbo_ruins,kenya,acanthuridae,acanthurus_leucosternon,#error!,2,2,11,13,NA,NA,NA,NA
2022-10-25,jbr_01,jumbo_ruins,kenya,acanthuridae,acanthurus_leucosternon,#error!,2,2,16,18,NA,NA,NA,NA
2022-10-25,jbr_01,jumbo_ruins,kenya,acanthuridae,acanthurus_nigrofuscus,#error!,2,7,11,13,NA,NA,NA,NA
2022-10-25,jbr_01,jumbo_ruins,kenya,acanthuridae,ctenochaetus_truncatus,#error!,2,8,11,13,NA,NA,NA,NA
2022-10-25,jbr_01,jumbo_ruins,kenya,acanthuridae,acanthurus_leucosternon,#error!,3,1,11,13,NA,NA,NA,NA
2022-10-25,jbr_01,jumbo_ruins,kenya,acanthuridae,acanthurus_leucosternon,#error!,3,3,16,18,NA,NA,NA,NA
2022-10-25,jbr_01,jumbo_ruins,kenya,acanthuridae,acanthurus_leucosternon,#error!,3,3,21,23,NA,NA,NA,NA
2022-10-25,jbr_01,jumbo_ruins,kenya,acanthuridae,acanthurus_nigrofuscus,#error!,3,24,11,13,NA,NA,NA,NA
2022-10-25,jbr_01,jumbo_ruins,kenya,acanthuridae,ctenochaetus_truncatus,#error!,3,11,11,13,NA,NA,NA,NA
2022-10-25,jbr_02,jumbo_ruins,kenya,acanthuridae,acanthurus_nigricaudus,#error!,4,2,16,18,NA,NA,NA,NA
2022-10-25,jbr_02,jumbo_ruins,kenya,acanthuridae,acanthurus_nigrofuscus,#error!,4,7,11,13,NA,NA,NA,NA
2022-10-25,jbr_02,jumbo_ruins,kenya,acanthuridae,acanthurus_nigrofuscus,#error!,5,5,11,13,NA,NA,NA,NA
2022-10-25,jbr_02,jumbo_ruins,kenya,acanthuridae,acanthurus_leucosternon,#error!,5,2,11,13,NA,NA,NA,NA
2022-10-25,jbr_02,jumbo_ruins,kenya,acanthuridae,acanthurus_leucosternon,#error!,5,1,16,18,NA,NA,NA,NA
2022-10-25,jbr_02,jumbo_ruins,kenya,acanthuridae,acanthurus_leucosternon,#error!,5,2,21,23,NA,NA,NA,NA
2022-10-25,jbr_02,jumbo_ruins,kenya,acanthuridae,acanthurus_thompsoni,#error!,5,3,11,13,NA,NA,NA,NA
2022-10-25,jbr_02,jumbo_ruins,kenya,acanthuridae,ctenochaetus_truncatus,#error!,5,1,11,13,NA,NA,NA,NA
2023-02-18,kfc_01,kadhikia_fawachu,kenya,acanthuridae,ctenochaetus_striatus,#error!,2,3,11,13,NA,NA,NA,NA
2023-02-18,kfc_01,kadhikia_fawachu,kenya,acanthuridae,acanthurus_nigricaudus,#error!,3,5,21,23,NA,NA,NA,NA
2023-02-18,kfc_01,kadhikia_fawachu,kenya,acanthuridae,naso_hexacanthus,#error!,3,1,21,23,NA,NA,NA,NA
2023-02-18,kfc_01,kadhikia_fawachu,kenya,acanthuridae,ctenochaetus_truncatus,#error!,3,3,11,13,NA,NA,NA,NA
2023-03-24,kkr_01,kadhikia_kuru,kenya,acanthuridae,acanthurus_nigrofuscus,#error!,1,2,16,18,NA,NA,NA,NA
2023-03-24,kkr_01,kadhikia_kuru,kenya,acanthuridae,ctenochaetus_striatus,#error!,1,1,16,18,NA,NA,NA,NA
2023-03-24,kkr_01,kadhikia_kuru,kenya,acanthuridae,acanthurus_nigrofuscus,#error!,2,7,16,18,NA,NA,NA,NA
2023-03-24,kkr_01,kadhikia_kuru,kenya,acanthuridae,acanthurus_leucosternon,#error!,2,2,16,18,NA,NA,NA,NA
2023-03-24,kkr_01,kadhikia_kuru,kenya,acanthuridae,ctenochaetus_striatus,#error!,2,8,16,18,NA,NA,NA,NA
2023-03-24,kkr_01,kadhikia_kuru,kenya,acanthuridae,ctenochaetus_truncatus,#error!,2,2,11,13,NA,NA,NA,NA
2023-03-24,kkr_01,kadhikia_kuru,kenya,acanthuridae,acanthurus_lineatus,#error!,2,2,21,23,NA,NA,NA,NA
2023-03-24,kkr_01,kadhikia_kuru,kenya,acanthuridae,acanthurus_nigrofuscus,#error!,3,3,16,18,NA,NA,NA,NA
2023-03-24,kkr_01,kadhikia_kuru,kenya,acanthuridae,ctenochaetus_striatus,#error!,3,6,16,18,NA,NA,NA,NA
2022-02-04,kanz_01,kanzoni,comoros,acanthuridae,acanthurus_nigricaudus,#error!,1,1,16,18,NA,NA,NA,NA
2022-02-04,kanz_01,kanzoni,comoros,acanthuridae,naso_brevirostris,#error!,1,3,16,18,NA,NA,NA,NA
2022-02-04,kanz_01,kanzoni,comoros,acanthuridae,ctenochaetus_striatus,#error!,1,3,11,13,NA,NA,NA,NA
2022-02-04,kanz_01,kanzoni,comoros,acanthuridae,zebrasoma_scopas,#error!,1,3,11,13,NA,NA,NA,NA
2022-02-04,kanz_01,kanzoni,comoros,acanthuridae,acanthurus_nigrofuscus,#error!,2,2,11,13,NA,NA,NA,NA
2022-02-04,kanz_01,kanzoni,comoros,acanthuridae,acanthurus_nigricaudus,#error!,2,2,16,18,NA,NA,NA,NA
2022-02-04,kanz_01,kanzoni,comoros,acanthuridae,naso_elegans,#error!,2,1,21,23,NA,NA,NA,NA
2022-02-04,kanz_01,kanzoni,comoros,acanthuridae,ctenochaetus_striatus,#error!,2,10,11,13,NA,NA,NA,NA
2022-02-04,kanz_01,kanzoni,comoros,acanthuridae,zebrasoma_scopas,#error!,2,3,11,13,NA,NA,NA,NA
2022-02-04,kanz_01,kanzoni,comoros,acanthuridae,acanthurus_nigrofuscus,#error!,3,2,11,13,NA,NA,NA,NA
2022-02-04,kanz_01,kanzoni,comoros,acanthuridae,naso_elegans,#error!,3,3,21,23,NA,NA,NA,NA
2022-02-04,kanz_01,kanzoni,comoros,acanthuridae,naso_elegans,#error!,3,2,16,18,NA,NA,NA,NA
2022-02-04,kanz_01,kanzoni,comoros,acanthuridae,ctenochaetus_striatus,#error!,3,17,11,13,NA,NA,NA,NA
2022-02-04,kanz_01,kanzoni,comoros,acanthuridae,zebrasoma_scopas,#error!,3,11,11,13,NA,NA,NA,NA
2022-02-05,kanz_02,kanzoni,comoros,acanthuridae,acanthurus_nigricaudus,#error!,4,3,16,18,NA,NA,NA,NA
2022-02-05,kanz_02,kanzoni,comoros,acanthuridae,acanthurus_thompsoni,#error!,4,5,16,18,NA,NA,NA,NA
2022-02-05,kanz_02,kanzoni,comoros,acanthuridae,naso_elegans,#error!,4,1,21,23,NA,NA,NA,NA
2022-02-05,kanz_02,kanzoni,comoros,acanthuridae,ctenochaetus_striatus,#error!,4,5,11,13,NA,NA,NA,NA
2022-02-05,kanz_02,kanzoni,comoros,acanthuridae,ctenochaetus_truncatus,#error!,4,15,11,13,NA,NA,NA,NA
2022-02-05,kanz_02,kanzoni,comoros,acanthuridae,zebrasoma_scopas,#error!,4,4,11,13,NA,NA,NA,NA
2022-02-05,kanz_02,kanzoni,comoros,acanthuridae,acanthurus_nigrofuscus,#error!,5,5,11,13,NA,NA,NA,NA
2022-02-05,kanz_02,kanzoni,comoros,acanthuridae,acanthurus_thompsoni,#error!,5,3,11,13,NA,NA,NA,NA
2022-02-05,kanz_02,kanzoni,comoros,acanthuridae,naso_elegans,#error!,5,2,21,23,NA,NA,NA,NA
2022-02-05,kanz_02,kanzoni,comoros,acanthuridae,naso_elegans,#error!,5,1,16,18,NA,NA,NA,NA
2022-02-05,kanz_02,kanzoni,comoros,acanthuridae,ctenochaetus_striatus,#error!,5,45,11,13,NA,NA,NA,NA
2022-02-05,kanz_02,kanzoni,comoros,acanthuridae,zebrasoma_scopas,#error!,5,14,11,13,NA,NA,NA,NA
2022-02-05,kanz_02,kanzoni,comoros,acanthuridae,zebrasoma_desjardinii,#error!,5,1,11,13,NA,NA,NA,NA
2021-03-25,kas_01,kasa,kenya,acanthuridae,acanthurus_nigricaudus,#error!,1,4,21,23,NA,NA,NA,NA
2021-03-25,kas_01,kasa,kenya,acanthuridae,acanthurus_nigricaudus,#error!,1,1,16,18,NA,NA,NA,NA
2021-03-25,kas_01,kasa,kenya,acanthuridae,acanthurus_leucosternon,#error!,1,4,11,13,NA,NA,NA,NA
2021-03-25,kas_01,kasa,kenya,acanthuridae,acanthurus_tennentii,#error!,1,1,16,18,NA,NA,NA,NA
2021-03-25,kas_01,kasa,kenya,acanthuridae,naso_brevirostris_b,#error!,1,1,31,33,NA,NA,NA,NA
2021-03-25,kas_01,kasa,kenya,acanthuridae,ctenochaetus_striatus,#error!,1,19,11,13,NA,NA,NA,NA
2021-03-25,kas_01,kasa,kenya,acanthuridae,ctenochaetus_truncatus,#error!,1,3,11,13,NA,NA,NA,NA
2021-03-25,kas_01,kasa,kenya,acanthuridae,zebrasoma_scopas,#error!,1,6,11,13,NA,NA,NA,NA
2021-03-25,kas_01,kasa,kenya,acanthuridae,ctenochaetus_binotatus,#error!,1,2,11,13,NA,NA,NA,NA
2021-03-25,kas_01,kasa,kenya,acanthuridae,acanthurus_nigricaudus,#error!,2,1,16,18,NA,NA,NA,NA
2021-03-25,kas_01,kasa,kenya,acanthuridae,acanthurus_nigricaudus,#error!,2,4,21,23,NA,NA,NA,NA
2021-03-25,kas_01,kasa,kenya,acanthuridae,acanthurus_leucosternon,#error!,2,1,21,23,NA,NA,NA,NA
2021-03-25,kas_01,kasa,kenya,acanthuridae,acanthurus_leucosternon,#error!,2,2,16,18,NA,NA,NA,NA
2021-03-25,kas_01,kasa,kenya,acanthuridae,acanthurus_leucosternon,#error!,2,6,11,13,NA,NA,NA,NA
2021-03-25,kas_01,kasa,kenya,acanthuridae,naso_brevirostris_b,#error!,2,8,41,43,NA,NA,NA,NA
2021-03-25,kas_01,kasa,kenya,acanthuridae,naso_unicornis,#error!,2,2,31,33,NA,NA,NA,NA
2021-03-25,kas_01,kasa,kenya,acanthuridae,ctenochaetus_striatus,#error!,2,10,11,13,NA,NA,NA,NA
2021-03-25,kas_01,kasa,kenya,acanthuridae,zebrasoma_scopas,#error!,2,3,11,13,NA,NA,NA,NA
2021-03-25,kas_01,kasa,kenya,acanthuridae,ctenochaetus_binotatus,#error!,2,4,11,13,NA,NA,NA,NA
2021-03-25,kas_01,kasa,kenya,acanthuridae,acanthurus_blochii,#error!,3,1,31,33,NA,NA,NA,NA
2021-03-25,kas_01,kasa,kenya,acanthuridae,acanthurus_leucosternon,#error!,3,20,16,18,NA,NA,NA,NA
2021-03-25,kas_01,kasa,kenya,acanthuridae,acanthurus_leucosternon,#error!,3,3,11,13,NA,NA,NA,NA
2021-03-25,kas_01,kasa,kenya,acanthuridae,naso_brevirostris_b,#error!,3,6,26,28,NA,NA,NA,NA
2021-03-25,kas_01,kasa,kenya,acanthuridae,naso_elegans,#error!,3,1,26,28,NA,NA,NA,NA
2021-03-25,kas_01,kasa,kenya,acanthuridae,ctenochaetus_striatus,#error!,3,20,11,13,NA,NA,NA,NA
2021-03-25,kas_01,kasa,kenya,acanthuridae,ctenochaetus_truncatus,#error!,3,5,11,13,NA,NA,NA,NA
2021-03-25,kas_01,kasa,kenya,acanthuridae,zebrasoma_scopas,#error!,3,2,11,13,NA,NA,NA,NA
2021-03-25,kas_02,kasa,kenya,acanthuridae,acanthurus_blochii,#error!,4,3,26,28,NA,NA,NA,NA
2021-03-25,kas_02,kasa,kenya,acanthuridae,acanthurus_blochii,#error!,4,1,21,23,NA,NA,NA,NA
2021-03-25,kas_02,kasa,kenya,acanthuridae,acanthurus_blochii,#error!,4,3,31,33,NA,NA,NA,NA
2021-03-25,kas_02,kasa,kenya,acanthuridae,acanthurus_nigricaudus,#error!,4,1,11,13,NA,NA,NA,NA
2021-03-25,kas_02,kasa,kenya,acanthuridae,acanthurus_nigricaudus,#error!,4,1,16,18,NA,NA,NA,NA
2021-03-25,kas_02,kasa,kenya,acanthuridae,acanthurus_nigrofuscus,#error!,4,1,11,13,NA,NA,NA,NA
2021-03-25,kas_02,kasa,kenya,acanthuridae,acanthurus_leucosternon,#error!,4,1,11,13,NA,NA,NA,NA
2021-03-25,kas_02,kasa,kenya,acanthuridae,acanthurus_leucosternon,#error!,4,1,16,18,NA,NA,NA,NA
2021-03-25,kas_02,kasa,kenya,acanthuridae,naso_unicornis,#error!,4,1,41,43,NA,NA,NA,NA
2021-03-25,kas_02,kasa,kenya,acanthuridae,ctenochaetus_striatus,#error!,4,5,11,13,NA,NA,NA,NA
2021-03-25,kas_02,kasa,kenya,acanthuridae,ctenochaetus_truncatus,#error!,4,2,11,13,NA,NA,NA,NA
2021-03-25,kas_02,kasa,kenya,acanthuridae,zebrasoma_scopas,#error!,4,3,11,13,NA,NA,NA,NA
2021-03-25,kas_02,kasa,kenya,acanthuridae,zebrasoma_desjardinii,#error!,4,1,11,13,NA,NA,NA,NA
2021-03-25,kas_02,kasa,kenya,acanthuridae,acanthurus_blochii,#error!,5,2,31,33,NA,NA,NA,NA
2021-03-25,kas_02,kasa,kenya,acanthuridae,acanthurus_nigricaudus,#error!,5,1,21,23,NA,NA,NA,NA
2021-03-25,kas_02,kasa,kenya,acanthuridae,acanthurus_nigrofuscus,#error!,5,2,11,13,NA,NA,NA,NA
2021-03-25,kas_02,kasa,kenya,acanthuridae,acanthurus_leucosternon,#error!,5,4,11,13,NA,NA,NA,NA
2021-03-25,kas_02,kasa,kenya,acanthuridae,naso_hexacanthus_b,#error!,5,5,21,23,NA,NA,NA,NA
2021-03-25,kas_02,kasa,kenya,acanthuridae,naso_hexacanthus_b,#error!,5,10,16,18,NA,NA,NA,NA
2021-03-25,kas_02,kasa,kenya,acanthuridae,naso_thynnoides,#error!,5,10,21,23,NA,NA,NA,NA
2021-03-25,kas_02,kasa,kenya,acanthuridae,ctenochaetus_striatus,#error!,5,8,11,13,NA,NA,NA,NA
2021-03-25,kas_02,kasa,kenya,acanthuridae,ctenochaetus_truncatus,#error!,5,10,11,13,NA,NA,NA,NA
2021-11-18,ksm_01,kaya_similani,kenya,acanthuridae,acanthurus_nigrofuscus,#error!,1,1,11,13,NA,NA,NA,NA
2021-11-18,ksm_01,kaya_similani,kenya,acanthuridae,acanthurus_nigricaudus,#error!,1,1,11,13,NA,NA,NA,NA
2021-11-18,ksm_01,kaya_similani,kenya,acanthuridae,acanthurus_thompsoni,#error!,1,1,26,28,NA,NA,NA,NA
2021-11-18,ksm_01,kaya_similani,kenya,acanthuridae,naso_brachycentron,#error!,1,1,31,33,NA,NA,NA,NA
2021-11-18,ksm_01,kaya_similani,kenya,acanthuridae,ctenochaetus_striatus,#error!,1,20,11,13,NA,NA,NA,NA
2021-11-18,ksm_01,kaya_similani,kenya,acanthuridae,ctenochaetus_truncatus,#error!,1,15,11,13,NA,NA,NA,NA
2022-11-16,kif_01,kifinge,tanzania,acanthuridae,acanthurus_leucosternon,#error!,1,1,11,13,NA,NA,NA,NA
2022-11-16,kif_01,kifinge,tanzania,acanthuridae,acanthurus_nigrofuscus,#error!,1,14,11,13,NA,NA,NA,NA
2022-11-16,kif_01,kifinge,tanzania,acanthuridae,ctenochaetus_truncatus,#error!,1,12,11,13,NA,NA,NA,NA
2022-11-16,kif_01,kifinge,tanzania,acanthuridae,zebrasoma_scopas,#error!,1,1,11,13,NA,NA,NA,NA
2022-11-16,kif_01,kifinge,tanzania,acanthuridae,acanthurus_nigricaudus,#error!,2,1,11,13,NA,NA,NA,NA
2022-11-16,kif_01,kifinge,tanzania,acanthuridae,acanthurus_nigrofuscus,#error!,2,9,11,13,NA,NA,NA,NA
2022-11-16,kif_01,kifinge,tanzania,acanthuridae,ctenochaetus_truncatus,#error!,2,24,11,13,NA,NA,NA,NA
2022-11-16,kif_01,kifinge,tanzania,acanthuridae,acanthurus_leucosternon,#error!,2,1,11,13,NA,NA,NA,NA
2022-11-16,kif_01,kifinge,tanzania,acanthuridae,acanthurus_leucosternon,#error!,3,2,11,13,NA,NA,NA,NA
2022-11-16,kif_01,kifinge,tanzania,acanthuridae,acanthurus_lineatus,#error!,3,1,16,18,NA,NA,NA,NA
2022-11-16,kif_01,kifinge,tanzania,acanthuridae,acanthurus_nigrofuscus,#error!,3,19,11,13,NA,NA,NA,NA
2022-11-16,kif_01,kifinge,tanzania,acanthuridae,naso_brevirostris,#error!,3,10,21,23,NA,NA,NA,NA
2022-11-16,kif_01,kifinge,tanzania,acanthuridae,naso_brevirostris,#error!,3,8,26,28,NA,NA,NA,NA
2022-11-16,kif_01,kifinge,tanzania,acanthuridae,naso_elegans,#error!,3,2,31,33,NA,NA,NA,NA
2022-11-16,kif_01,kifinge,tanzania,acanthuridae,ctenochaetus_truncatus,#error!,3,21,11,13,NA,NA,NA,NA
2022-11-16,kif_02,kifinge,tanzania,acanthuridae,acanthurus_nigrofuscus,#error!,4,8,11,13,NA,NA,NA,NA
2022-11-16,kif_02,kifinge,tanzania,acanthuridae,ctenochaetus_truncatus,#error!,4,12,11,13,NA,NA,NA,NA
2022-11-16,kif_02,kifinge,tanzania,acanthuridae,zebrasoma_scopas,#error!,4,5,11,13,NA,NA,NA,NA
2022-11-16,kif_02,kifinge,tanzania,acanthuridae,acanthurus_nigricaudus,#error!,5,1,11,13,NA,NA,NA,NA
2022-11-16,kif_02,kifinge,tanzania,acanthuridae,acanthurus_thompsoni,#error!,5,1,16,18,NA,NA,NA,NA
2022-11-16,kif_02,kifinge,tanzania,acanthuridae,acanthurus_nigrofuscus,#error!,5,7,11,13,NA,NA,NA,NA
2022-11-16,kif_02,kifinge,tanzania,acanthuridae,naso_brevirostris,#error!,5,1,31,33,NA,NA,NA,NA
2022-11-16,kif_02,kifinge,tanzania,acanthuridae,ctenochaetus_truncatus,#error!,5,8,11,13,NA,NA,NA,NA
2021-11-21,kkd_01,kikadini,kenya,acanthuridae,acanthurus_nigrofuscus,#error!,1,1,11,13,NA,NA,NA,NA
2021-11-21,kkd_01,kikadini,kenya,acanthuridae,ctenochaetus_striatus,#error!,1,12,11,13,NA,NA,NA,NA
2021-11-21,kkd_01,kikadini,kenya,acanthuridae,ctenochaetus_binotatus,#error!,1,4,11,13,NA,NA,NA,NA
2021-11-21,kkd_01,kikadini,kenya,acanthuridae,ctenochaetus_truncatus,#error!,1,2,11,13,NA,NA,NA,NA
2021-11-21,kkd_01,kikadini,kenya,acanthuridae,acanthurus_nigrofuscus,#error!,2,4,11,13,NA,NA,NA,NA
2021-11-21,kkd_01,kikadini,kenya,acanthuridae,ctenochaetus_striatus,#error!,2,12,11,13,NA,NA,NA,NA
2021-11-21,kkd_01,kikadini,kenya,acanthuridae,ctenochaetus_truncatus,#error!,2,2,11,13,NA,NA,NA,NA
2021-11-21,kkd_01,kikadini,kenya,acanthuridae,ctenochaetus_binotatus,#error!,2,2,11,13,NA,NA,NA,NA
2021-11-21,kkd_01,kikadini,kenya,acanthuridae,acanthurus_lineatus,#error!,3,1,16,18,NA,NA,NA,NA
2021-11-21,kkd_01,kikadini,kenya,acanthuridae,ctenochaetus_striatus,#error!,3,6,11,13,NA,NA,NA,NA
2021-11-21,kkd_01,kikadini,kenya,acanthuridae,ctenochaetus_binotatus,#error!,3,3,11,13,NA,NA,NA,NA
2021-11-21,kkd_02,kikadini,kenya,acanthuridae,acanthurus_nigrofuscus,#error!,4,5,11,13,NA,NA,NA,NA
2021-11-21,kkd_02,kikadini,kenya,acanthuridae,ctenochaetus_striatus,#error!,4,4,11,13,NA,NA,NA,NA
2021-11-21,kkd_02,kikadini,kenya,acanthuridae,ctenochaetus_striatus,#error!,5,3,11,13,NA,NA,NA,NA
2021-11-21,kkd_02,kikadini,kenya,acanthuridae,zebrasoma_scopas,#error!,5,1,11,13,NA,NA,NA,NA
2021-03-16,kiln_01,kilifi_north,kenya,acanthuridae,acanthurus_nigrofuscus,#error!,1,10,11,13,NA,NA,NA,NA
2021-03-16,kiln_01,kilifi_north,kenya,acanthuridae,ctenochaetus_truncatus,#error!,1,1,11,13,NA,NA,NA,NA
2021-03-16,kiln_01,kilifi_north,kenya,acanthuridae,ctenochaetus_binotatus,#error!,1,6,11,13,NA,NA,NA,NA
2021-03-16,kiln_01,kilifi_north,kenya,acanthuridae,acanthurus_leucosternon,#error!,2,1,11,13,NA,NA,NA,NA
2021-03-16,kiln_01,kilifi_north,kenya,acanthuridae,acanthurus_nigrofuscus,#error!,2,4,11,13,NA,NA,NA,NA
2021-03-16,kiln_01,kilifi_north,kenya,acanthuridae,naso_thynnoides,#error!,2,3,16,18,NA,NA,NA,NA
2021-03-16,kiln_01,kilifi_north,kenya,acanthuridae,naso_thynnoides,#error!,2,5,11,13,NA,NA,NA,NA
2021-03-16,kiln_01,kilifi_north,kenya,acanthuridae,zebrasoma_scopas,#error!,2,3,11,13,NA,NA,NA,NA
2021-03-16,kiln_01,kilifi_north,kenya,acanthuridae,acanthurus_leucosternon,#error!,3,2,11,13,NA,NA,NA,NA
2021-03-16,kiln_01,kilifi_north,kenya,acanthuridae,acanthurus_nigrofuscus,#error!,3,5,11,13,NA,NA,NA,NA
2021-03-16,kiln_01,kilifi_north,kenya,acanthuridae,naso_brevirostris_s,#error!,3,2,21,23,NA,NA,NA,NA
2021-03-16,kiln_01,kilifi_north,kenya,acanthuridae,naso_elegans,#error!,3,2,21,23,NA,NA,NA,NA
2021-03-16,kiln_01,kilifi_north,kenya,acanthuridae,naso_thynnoides,#error!,3,30,16,18,NA,NA,NA,NA
2021-03-16,kiln_01,kilifi_north,kenya,acanthuridae,naso_thynnoides,#error!,3,10,11,13,NA,NA,NA,NA
2021-03-16,kiln_01,kilifi_north,kenya,acanthuridae,naso_thynnoides,#error!,3,6,21,23,NA,NA,NA,NA
2021-03-16,kiln_01,kilifi_north,kenya,acanthuridae,ctenochaetus_striatus,#error!,3,1,11,13,NA,NA,NA,NA
2021-03-16,kiln_01,kilifi_north,kenya,acanthuridae,ctenochaetus_truncatus,#error!,3,7,11,13,NA,NA,NA,NA
2021-03-16,kiln_01,kilifi_north,kenya,acanthuridae,ctenochaetus_binotatus,#error!,3,3,11,13,NA,NA,NA,NA
2021-03-16,kiln_02,kilifi_north,kenya,acanthuridae,acanthurus_nigrofuscus,#error!,4,14,11,13,NA,NA,NA,NA
2021-03-16,kiln_02,kilifi_north,kenya,acanthuridae,ctenochaetus_binotatus,#error!,4,2,11,13,NA,NA,NA,NA
2021-03-16,kiln_02,kilifi_north,kenya,acanthuridae,acanthurus_nigrofuscus,#error!,5,8,11,13,NA,NA,NA,NA
2021-03-16,kiln_02,kilifi_north,kenya,acanthuridae,ctenochaetus_binotatus,#error!,5,4,11,13,NA,NA,NA,NA
2022-03-30,klg_01,kilingoni,kenya,acanthuridae,acanthurus_nigricaudus,#error!,1,1,21,23,NA,NA,NA,NA
2022-03-30,klg_01,kilingoni,kenya,acanthuridae,ctenochaetus_striatus,#error!,1,5,11,13,NA,NA,NA,NA
2022-03-30,klg_01,kilingoni,kenya,acanthuridae,ctenochaetus_striatus,#error!,2,45,11,13,NA,NA,NA,NA
2022-03-30,klg_01,kilingoni,kenya,acanthuridae,ctenochaetus_truncatus,#error!,2,5,11,13,NA,NA,NA,NA
2022-03-30,klg_01,kilingoni,kenya,acanthuridae,acanthurus_nigricaudus,#error!,3,4,26,28,NA,NA,NA,NA
2022-03-30,klg_01,kilingoni,kenya,acanthuridae,acanthurus_leucosternon,#error!,3,2,16,18,NA,NA,NA,NA
2022-03-30,klg_01,kilingoni,kenya,acanthuridae,ctenochaetus_striatus,#error!,3,35,11,13,NA,NA,NA,NA
2022-03-30,klg_01,kilingoni,kenya,acanthuridae,ctenochaetus_truncatus,#error!,3,4,11,13,NA,NA,NA,NA
2022-03-30,klg_01,kilingoni,kenya,acanthuridae,zebrasoma_scopas,#error!,3,2,11,13,NA,NA,NA,NA
2022-03-30,klg_01,kilingoni,kenya,acanthuridae,ctenochaetus_binotatus,#error!,3,3,11,13,NA,NA,NA,NA
2022-03-30,klg_01,kilingoni,kenya,acanthuridae,acanthurus_blochii,#error!,4,4,21,23,NA,NA,NA,NA
2022-03-30,klg_01,kilingoni,kenya,acanthuridae,acanthurus_triostegus,#error!,4,12,11,13,NA,NA,NA,NA
2022-03-30,klg_01,kilingoni,kenya,acanthuridae,ctenochaetus_striatus,#error!,4,15,11,13,NA,NA,NA,NA
2022-03-30,klg_01,kilingoni,kenya,acanthuridae,ctenochaetus_truncatus,#error!,4,11,11,13,NA,NA,NA,NA
2022-03-30,klg_01,kilingoni,kenya,acanthuridae,ctenochaetus_binotatus,#error!,4,5,11,13,NA,NA,NA,NA
2021-11-20,kmo_01,kinondo_makonde,kenya,acanthuridae,ctenochaetus_striatus,#error!,1,5,11,13,NA,NA,NA,NA
2021-11-20,kmo_01,kinondo_makonde,kenya,acanthuridae,zebrasoma_scopas,#error!,1,4,11,13,NA,NA,NA,NA
2021-11-20,kmo_01,kinondo_makonde,kenya,acanthuridae,acanthurus_nigrofuscus,#error!,2,1,11,13,NA,NA,NA,NA
2021-11-20,kmo_01,kinondo_makonde,kenya,acanthuridae,ctenochaetus_striatus,#error!,2,8,11,13,NA,NA,NA,NA
2021-11-20,kmo_01,kinondo_makonde,kenya,acanthuridae,acanthurus_nigrofuscus,#error!,3,2,11,13,NA,NA,NA,NA
2021-11-20,kmo_01,kinondo_makonde,kenya,acanthuridae,acanthurus_leucosternon,#error!,3,4,16,18,NA,NA,NA,NA
2021-11-20,kmo_01,kinondo_makonde,kenya,acanthuridae,acanthurus_leucosternon,#error!,3,1,11,13,NA,NA,NA,NA
2021-11-20,kmo_01,kinondo_makonde,kenya,acanthuridae,ctenochaetus_striatus,#error!,3,10,11,13,NA,NA,NA,NA
2021-11-20,kmo_01,kinondo_makonde,kenya,acanthuridae,ctenochaetus_binotatus,#error!,3,2,11,13,NA,NA,NA,NA
2021-11-20,kmo_01,kinondo_makonde,kenya,acanthuridae,zebrasoma_scopas,#error!,3,2,11,13,NA,NA,NA,NA
2021-11-20,kmo_02,kinondo_makonde,kenya,acanthuridae,naso_elegans,#error!,4,1,26,28,NA,NA,NA,NA
2021-11-20,kmo_02,kinondo_makonde,kenya,acanthuridae,centropyge_multispinis,#error!,4,6,6,8,NA,NA,NA,NA
2021-11-20,kmo_02,kinondo_makonde,kenya,acanthuridae,acanthurus_leucosternon,#error!,5,4,11,13,NA,NA,NA,NA
2021-11-20,kmo_02,kinondo_makonde,kenya,acanthuridae,acanthurus_leucosternon,#error!,5,1,16,18,NA,NA,NA,NA
2021-11-20,kmo_02,kinondo_makonde,kenya,acanthuridae,ctenochaetus_striatus,#error!,5,3,11,13,NA,NA,NA,NA
2021-11-20,kmo_02,kinondo_makonde,kenya,acanthuridae,ctenochaetus_binotatus,#error!,5,10,11,13,NA,NA,NA,NA
2022-03-03,kny_01,kinyika_inner,kenya,acanthuridae,acanthurus_tennentii,#error!,1,2,16,18,NA,NA,NA,NA
2022-03-03,kny_01,kinyika_inner,kenya,acanthuridae,acanthurus_tennentii,#error!,1,1,11,13,NA,NA,NA,NA
2022-03-03,kny_01,kinyika_inner,kenya,acanthuridae,ctenochaetus_striatus,#error!,1,2,11,13,NA,NA,NA,NA
2022-03-03,kny_01,kinyika_inner,kenya,acanthuridae,acanthurus_tennentii,#error!,2,7,21,23,NA,NA,NA,NA
2022-03-03,kny_01,kinyika_inner,kenya,acanthuridae,naso_thynnoides,#error!,2,2,16,18,NA,NA,NA,NA
2022-03-03,kny_01,kinyika_inner,kenya,acanthuridae,ctenochaetus_striatus,#error!,2,3,11,13,NA,NA,NA,NA
2022-03-03,kny_01,kinyika_inner,kenya,acanthuridae,naso_brevirostris_s,#error!,3,1,21,23,NA,NA,NA,NA
2022-03-03,kny_01,kinyika_inner,kenya,acanthuridae,acanthurus_blochii,#error!,4,1,31,33,NA,NA,NA,NA
2022-03-03,kny_01,kinyika_inner,kenya,acanthuridae,acanthurus_tennentii,#error!,4,2,11,13,NA,NA,NA,NA
2022-03-05,knyo_01,kinyika_outer,kenya,acanthuridae,acanthurus_dussumieri,#error!,1,10,21,23,NA,NA,NA,NA
2022-03-05,knyo_01,kinyika_outer,kenya,acanthuridae,acanthurus_lineatus,#error!,1,20,21,23,NA,NA,NA,NA
2022-03-05,knyo_01,kinyika_outer,kenya,acanthuridae,acanthurus_lineatus,#error!,1,8,26,28,NA,NA,NA,NA
2022-03-05,knyo_01,kinyika_outer,kenya,acanthuridae,acanthurus_lineatus,#error!,1,12,21,23,NA,NA,NA,NA
2022-03-05,knyo_01,kinyika_outer,kenya,acanthuridae,ctenochaetus_striatus,#error!,1,2,11,13,NA,NA,NA,NA
2022-03-05,knyo_01,kinyika_outer,kenya,acanthuridae,acanthurus_lineatus,#error!,2,16,26,28,NA,NA,NA,NA
2022-03-05,knyo_01,kinyika_outer,kenya,acanthuridae,acanthurus_lineatus,#error!,2,2,26,28,NA,NA,NA,NA
2022-03-05,knyo_01,kinyika_outer,kenya,acanthuridae,acanthurus_tennentii,#error!,2,2,26,28,NA,NA,NA,NA
2022-03-05,knyo_01,kinyika_outer,kenya,acanthuridae,acanthurus_tennentii,#error!,2,8,11,13,NA,NA,NA,NA
2022-03-05,knyo_01,kinyika_outer,kenya,acanthuridae,ctenochaetus_striatus,#error!,2,10,11,13,NA,NA,NA,NA
2022-03-05,knyo_01,kinyika_outer,kenya,acanthuridae,zebrasoma_scopas,#error!,2,1,11,13,NA,NA,NA,NA
2022-03-05,knyo_01,kinyika_outer,kenya,acanthuridae,acanthurus_lineatus,#error!,3,12,26,28,NA,NA,NA,NA
2022-03-05,knyo_01,kinyika_outer,kenya,acanthuridae,acanthurus_leucosternon,#error!,3,2,21,23,NA,NA,NA,NA
2022-03-05,knyo_01,kinyika_outer,kenya,acanthuridae,acanthurus_tennentii,#error!,3,1,26,28,NA,NA,NA,NA
2022-03-05,knyo_01,kinyika_outer,kenya,acanthuridae,naso_brevirostris_s,#error!,3,14,26,28,NA,NA,NA,NA
2022-03-05,knyo_01,kinyika_outer,kenya,acanthuridae,ctenochaetus_striatus,#error!,3,8,11,13,NA,NA,NA,NA
2022-03-05,knyo_01,kinyika_outer,kenya,acanthuridae,acanthurus_nigricaudus,#error!,4,2,21,23,NA,NA,NA,NA
2022-03-05,knyo_01,kinyika_outer,kenya,acanthuridae,naso_brevirostris_s,#error!,4,4,21,23,NA,NA,NA,NA
2022-03-05,knyo_01,kinyika_outer,kenya,acanthuridae,ctenochaetus_striatus,#error!,4,4,11,13,NA,NA,NA,NA
2021-04-13,kse_01,kisite_east,kenya,acanthuridae,acanthurus_nigricaudus,#error!,1,1,21,23,NA,NA,NA,NA
2021-04-13,kse_01,kisite_east,kenya,acanthuridae,acanthurus_nigricaudus,#error!,1,1,26,28,NA,NA,NA,NA
2021-04-13,kse_01,kisite_east,kenya,acanthuridae,naso_brevirostris_s,#error!,1,2,21,23,NA,NA,NA,NA
2021-04-13,kse_01,kisite_east,kenya,acanthuridae,naso_unicornis,#error!,1,4,46,48,NA,NA,NA,NA
2021-04-13,kse_01,kisite_east,kenya,acanthuridae,ctenochaetus_striatus,#error!,1,15,11,13,NA,NA,NA,NA
2021-04-13,kse_01,kisite_east,kenya,acanthuridae,zebrasoma_desjardinii,#error!,1,1,16,18,NA,NA,NA,NA
2021-04-13,kse_01,kisite_east,kenya,acanthuridae,zebrasoma_desjardinii,#error!,1,1,21,23,NA,NA,NA,NA
2021-04-13,kse_01,kisite_east,kenya,acanthuridae,acanthurus_nigrofuscus,#error!,2,4,11,13,NA,NA,NA,NA
2021-04-13,kse_01,kisite_east,kenya,acanthuridae,acanthurus_leucosternon,#error!,2,1,11,13,NA,NA,NA,NA
2021-04-13,kse_01,kisite_east,kenya,acanthuridae,acanthurus_tennentii,#error!,2,5,26,28,NA,NA,NA,NA
2021-04-13,kse_01,kisite_east,kenya,acanthuridae,naso_brevirostris_s,#error!,2,1,11,13,NA,NA,NA,NA
2021-04-13,kse_01,kisite_east,kenya,acanthuridae,naso_hexacanthus_s,#error!,2,1,26,28,NA,NA,NA,NA
2021-04-13,kse_01,kisite_east,kenya,acanthuridae,naso_unicornis,#error!,2,2,46,48,NA,NA,NA,NA
2021-04-13,kse_01,kisite_east,kenya,acanthuridae,ctenochaetus_striatus,#error!,2,16,11,13,NA,NA,NA,NA
2021-04-13,kse_01,kisite_east,kenya,acanthuridae,ctenochaetus_truncatus,#error!,2,2,11,13,NA,NA,NA,NA
2021-04-13,kse_01,kisite_east,kenya,acanthuridae,zebrasoma_scopas,#error!,2,9,11,13,NA,NA,NA,NA
2021-04-13,kse_01,kisite_east,kenya,acanthuridae,acanthurus_nigricaudus,#error!,3,2,26,28,NA,NA,NA,NA
2021-04-13,kse_01,kisite_east,kenya,acanthuridae,acanthurus_nigrofuscus,#error!,3,2,11,13,NA,NA,NA,NA
2021-04-13,kse_01,kisite_east,kenya,acanthuridae,acanthurus_leucosternon,#error!,3,1,11,13,NA,NA,NA,NA
2021-04-13,kse_01,kisite_east,kenya,acanthuridae,naso_brevirostris_s,#error!,3,2,21,23,NA,NA,NA,NA
2021-04-13,kse_01,kisite_east,kenya,acanthuridae,naso_brevirostris_s,#error!,3,14,16,18,NA,NA,NA,NA
2021-04-13,kse_01,kisite_east,kenya,acanthuridae,naso_unicornis,#error!,3,4,46,48,NA,NA,NA,NA
2021-04-13,kse_01,kisite_east,kenya,acanthuridae,ctenochaetus_striatus,#error!,3,35,11,13,NA,NA,NA,NA
2021-04-13,kse_01,kisite_east,kenya,acanthuridae,ctenochaetus_truncatus,#error!,3,7,11,13,NA,NA,NA,NA
2021-04-13,kse_01,kisite_east,kenya,acanthuridae,zebrasoma_scopas,#error!,3,7,11,13,NA,NA,NA,NA
2021-04-13,kse_02,kisite_east,kenya,acanthuridae,acanthurus_triostegus,#error!,4,20,11,13,NA,NA,NA,NA
2021-04-13,kse_02,kisite_east,kenya,acanthuridae,acanthurus_nigrofuscus,#error!,4,6,11,13,NA,NA,NA,NA
2021-04-13,kse_02,kisite_east,kenya,acanthuridae,acanthurus_leucosternon,#error!,4,1,11,13,NA,NA,NA,NA
2021-04-13,kse_02,kisite_east,kenya,acanthuridae,naso_brevirostris_s,#error!,4,1,21,23,NA,NA,NA,NA
2021-04-13,kse_02,kisite_east,kenya,acanthuridae,naso_annulatus_b,#error!,4,1,36,38,NA,NA,NA,NA
2021-04-13,kse_02,kisite_east,kenya,acanthuridae,naso_annulatus_b,#error!,4,2,46,48,NA,NA,NA,NA
2021-04-13,kse_02,kisite_east,kenya,acanthuridae,ctenochaetus_striatus,#error!,4,15,11,13,NA,NA,NA,NA
2021-04-13,kse_02,kisite_east,kenya,acanthuridae,zebrasoma_scopas,#error!,4,4,11,13,NA,NA,NA,NA
2021-04-13,kse_02,kisite_east,kenya,acanthuridae,acanthurus_nigrofuscus,#error!,5,4,11,13,NA,NA,NA,NA
2021-04-13,kse_02,kisite_east,kenya,acanthuridae,acanthurus_leucosternon,#error!,5,2,11,13,NA,NA,NA,NA
2021-04-13,kse_02,kisite_east,kenya,acanthuridae,naso_brevirostris_s,#error!,5,2,11,13,NA,NA,NA,NA
2021-04-13,kse_02,kisite_east,kenya,acanthuridae,naso_brevirostris_s,#error!,5,1,16,18,NA,NA,NA,NA
2021-04-13,kse_02,kisite_east,kenya,acanthuridae,naso_annulatus_b,#error!,5,1,46,48,NA,NA,NA,NA
2021-04-13,kse_02,kisite_east,kenya,acanthuridae,ctenochaetus_striatus,#error!,5,15,11,13,NA,NA,NA,NA
2021-04-13,kse_02,kisite_east,kenya,acanthuridae,ctenochaetus_truncatus,#error!,5,10,11,13,NA,NA,NA,NA
2021-04-13,kse_02,kisite_east,kenya,acanthuridae,zebrasoma_scopas,#error!,5,8,11,13,NA,NA,NA,NA
2022-11-17,kik_01,kisiwa_kikubwa,tanzania,acanthuridae,acanthurus_leucosternon,#error!,4,1,11,13,NA,NA,NA,NA
2022-11-17,kik_01,kisiwa_kikubwa,tanzania,acanthuridae,acanthurus_nigrofuscus,#error!,4,13,11,13,NA,NA,NA,NA
2022-11-17,kik_01,kisiwa_kikubwa,tanzania,acanthuridae,acanthurus_triostegus,#error!,5,2,11,13,NA,NA,NA,NA
2022-11-17,kik_01,kisiwa_kikubwa,tanzania,acanthuridae,acanthurus_leucosternon,#error!,5,4,11,13,NA,NA,NA,NA
2022-11-17,kik_01,kisiwa_kikubwa,tanzania,acanthuridae,acanthurus_nigrofuscus,#error!,5,13,11,13,NA,NA,NA,NA
2022-11-17,kik_01,kisiwa_kikubwa,tanzania,acanthuridae,ctenochaetus_striatus,#error!,5,2,11,13,NA,NA,NA,NA
2022-11-17,kik_01,kisiwa_kikubwa,tanzania,acanthuridae,ctenochaetus_truncatus,#error!,5,2,11,13,NA,NA,NA,NA
2022-11-17,kik_01,kisiwa_kikubwa,tanzania,acanthuridae,ctenochaetus_binotatus,#error!,5,1,11,13,NA,NA,NA,NA
2022-11-17,kik_01,kisiwa_kikubwa,tanzania,acanthuridae,zebrasoma_scopas,#error!,5,2,11,13,NA,NA,NA,NA
2022-11-17,msu_01,kisiwa_kikubwa,tanzania,acanthuridae,acanthurus_nigricaudus,#error!,1,2,11,13,NA,NA,NA,NA
2022-11-17,msu_01,kisiwa_kikubwa,tanzania,acanthuridae,acanthurus_nigrofuscus,#error!,1,15,11,13,NA,NA,NA,NA
2022-11-17,msu_01,kisiwa_kikubwa,tanzania,acanthuridae,ctenochaetus_striatus,#error!,1,1,11,13,NA,NA,NA,NA
2022-11-17,msu_01,kisiwa_kikubwa,tanzania,acanthuridae,acanthurus_nigricaudus,#error!,2,2,16,18,NA,NA,NA,NA
2022-11-17,msu_01,kisiwa_kikubwa,tanzania,acanthuridae,acanthurus_nigrofuscus,#error!,2,8,11,13,NA,NA,NA,NA
2022-11-17,msu_01,kisiwa_kikubwa,tanzania,acanthuridae,naso_brevirostris,#error!,2,2,21,23,NA,NA,NA,NA
2022-11-17,msu_01,kisiwa_kikubwa,tanzania,acanthuridae,ctenochaetus_striatus,#error!,2,5,11,13,NA,NA,NA,NA
2022-11-17,msu_01,kisiwa_kikubwa,tanzania,acanthuridae,ctenochaetus_binotatus,#error!,2,1,11,13,NA,NA,NA,NA
2022-11-17,msu_01,kisiwa_kikubwa,tanzania,acanthuridae,acanthurus_nigricaudus,#error!,3,1,16,18,NA,NA,NA,NA
2022-11-17,msu_01,kisiwa_kikubwa,tanzania,acanthuridae,acanthurus_nigrofuscus,#error!,3,11,11,13,NA,NA,NA,NA
2022-11-17,msu_01,kisiwa_kikubwa,tanzania,acanthuridae,naso_brevirostris,#error!,3,6,21,23,NA,NA,NA,NA
2022-11-17,msu_01,kisiwa_kikubwa,tanzania,acanthuridae,ctenochaetus_striatus,#error!,3,4,11,13,NA,NA,NA,NA
2022-11-17,msu_01,kisiwa_kikubwa,tanzania,acanthuridae,ctenochaetus_truncatus,#error!,3,2,11,13,NA,NA,NA,NA
2022-11-17,msu_01,kisiwa_kikubwa,tanzania,acanthuridae,zebrasoma_scopas,#error!,3,8,11,13,NA,NA,NA,NA
2022-11-17,msu_01,kisiwa_kikubwa,tanzania,acanthuridae,zebrasoma_velifer,#error!,3,1,16,18,NA,NA,NA,NA
2022-11-20,kitin_01,kitutia_inner,tanzania,acanthuridae,acanthurus_nigrofuscus,#error!,1,5,11,13,NA,NA,NA,NA
2022-11-20,kitin_01,kitutia_inner,tanzania,acanthuridae,ctenochaetus_binotatus,#error!,1,2,11,13,NA,NA,NA,NA
2022-11-20,kitin_01,kitutia_inner,tanzania,acanthuridae,ctenochaetus_truncatus,#error!,1,2,11,13,NA,NA,NA,NA
2022-11-20,kitin_01,kitutia_inner,tanzania,acanthuridae,ctenochaetus_binotatus,#error!,1,3,11,13,NA,NA,NA,NA
2022-11-20,kitin_01,kitutia_inner,tanzania,acanthuridae,acanthurus_nigrofuscus,#error!,2,4,11,13,NA,NA,NA,NA
2022-11-20,kitin_01,kitutia_inner,tanzania,acanthuridae,ctenochaetus_striatus,#error!,2,4,11,13,NA,NA,NA,NA
2022-11-20,kitin_01,kitutia_inner,tanzania,acanthuridae,ctenochaetus_truncatus,#error!,2,4,11,13,NA,NA,NA,NA
2022-11-20,kitin_01,kitutia_inner,tanzania,acanthuridae,zebrasoma_scopas,#error!,2,1,11,13,NA,NA,NA,NA
2022-11-20,kitin_01,kitutia_inner,tanzania,acanthuridae,acanthurus_triostegus,#error!,3,2,11,13,NA,NA,NA,NA
2022-11-20,kitin_01,kitutia_inner,tanzania,acanthuridae,acanthurus_nigrofuscus,#error!,3,7,11,13,NA,NA,NA,NA
2022-11-20,kitin_01,kitutia_inner,tanzania,acanthuridae,ctenochaetus_striatus,#error!,3,5,11,13,NA,NA,NA,NA
2022-11-20,kitin_01,kitutia_inner,tanzania,acanthuridae,ctenochaetus_truncatus,#error!,3,2,11,13,NA,NA,NA,NA
2022-11-20,kitin_02,kitutia_inner,tanzania,acanthuridae,acanthurus_nigrofuscus,#error!,4,8,11,13,NA,NA,NA,NA
2022-11-20,kitin_02,kitutia_inner,tanzania,acanthuridae,ctenochaetus_striatus,#error!,4,2,11,13,NA,NA,NA,NA
2022-11-20,kitin_02,kitutia_inner,tanzania,acanthuridae,ctenochaetus_truncatus,#error!,4,5,11,13,NA,NA,NA,NA
2022-11-20,kitin_02,kitutia_inner,tanzania,acanthuridae,acanthurus_leucosternon,#error!,5,2,11,13,NA,NA,NA,NA
2022-11-20,kitin_02,kitutia_inner,tanzania,acanthuridae,acanthurus_nigrofuscus,#error!,5,7,11,13,NA,NA,NA,NA
2022-11-20,kitin_02,kitutia_inner,tanzania,acanthuridae,ctenochaetus_striatus,#error!,5,5,11,13,NA,NA,NA,NA
2022-11-21,kitout_01,kitutia_outer,tanzania,acanthuridae,acanthurus_nigrofuscus,#error!,1,2,11,13,NA,NA,NA,NA
2022-11-21,kitout_01,kitutia_outer,tanzania,acanthuridae,naso_brevirostris,#error!,1,2,16,18,NA,NA,NA,NA
2022-11-21,kitout_01,kitutia_outer,tanzania,acanthuridae,ctenochaetus_striatus,#error!,1,8,11,13,NA,NA,NA,NA
2022-11-21,kitout_01,kitutia_outer,tanzania,acanthuridae,ctenochaetus_truncatus,#error!,1,4,11,13,NA,NA,NA,NA
2022-11-21,kitout_01,kitutia_outer,tanzania,acanthuridae,acanthurus_nigrofuscus,#error!,2,4,11,13,NA,NA,NA,NA
2022-11-21,kitout_01,kitutia_outer,tanzania,acanthuridae,ctenochaetus_striatus,#error!,2,7,11,13,NA,NA,NA,NA
2022-11-21,kitout_01,kitutia_outer,tanzania,acanthuridae,ctenochaetus_truncatus,#error!,2,2,11,13,NA,NA,NA,NA
2022-11-21,kitout_02,kitutia_outer,tanzania,acanthuridae,acanthurus_nigrofuscus,#error!,3,6,11,13,NA,NA,NA,NA
2022-11-21,kitout_02,kitutia_outer,tanzania,acanthuridae,naso_elegans,#error!,3,1,21,23,NA,NA,NA,NA
2022-11-21,kitout_02,kitutia_outer,tanzania,acanthuridae,ctenochaetus_striatus,#error!,3,7,11,13,NA,NA,NA,NA
2022-11-21,kitout_02,kitutia_outer,tanzania,acanthuridae,ctenochaetus_truncatus,#error!,3,8,11,13,NA,NA,NA,NA
2022-11-21,kitout_02,kitutia_outer,tanzania,acanthuridae,ctenochaetus_binotatus,#error!,3,2,11,13,NA,NA,NA,NA
2022-11-21,kitout_02,kitutia_outer,tanzania,acanthuridae,acanthurus_nigrofuscus,#error!,4,4,11,13,NA,NA,NA,NA
2022-11-21,kitout_02,kitutia_outer,tanzania,acanthuridae,ctenochaetus_striatus,#error!,4,12,11,13,NA,NA,NA,NA
2022-11-21,kitout_02,kitutia_outer,tanzania,acanthuridae,ctenochaetus_truncatus,#error!,4,10,11,13,NA,NA,NA,NA
2023-02-16,ktw_01,kitwani,kenya,acanthuridae,acanthurus_nigricaudus,#error!,1,3,21,23,NA,NA,NA,NA
2023-02-16,ktw_01,kitwani,kenya,acanthuridae,acanthurus_leucosternon,#error!,1,2,6,8,NA,NA,NA,NA
2023-02-16,ktw_01,kitwani,kenya,acanthuridae,acanthurus_leucosternon,#error!,1,2,16,18,NA,NA,NA,NA
2023-02-16,ktw_01,kitwani,kenya,acanthuridae,acanthurus_leucosternon,#error!,1,3,21,23,NA,NA,NA,NA
2023-02-16,ktw_01,kitwani,kenya,acanthuridae,acanthurus_lineatus,#error!,1,5,11,13,NA,NA,NA,NA
2023-02-16,ktw_01,kitwani,kenya,acanthuridae,acanthurus_lineatus,#error!,1,5,16,18,NA,NA,NA,NA
2023-02-16,ktw_01,kitwani,kenya,acanthuridae,acanthurus_lineatus,#error!,1,4,21,23,NA,NA,NA,NA
2023-02-16,ktw_01,kitwani,kenya,acanthuridae,acanthurus_spp.,#error!,1,2,21,23,NA,NA,NA,NA
2023-02-16,ktw_01,kitwani,kenya,acanthuridae,acanthurus_spp.,#error!,1,1,16,18,NA,NA,NA,NA
2023-02-16,ktw_01,kitwani,kenya,acanthuridae,ctenochaetus_striatus,#error!,1,2,11,13,NA,NA,NA,NA
2023-02-16,ktw_01,kitwani,kenya,acanthuridae,ctenochaetus_truncatus,#error!,1,3,11,13,NA,NA,NA,NA
2023-02-16,ktw_01,kitwani,kenya,acanthuridae,acanthurus_leucosternon,#error!,2,1,6,8,NA,NA,NA,NA
2023-02-16,ktw_01,kitwani,kenya,acanthuridae,acanthurus_lineatus,#error!,2,5,21,23,NA,NA,NA,NA
2023-02-16,ktw_01,kitwani,kenya,acanthuridae,acanthurus_lineatus,#error!,2,2,26,28,NA,NA,NA,NA
2023-02-16,ktw_01,kitwani,kenya,acanthuridae,acanthurus_spp.,#error!,2,3,16,18,NA,NA,NA,NA
2023-02-16,ktw_01,kitwani,kenya,acanthuridae,acanthurus_spp.,#error!,2,10,21,23,NA,NA,NA,NA
2023-02-16,ktw_01,kitwani,kenya,acanthuridae,acanthurus_spp.,#error!,2,3,26,28,NA,NA,NA,NA
2023-02-16,ktw_01,kitwani,kenya,acanthuridae,ctenochaetus_truncatus,#error!,2,2,11,13,NA,NA,NA,NA
2023-02-16,ktw_01,kitwani,kenya,acanthuridae,acanthurus_spp.,#error!,3,9,26,28,NA,NA,NA,NA
2023-02-16,ktw_01,kitwani,kenya,acanthuridae,acanthurus_spp.,#error!,3,1,11,13,NA,NA,NA,NA
2023-02-16,ktw_01,kitwani,kenya,acanthuridae,acanthurus_nigrofuscus,#error!,3,1,11,13,NA,NA,NA,NA
2023-02-16,ktw_01,kitwani,kenya,acanthuridae,ctenochaetus_striatus,#error!,3,2,11,13,NA,NA,NA,NA
2019-11-16,kug_01,kokota_uvinje_gap,tanzania,acanthuridae,acanthurus_nigrofuscus,#error!,1,4,11,13,NA,NA,NA,NA
2019-11-16,kug_01,kokota_uvinje_gap,tanzania,acanthuridae,acanthurus_thompsoni,#error!,1,2,16,18,NA,NA,NA,NA
2019-11-16,kug_01,kokota_uvinje_gap,tanzania,acanthuridae,acanthurus_thompsoni,#error!,1,1,11,13,NA,NA,NA,NA
2019-11-16,kug_01,kokota_uvinje_gap,tanzania,acanthuridae,naso_brevirostris_b,#error!,1,1,21,23,NA,NA,NA,NA
2019-11-16,kug_01,kokota_uvinje_gap,tanzania,acanthuridae,naso_thynnoides,#error!,1,4,16,18,NA,NA,NA,NA
2019-11-16,kug_01,kokota_uvinje_gap,tanzania,acanthuridae,naso_thynnoides,#error!,1,1,21,23,NA,NA,NA,NA
2019-11-16,kug_01,kokota_uvinje_gap,tanzania,acanthuridae,ctenochaetus_striatus,#error!,1,5,11,13,NA,NA,NA,NA
2019-11-16,kug_01,kokota_uvinje_gap,tanzania,acanthuridae,zebrasoma_scopas,#error!,1,1,11,13,NA,NA,NA,NA
2019-11-16,kug_01,kokota_uvinje_gap,tanzania,acanthuridae,acanthurus_nigrofuscus,#error!,2,3,11,13,NA,NA,NA,NA
2019-11-16,kug_01,kokota_uvinje_gap,tanzania,acanthuridae,acanthurus_leucosternon,#error!,2,1,16,18,NA,NA,NA,NA
2019-11-16,kug_01,kokota_uvinje_gap,tanzania,acanthuridae,acanthurus_leucosternon,#error!,2,1,11,13,NA,NA,NA,NA
2019-11-16,kug_01,kokota_uvinje_gap,tanzania,acanthuridae,naso_thynnoides,#error!,2,2,16,18,NA,NA,NA,NA
2019-11-16,kug_01,kokota_uvinje_gap,tanzania,acanthuridae,ctenochaetus_striatus,#error!,2,12,11,13,NA,NA,NA,NA
2019-11-16,kug_01,kokota_uvinje_gap,tanzania,acanthuridae,ctenochaetus_truncatus,#error!,2,3,11,13,NA,NA,NA,NA
2019-11-16,kug_01,kokota_uvinje_gap,tanzania,acanthuridae,zebrasoma_scopas,#error!,2,2,11,13,NA,NA,NA,NA
2019-11-16,kug_01,kokota_uvinje_gap,tanzania,acanthuridae,naso_fageni,#error!,2,1,21,23,NA,NA,NA,NA
2019-11-16,kug_01,kokota_uvinje_gap,tanzania,acanthuridae,naso_fageni,#error!,2,1,26,28,NA,NA,NA,NA
2019-11-16,kug_01,kokota_uvinje_gap,tanzania,acanthuridae,ctenochaetus_binotatus,#error!,2,6,11,13,NA,NA,NA,NA
2019-11-16,kug_01,kokota_uvinje_gap,tanzania,acanthuridae,acanthurus_leucosternon,#error!,3,1,11,13,NA,NA,NA,NA
2019-11-16,kug_01,kokota_uvinje_gap,tanzania,acanthuridae,acanthurus_thompsoni,#error!,3,1,16,18,NA,NA,NA,NA
2019-11-16,kug_01,kokota_uvinje_gap,tanzania,acanthuridae,ctenochaetus_striatus,#error!,3,12,11,13,NA,NA,NA,NA
2019-11-16,kug_01,kokota_uvinje_gap,tanzania,acanthuridae,ctenochaetus_truncatus,#error!,3,9,11,13,NA,NA,NA,NA
2019-11-16,kug_01,kokota_uvinje_gap,tanzania,acanthuridae,ctenochaetus_binotatus,#error!,3,4,11,13,NA,NA,NA,NA
2019-11-16,kug_02,kokota_uvinje_gap,tanzania,acanthuridae,acanthurus_nigrofuscus,#error!,4,1,11,13,NA,NA,NA,NA
2019-11-16,kug_02,kokota_uvinje_gap,tanzania,acanthuridae,ctenochaetus_striatus,#error!,4,20,11,13,NA,NA,NA,NA
2019-11-16,kug_02,kokota_uvinje_gap,tanzania,acanthuridae,zebrasoma_scopas,#error!,4,1,11,13,NA,NA,NA,NA
2019-11-16,kug_02,kokota_uvinje_gap,tanzania,acanthuridae,ctenochaetus_binotatus,#error!,4,10,11,13,NA,NA,NA,NA
2019-11-16,kug_02,kokota_uvinje_gap,tanzania,acanthuridae,acanthurus_nigrofuscus,#error!,5,4,11,13,NA,NA,NA,NA
2019-11-16,kug_02,kokota_uvinje_gap,tanzania,acanthuridae,ctenochaetus_striatus,#error!,5,7,11,13,NA,NA,NA,NA
2019-11-16,kug_02,kokota_uvinje_gap,tanzania,acanthuridae,ctenochaetus_binotatus,#error!,5,1,11,13,NA,NA,NA,NA
2023-03-27,kui_01,kui,kenya,acanthuridae,ctenochaetus_striatus,#error!,1,36,16,18,NA,NA,NA,NA
2023-03-27,kui_01,kui,kenya,acanthuridae,acanthurus_leucosternon,#error!,1,14,16,18,NA,NA,NA,NA
2023-03-27,kui_01,kui,kenya,acanthuridae,acanthurus_nigricaudus,#error!,1,12,16,18,NA,NA,NA,NA
2023-03-27,kui_01,kui,kenya,acanthuridae,acanthurus_dussumieri,#error!,1,8,16,18,NA,NA,NA,NA
2023-03-27,kui_01,kui,kenya,acanthuridae,acanthurus_nigrofuscus,#error!,1,5,16,18,NA,NA,NA,NA
2023-03-27,kui_01,kui,kenya,acanthuridae,acanthurus_nigrofuscus,#error!,2,20,11,13,NA,NA,NA,NA
2023-03-27,kui_01,kui,kenya,acanthuridae,ctenochaetus_striatus,#error!,2,28,16,18,NA,NA,NA,NA
2023-03-27,kui_01,kui,kenya,acanthuridae,acanthurus_dussumieri,#error!,2,5,21,23,NA,NA,NA,NA
2023-03-27,kui_01,kui,kenya,acanthuridae,acanthurus_leucosternon,#error!,2,21,16,18,NA,NA,NA,NA
2023-03-27,kui_01,kui,kenya,acanthuridae,acanthurus_nigrofuscus,#error!,3,13,11,13,NA,NA,NA,NA
2023-03-27,kui_01,kui,kenya,acanthuridae,ctenochaetus_striatus,#error!,3,8,21,23,NA,NA,NA,NA
2020-11-25,kur_01,kuruwitu_tengefu,kenya,acanthuridae,ctenochaetus_striatus,#error!,2,40,6,8,NA,NA,NA,NA
2020-11-25,kur_01,kuruwitu_tengefu,kenya,acanthuridae,acanthurus_triostegus,#error!,2,11,11,13,NA,NA,NA,NA
2020-11-25,kur_01,kuruwitu_tengefu,kenya,acanthuridae,ctenochaetus_striatus,#error!,3,10,6,8,NA,NA,NA,NA
2020-11-25,kur_02,kuruwitu_tengefu,kenya,acanthuridae,ctenochaetus_striatus,#error!,4,55,6,8,NA,NA,NA,NA
2020-11-25,kur_02,kuruwitu_tengefu,kenya,acanthuridae,acanthurus_triostegus,#error!,5,3,11,13,NA,NA,NA,NA
2020-11-25,kur_02,kuruwitu_tengefu,kenya,acanthuridae,ctenochaetus_striatus,#error!,5,30,6,8,NA,NA,NA,NA
2020-11-25,kur_02,kuruwitu_tengefu,kenya,acanthuridae,ctenochaetus_striatus,#error!,5,55,6,8,NA,NA,NA,NA
2021-03-24,lev_01,leven,kenya,acanthuridae,acanthurus_blochii,#error!,1,1,31,33,NA,NA,NA,NA
2021-03-24,lev_01,leven,kenya,acanthuridae,acanthurus_leucosternon,#error!,1,4,11,13,NA,NA,NA,NA
2021-03-24,lev_01,leven,kenya,acanthuridae,acanthurus_lineatus,#error!,1,1,16,18,NA,NA,NA,NA
2021-03-24,lev_01,leven,kenya,acanthuridae,acanthurus_tennentii,#error!,1,4,26,28,NA,NA,NA,NA
2021-03-24,lev_01,leven,kenya,acanthuridae,naso_elegans,#error!,1,4,31,33,NA,NA,NA,NA
2021-03-24,lev_01,leven,kenya,acanthuridae,naso_brachycentron,#error!,1,3,46,48,NA,NA,NA,NA
2021-03-24,lev_01,leven,kenya,acanthuridae,naso_brachycentron,#error!,1,1,41,43,NA,NA,NA,NA
2021-03-24,lev_01,leven,kenya,acanthuridae,ctenochaetus_striatus,#error!,1,2,11,13,NA,NA,NA,NA
2021-03-24,lev_01,leven,kenya,acanthuridae,ctenochaetus_truncatus,#error!,1,2,11,13,NA,NA,NA,NA
2021-03-24,lev_01,leven,kenya,acanthuridae,acanthurus_nigrofuscus,#error!,2,3,11,13,NA,NA,NA,NA
2021-03-24,lev_01,leven,kenya,acanthuridae,acanthurus_leucosternon,#error!,2,7,11,13,NA,NA,NA,NA
2021-03-24,lev_01,leven,kenya,acanthuridae,acanthurus_lineatus,#error!,2,6,11,13,NA,NA,NA,NA
2021-03-24,lev_01,leven,kenya,acanthuridae,ctenochaetus_striatus,#error!,2,10,11,13,NA,NA,NA,NA
2021-03-24,lev_01,leven,kenya,acanthuridae,ctenochaetus_truncatus,#error!,2,2,11,13,NA,NA,NA,NA
2021-03-24,lev_01,leven,kenya,acanthuridae,zebrasoma_scopas,#error!,2,1,11,13,NA,NA,NA,NA
2021-03-24,lev_01,leven,kenya,acanthuridae,acanthurus_dussumieri,#error!,3,2,11,13,NA,NA,NA,NA
2021-03-24,lev_01,leven,kenya,acanthuridae,acanthurus_nigrofuscus,#error!,3,4,11,13,NA,NA,NA,NA
2021-03-24,lev_01,leven,kenya,acanthuridae,acanthurus_leucosternon,#error!,3,4,11,13,NA,NA,NA,NA
2021-03-24,lev_01,leven,kenya,acanthuridae,acanthurus_lineatus,#error!,3,2,21,23,NA,NA,NA,NA
2021-03-24,lev_01,leven,kenya,acanthuridae,ctenochaetus_striatus,#error!,3,7,11,13,NA,NA,NA,NA
2021-03-24,lev_01,leven,kenya,acanthuridae,ctenochaetus_truncatus,#error!,3,7,11,13,NA,NA,NA,NA
2021-03-24,lev_01,leven,kenya,acanthuridae,ctenochaetus_binotatus,#error!,3,2,11,13,NA,NA,NA,NA
2021-03-24,lev_02,leven,kenya,acanthuridae,acanthurus_leucosternon,#error!,4,4,11,13,NA,NA,NA,NA
2021-03-24,lev_02,leven,kenya,acanthuridae,ctenochaetus_striatus,#error!,4,2,11,13,NA,NA,NA,NA
2021-03-24,lev_02,leven,kenya,acanthuridae,ctenochaetus_truncatus,#error!,4,2,11,13,NA,NA,NA,NA
2021-03-24,lev_02,leven,kenya,acanthuridae,ctenochaetus_binotatus,#error!,4,2,11,13,NA,NA,NA,NA
2021-03-24,lev_02,leven,kenya,acanthuridae,acanthurus_leucosternon,#error!,5,4,11,13,NA,NA,NA,NA
2021-03-24,lev_02,leven,kenya,acanthuridae,acanthurus_lineatus,#error!,5,4,16,18,NA,NA,NA,NA
2021-03-24,lev_02,leven,kenya,acanthuridae,naso_elegans,#error!,5,4,31,33,NA,NA,NA,NA
2021-03-24,lev_02,leven,kenya,acanthuridae,ctenochaetus_striatus,#error!,5,5,11,13,NA,NA,NA,NA
2021-03-24,lev_02,leven,kenya,acanthuridae,zebrasoma_scopas,#error!,5,2,11,13,NA,NA,NA,NA
2021-03-24,lev_02,leven,kenya,acanthuridae,ctenochaetus_binotatus,#error!,5,2,11,13,NA,NA,NA,NA
2022-10-27,lbb_01,lobster_bank,kenya,acanthuridae,acanthurus_mata,#error!,1,1,16,18,NA,NA,NA,NA
2022-10-27,lbb_01,lobster_bank,kenya,acanthuridae,acanthurus_tennentii,#error!,1,1,16,18,NA,NA,NA,NA
2022-10-27,lbb_01,lobster_bank,kenya,acanthuridae,acanthurus_nigricaudus,#error!,1,1,21,23,NA,NA,NA,NA
2022-10-27,lbb_01,lobster_bank,kenya,acanthuridae,acanthurus_leucosternon,#error!,1,1,16,18,NA,NA,NA,NA
2022-10-27,lbb_01,lobster_bank,kenya,acanthuridae,acanthurus_nigrofuscus,#error!,1,8,11,13,NA,NA,NA,NA
2022-10-27,lbb_01,lobster_bank,kenya,acanthuridae,naso_hexacanthus_b,#error!,1,1,21,23,NA,NA,NA,NA
2022-10-27,lbb_01,lobster_bank,kenya,acanthuridae,ctenochaetus_striatus,#error!,1,1,11,13,NA,NA,NA,NA
2022-10-27,lbb_01,lobster_bank,kenya,acanthuridae,zebrasoma_desjardinii,#error!,1,4,16,18,NA,NA,NA,NA
2022-10-27,lbb_01,lobster_bank,kenya,acanthuridae,acanthurus_tennentii,#error!,2,1,16,18,NA,NA,NA,NA
2022-10-27,lbb_01,lobster_bank,kenya,acanthuridae,acanthurus_nigricaudus,#error!,2,1,16,18,NA,NA,NA,NA
2022-10-27,lbb_01,lobster_bank,kenya,acanthuridae,acanthurus_nigrofuscus,#error!,2,8,11,13,NA,NA,NA,NA
2022-10-27,lbb_01,lobster_bank,kenya,acanthuridae,naso_brevirostris,#error!,2,1,36,38,NA,NA,NA,NA
2022-10-27,lbb_01,lobster_bank,kenya,acanthuridae,naso_hexacanthus_b,#error!,2,1,26,28,NA,NA,NA,NA
2022-10-27,lbb_01,lobster_bank,kenya,acanthuridae,zebrasoma_desjardinii,#error!,2,1,16,18,NA,NA,NA,NA
2022-10-27,lbb_01,lobster_bank,kenya,acanthuridae,acanthurus_dussumieri,#error!,3,1,21,23,NA,NA,NA,NA
2022-10-27,lbb_01,lobster_bank,kenya,acanthuridae,acanthurus_nigricaudus,#error!,3,3,16,18,NA,NA,NA,NA
2022-10-27,lbb_01,lobster_bank,kenya,acanthuridae,acanthurus_leucosternon,#error!,3,4,16,18,NA,NA,NA,NA
2022-10-27,lbb_01,lobster_bank,kenya,acanthuridae,acanthurus_leucosternon,#error!,3,2,11,13,NA,NA,NA,NA
2022-10-27,lbb_01,lobster_bank,kenya,acanthuridae,acanthurus_nigrofuscus,#error!,3,12,11,13,NA,NA,NA,NA
2022-10-27,lbb_01,lobster_bank,kenya,acanthuridae,naso_brevirostris,#error!,3,1,36,38,NA,NA,NA,NA
2022-10-27,lbb_01,lobster_bank,kenya,acanthuridae,ctenochaetus_striatus,#error!,3,4,11,13,NA,NA,NA,NA
2022-10-27,lbb_01,lobster_bank,kenya,acanthuridae,ctenochaetus_truncatus,#error!,3,4,11,13,NA,NA,NA,NA
2022-10-27,lbb_02,lobster_bank,kenya,acanthuridae,acanthurus_mata,#error!,4,3,31,33,NA,NA,NA,NA
2022-10-27,lbb_02,lobster_bank,kenya,acanthuridae,acanthurus_nigricaudus,#error!,4,1,16,18,NA,NA,NA,NA
2022-10-27,lbb_02,lobster_bank,kenya,acanthuridae,acanthurus_leucosternon,#error!,4,1,16,18,NA,NA,NA,NA
2022-10-27,lbb_02,lobster_bank,kenya,acanthuridae,acanthurus_leucosternon,#error!,4,2,11,13,NA,NA,NA,NA
2022-10-27,lbb_02,lobster_bank,kenya,acanthuridae,acanthurus_nigrofuscus,#error!,4,12,11,13,NA,NA,NA,NA
2022-10-27,lbb_02,lobster_bank,kenya,acanthuridae,naso_brevirostris,#error!,4,14,26,28,NA,NA,NA,NA
2022-10-27,lbb_02,lobster_bank,kenya,acanthuridae,naso_hexacanthus_b,#error!,4,11,41,43,NA,NA,NA,NA
2022-10-27,lbb_02,lobster_bank,kenya,acanthuridae,naso_hexacanthus_b,#error!,4,10,36,38,NA,NA,NA,NA
2022-10-27,lbb_02,lobster_bank,kenya,acanthuridae,naso_elegans,#error!,4,2,21,23,NA,NA,NA,NA
2022-10-27,lbb_02,lobster_bank,kenya,acanthuridae,naso_elegans,#error!,4,1,16,18,NA,NA,NA,NA
2022-10-27,lbb_02,lobster_bank,kenya,acanthuridae,ctenochaetus_striatus,#error!,4,1,11,13,NA,NA,NA,NA
2022-10-27,lbb_02,lobster_bank,kenya,acanthuridae,ctenochaetus_truncatus,#error!,4,16,11,13,NA,NA,NA,NA
2022-10-27,lbb_02,lobster_bank,kenya,acanthuridae,zebrasoma_scopas,#error!,4,1,11,13,NA,NA,NA,NA
2022-10-27,lbb_02,lobster_bank,kenya,acanthuridae,acanthurus_nigricaudus,#error!,5,4,16,18,NA,NA,NA,NA
2022-10-27,lbb_02,lobster_bank,kenya,acanthuridae,acanthurus_leucosternon,#error!,5,4,11,13,NA,NA,NA,NA
2022-10-27,lbb_02,lobster_bank,kenya,acanthuridae,acanthurus_nigrofuscus,#error!,5,10,11,13,NA,NA,NA,NA
2022-10-27,lbb_02,lobster_bank,kenya,acanthuridae,ctenochaetus_striatus,#error!,5,1,11,13,NA,NA,NA,NA
2022-10-27,lbb_02,lobster_bank,kenya,acanthuridae,ctenochaetus_truncatus,#error!,5,2,11,13,NA,NA,NA,NA
2022-10-27,lbb_02,lobster_bank,kenya,acanthuridae,ctenochaetus_binotatus,#error!,5,3,11,13,NA,NA,NA,NA
2022-10-27,lbb_02,lobster_bank,kenya,acanthuridae,zebrasoma_desjardinii,#error!,5,1,16,18,NA,NA,NA,NA
2021-04-14,lmp_01,lower_mpunguti,kenya,acanthuridae,acanthurus_leucosternon,#error!,1,1,11,13,NA,NA,NA,NA
2021-04-14,lmp_01,lower_mpunguti,kenya,acanthuridae,acanthurus_leucosternon,#error!,1,1,16,18,NA,NA,NA,NA
2021-04-14,lmp_01,lower_mpunguti,kenya,acanthuridae,ctenochaetus_striatus,#error!,1,10,11,13,NA,NA,NA,NA
2021-04-14,lmp_01,lower_mpunguti,kenya,acanthuridae,ctenochaetus_binotatus,#error!,1,15,11,13,NA,NA,NA,NA
2021-04-14,lmp_01,lower_mpunguti,kenya,acanthuridae,acanthurus_leucosternon,#error!,2,2,11,13,NA,NA,NA,NA
2021-04-14,lmp_01,lower_mpunguti,kenya,acanthuridae,ctenochaetus_striatus,#error!,2,45,11,13,NA,NA,NA,NA
2021-04-14,lmp_01,lower_mpunguti,kenya,acanthuridae,ctenochaetus_binotatus,#error!,2,15,11,13,NA,NA,NA,NA
2021-04-14,lmp_01,lower_mpunguti,kenya,acanthuridae,zebrasoma_scopas,#error!,2,7,11,13,NA,NA,NA,NA
2021-04-14,lmp_01,lower_mpunguti,kenya,acanthuridae,ctenochaetus_truncatus,#error!,2,10,11,13,NA,NA,NA,NA
2021-04-14,lmp_01,lower_mpunguti,kenya,acanthuridae,acanthurus_mata,#error!,3,1,11,13,NA,NA,NA,NA
2021-04-14,lmp_01,lower_mpunguti,kenya,acanthuridae,ctenochaetus_striatus,#error!,3,15,11,13,NA,NA,NA,NA
2021-04-14,lmp_01,lower_mpunguti,kenya,acanthuridae,zebrasoma_scopas,#error!,3,5,11,13,NA,NA,NA,NA
2023-02-19,mab_01,mabiyu,kenya,acanthuridae,naso_elegans,#error!,1,1,21,23,NA,NA,NA,NA
2023-02-19,mab_01,mabiyu,kenya,acanthuridae,acanthurus_nigrofuscus,#error!,2,2,11,13,NA,NA,NA,NA
2021-11-19,mgd_01,magandia,kenya,acanthuridae,ctenochaetus_striatus,#error!,1,4,11,13,NA,NA,NA,NA
2021-11-19,mgd_01,magandia,kenya,acanthuridae,ctenochaetus_truncatus,#error!,1,2,11,13,NA,NA,NA,NA
2021-11-19,mgd_01,magandia,kenya,acanthuridae,naso_thynnoides,#error!,2,2,26,28,NA,NA,NA,NA
2021-11-19,mgd_01,magandia,kenya,acanthuridae,ctenochaetus_striatus,#error!,2,6,11,13,NA,NA,NA,NA
2021-11-19,mgd_01,magandia,kenya,acanthuridae,ctenochaetus_truncatus,#error!,2,2,11,13,NA,NA,NA,NA
2021-11-19,mgd_01,magandia,kenya,acanthuridae,acanthurus_nigrofuscus,#error!,3,4,11,13,NA,NA,NA,NA
2021-11-19,mgd_01,magandia,kenya,acanthuridae,acanthurus_tennentii,#error!,3,1,21,23,NA,NA,NA,NA
2021-11-19,mgd_01,magandia,kenya,acanthuridae,ctenochaetus_striatus,#error!,3,7,11,13,NA,NA,NA,NA
2021-11-19,mgd_02,magandia,kenya,acanthuridae,acanthurus_nigrofuscus,#error!,4,4,11,13,NA,NA,NA,NA
2021-11-19,mgd_02,magandia,kenya,acanthuridae,ctenochaetus_striatus,#error!,4,4,11,13,NA,NA,NA,NA
2021-11-19,mgd_02,magandia,kenya,acanthuridae,acanthurus_nigrofuscus,#error!,5,7,11,13,NA,NA,NA,NA
2021-11-19,mgd_02,magandia,kenya,acanthuridae,ctenochaetus_striatus,#error!,5,7,11,13,NA,NA,NA,NA
2023-03-26,mgl_01,magulugulu,kenya,acanthuridae,ctenochaetus_striatus,#error!,1,18,21,23,NA,NA,NA,NA
2023-03-26,mgl_01,magulugulu,kenya,acanthuridae,acanthurus_nigrofuscus,#error!,1,11,16,18,NA,NA,NA,NA
2023-03-26,mgl_01,magulugulu,kenya,acanthuridae,ctenochaetus_truncatus,#error!,1,9,16,18,NA,NA,NA,NA
2023-03-26,mgl_01,magulugulu,kenya,acanthuridae,acanthurus_dussumieri,#error!,1,1,21,23,NA,NA,NA,NA
2023-03-26,mgl_01,magulugulu,kenya,acanthuridae,acanthurus_leucosternon,#error!,1,5,16,18,NA,NA,NA,NA
2023-03-26,mgl_01,magulugulu,kenya,acanthuridae,acanthurus_tennentii,#error!,1,10,21,23,NA,NA,NA,NA
2023-03-26,mgl_01,magulugulu,kenya,acanthuridae,ctenochaetus_striatus,#error!,2,5,16,18,NA,NA,NA,NA
2023-03-26,mgl_01,magulugulu,kenya,acanthuridae,acanthurus_nigrofuscus,#error!,2,5,11,13,NA,NA,NA,NA
2023-03-26,mgl_01,magulugulu,kenya,acanthuridae,acanthurus_triostegus,#error!,2,2,16,18,NA,NA,NA,NA
2023-03-26,mgl_01,magulugulu,kenya,acanthuridae,acanthurus_dussumieri,#error!,2,3,21,23,NA,NA,NA,NA
2023-03-26,mgl_01,magulugulu,kenya,acanthuridae,acanthurus_leucosternon,#error!,2,3,16,18,NA,NA,NA,NA
2023-03-26,mgl_01,magulugulu,kenya,acanthuridae,acanthurus_tennentii,#error!,2,3,21,23,NA,NA,NA,NA
2023-03-26,mgl_01,magulugulu,kenya,acanthuridae,acanthurus_nigricaudus,#error!,2,8,21,23,NA,NA,NA,NA
2021-04-12,mkk_01,makokokwe,kenya,acanthuridae,acanthurus_dussumieri,#error!,1,2,26,28,NA,NA,NA,NA
2021-04-12,mkk_01,makokokwe,kenya,acanthuridae,acanthurus_nigricaudus,#error!,1,1,26,28,NA,NA,NA,NA
2021-04-12,mkk_01,makokokwe,kenya,acanthuridae,acanthurus_leucosternon,#error!,1,1,16,18,NA,NA,NA,NA
2021-04-12,mkk_01,makokokwe,kenya,acanthuridae,ctenochaetus_striatus,#error!,1,2,11,13,NA,NA,NA,NA
2021-04-12,mkk_01,makokokwe,kenya,acanthuridae,ctenochaetus_truncatus,#error!,1,8,11,13,NA,NA,NA,NA
2021-04-12,mkk_01,makokokwe,kenya,acanthuridae,zebrasoma_scopas,#error!,1,6,11,13,NA,NA,NA,NA
2021-04-12,mkk_01,makokokwe,kenya,acanthuridae,zebrasoma_desjardinii,#error!,1,1,11,13,NA,NA,NA,NA
2021-04-12,mkk_01,makokokwe,kenya,acanthuridae,acanthurus_nigrofuscus,#error!,2,2,11,13,NA,NA,NA,NA
2021-04-12,mkk_01,makokokwe,kenya,acanthuridae,naso_vlamingii,#error!,2,1,21,23,NA,NA,NA,NA
2021-04-12,mkk_01,makokokwe,kenya,acanthuridae,ctenochaetus_striatus,#error!,2,7,11,13,NA,NA,NA,NA
2021-04-12,mkk_01,makokokwe,kenya,acanthuridae,ctenochaetus_truncatus,#error!,2,7,11,13,NA,NA,NA,NA
2021-04-12,mkk_01,makokokwe,kenya,acanthuridae,acanthurus_leucosternon,#error!,3,2,11,13,NA,NA,NA,NA
2021-04-12,mkk_01,makokokwe,kenya,acanthuridae,acanthurus_mata,#error!,3,2,16,18,NA,NA,NA,NA
2021-04-12,mkk_01,makokokwe,kenya,acanthuridae,acanthurus_mata,#error!,3,2,26,28,NA,NA,NA,NA
2021-04-12,mkk_01,makokokwe,kenya,acanthuridae,naso_vlamingii,#error!,3,2,21,23,NA,NA,NA,NA
2021-04-12,mkk_01,makokokwe,kenya,acanthuridae,ctenochaetus_truncatus,#error!,3,9,11,13,NA,NA,NA,NA
2021-04-12,mkk_02,makokokwe,kenya,acanthuridae,acanthurus_leucosternon,#error!,4,2,11,13,NA,NA,NA,NA
2021-04-12,mkk_02,makokokwe,kenya,acanthuridae,ctenochaetus_truncatus,#error!,4,4,11,13,NA,NA,NA,NA
2021-04-12,mkk_02,makokokwe,kenya,acanthuridae,zebrasoma_scopas,#error!,4,4,11,13,NA,NA,NA,NA
2021-04-12,mkk_02,makokokwe,kenya,acanthuridae,acanthurus_nigrofuscus,#error!,5,3,11,13,NA,NA,NA,NA
2021-04-12,mkk_02,makokokwe,kenya,acanthuridae,acanthurus_leucosternon,#error!,5,1,11,13,NA,NA,NA,NA
2021-04-12,mkk_02,makokokwe,kenya,acanthuridae,acanthurus_mata,#error!,5,1,16,18,NA,NA,NA,NA
2021-04-12,mkk_02,makokokwe,kenya,acanthuridae,ctenochaetus_striatus,#error!,5,2,11,13,NA,NA,NA,NA
2021-04-12,mkk_02,makokokwe,kenya,acanthuridae,ctenochaetus_truncatus,#error!,5,7,11,13,NA,NA,NA,NA
2021-04-12,mkk_02,makokokwe,kenya,acanthuridae,zebrasoma_scopas,#error!,5,1,11,13,NA,NA,NA,NA
2022-09-13,male_03,male,comoros,acanthuridae,ctenochaetus_truncatus,#error!,1,8,11,13,NA,NA,NA,NA
2022-09-13,male_03,male,comoros,acanthuridae,acanthurus_nigrofuscus,#error!,1,25,11,13,NA,NA,NA,NA
2022-09-13,male_03,male,comoros,acanthuridae,acanthurus_nigrofuscus,#error!,1,12,16,18,NA,NA,NA,NA
2022-09-13,male_03,male,comoros,acanthuridae,acanthurus_leucosternon,#error!,2,2,16,18,NA,NA,NA,NA
2022-09-13,male_03,male,comoros,acanthuridae,acanthurus_nigrofuscus,#error!,2,20,11,13,NA,NA,NA,NA
2022-09-13,male_03,male,comoros,acanthuridae,acanthurus_nigrofuscus,#error!,2,9,16,18,NA,NA,NA,NA
2022-09-13,male_03,male,comoros,acanthuridae,zebrasoma_scopas,#error!,2,4,11,13,NA,NA,NA,NA
2022-09-13,male_03,male,comoros,acanthuridae,naso_elegans,#error!,2,4,26,28,NA,NA,NA,NA
2022-09-13,male_03,male,comoros,acanthuridae,naso_brevirostris,#error!,2,30,26,28,NA,NA,NA,NA
2022-09-13,male_04,male,comoros,acanthuridae,acanthurus_leucosternon,#error!,3,4,16,18,NA,NA,NA,NA
2022-09-13,male_04,male,comoros,acanthuridae,acanthurus_leucosternon,#error!,3,1,11,13,NA,NA,NA,NA
2022-09-13,male_04,male,comoros,acanthuridae,acanthurus_nigrofuscus,#error!,3,8,11,13,NA,NA,NA,NA
2022-09-13,male_04,male,comoros,acanthuridae,acanthurus_nigrofuscus,#error!,3,10,16,18,NA,NA,NA,NA
2022-09-13,male_04,male,comoros,acanthuridae,acanthurus_nigricaudus,#error!,3,5,11,13,NA,NA,NA,NA
2022-09-13,male_04,male,comoros,acanthuridae,acanthurus_nigricaudus,#error!,3,4,16,18,NA,NA,NA,NA
2022-09-13,male_04,male,comoros,acanthuridae,naso_elegans,#error!,3,1,21,23,NA,NA,NA,NA
2022-09-13,male_04,male,comoros,acanthuridae,ctenochaetus_truncatus,#error!,3,18,11,13,NA,NA,NA,NA
2022-09-13,male_04,male,comoros,acanthuridae,zebrasoma_scopas,#error!,3,4,11,13,NA,NA,NA,NA
2022-09-13,male_04,male,comoros,acanthuridae,acanthurus_nigrofuscus,#error!,4,15,11,13,NA,NA,NA,NA
2022-09-13,male_04,male,comoros,acanthuridae,acanthurus_nigrofuscus,#error!,4,6,16,18,NA,NA,NA,NA
2022-09-13,male_04,male,comoros,acanthuridae,ctenochaetus_truncatus,#error!,4,5,11,13,NA,NA,NA,NA
2022-09-13,male_04,male,comoros,acanthuridae,acanthurus_leucosternon,#error!,4,7,11,13,NA,NA,NA,NA
2022-09-13,male_04,male,comoros,acanthuridae,acanthurus_leucosternon,#error!,4,3,21,23,NA,NA,NA,NA
2022-09-13,male_04,male,comoros,acanthuridae,acanthurus_nigricaudus,#error!,4,20,11,13,NA,NA,NA,NA
2022-09-13,male_04,male,comoros,acanthuridae,acanthurus_nigricaudus,#error!,4,16,16,18,NA,NA,NA,NA
2022-09-13,male_04,male,comoros,acanthuridae,naso_elegans,#error!,4,4,21,23,NA,NA,NA,NA
2022-09-13,male_04,male,comoros,acanthuridae,zebrasoma_scopas,#error!,4,3,11,13,NA,NA,NA,NA
2022-09-13,male_04,male,comoros,acanthuridae,acanthurus_nigrofuscus,#error!,5,6,11,13,NA,NA,NA,NA
2022-09-13,male_04,male,comoros,acanthuridae,acanthurus_nigrofuscus,#error!,5,9,16,18,NA,NA,NA,NA
2022-09-13,male_04,male,comoros,acanthuridae,acanthurus_nigricaudus,#error!,5,21,11,13,NA,NA,NA,NA
2022-09-13,male_04,male,comoros,acanthuridae,ctenochaetus_truncatus,#error!,5,5,11,13,NA,NA,NA,NA
2022-09-13,male_04,male,comoros,acanthuridae,acanthurus_leucosternon,#error!,5,3,11,13,NA,NA,NA,NA
2022-09-13,male_04,male,comoros,acanthuridae,acanthurus_leucosternon,#error!,5,5,16,18,NA,NA,NA,NA
2022-09-13,male_04,male,comoros,acanthuridae,zebrasoma_scopas,#error!,5,3,11,13,NA,NA,NA,NA
2021-03-31,mlcg_01,malindi_coral_garden,kenya,acanthuridae,acanthurus_dussumieri,#error!,4,3,26,28,NA,NA,NA,NA
2021-03-31,mlcg_01,malindi_coral_garden,kenya,acanthuridae,acanthurus_dussumieri,#error!,4,15,16,18,NA,NA,NA,NA
2021-03-31,mlcg_01,malindi_coral_garden,kenya,acanthuridae,acanthurus_dussumieri,#error!,4,2,21,23,NA,NA,NA,NA
2021-03-31,mlcg_01,malindi_coral_garden,kenya,acanthuridae,ctenochaetus_striatus,#error!,4,8,11,13,NA,NA,NA,NA
2021-03-31,mlcg_01,malindi_coral_garden,kenya,acanthuridae,zebrasoma_scopas,#error!,4,10,11,13,NA,NA,NA,NA
2021-03-31,mlcg_02,malindi_coral_garden,kenya,acanthuridae,acanthurus_dussumieri,#error!,1,1,16,18,NA,NA,NA,NA
2021-03-31,mlcg_02,malindi_coral_garden,kenya,acanthuridae,acanthurus_leucosternon,#error!,1,10,16,18,NA,NA,NA,NA
2021-03-31,mlcg_02,malindi_coral_garden,kenya,acanthuridae,acanthurus_leucosternon,#error!,1,4,11,13,NA,NA,NA,NA
2021-03-31,mlcg_02,malindi_coral_garden,kenya,acanthuridae,naso_brevirostris_s,#error!,1,1,11,13,NA,NA,NA,NA
2021-03-31,mlcg_02,malindi_coral_garden,kenya,acanthuridae,ctenochaetus_striatus,#error!,1,18,11,13,NA,NA,NA,NA
2021-03-31,mlcg_02,malindi_coral_garden,kenya,acanthuridae,ctenochaetus_binotatus,#error!,1,4,11,13,NA,NA,NA,NA
2021-03-31,mlcg_02,malindi_coral_garden,kenya,acanthuridae,acanthurus_dussumieri,#error!,2,7,16,18,NA,NA,NA,NA
2021-03-31,mlcg_02,malindi_coral_garden,kenya,acanthuridae,acanthurus_dussumieri,#error!,2,8,21,23,NA,NA,NA,NA
2021-03-31,mlcg_02,malindi_coral_garden,kenya,acanthuridae,acanthurus_nigricaudus,#error!,2,7,16,18,NA,NA,NA,NA
2021-03-31,mlcg_02,malindi_coral_garden,kenya,acanthuridae,acanthurus_nigrofuscus,#error!,2,4,11,13,NA,NA,NA,NA
2021-03-31,mlcg_02,malindi_coral_garden,kenya,acanthuridae,acanthurus_leucosternon,#error!,2,4,11,13,NA,NA,NA,NA
2021-03-31,mlcg_02,malindi_coral_garden,kenya,acanthuridae,acanthurus_leucosternon,#error!,2,2,21,23,NA,NA,NA,NA
2021-03-31,mlcg_02,malindi_coral_garden,kenya,acanthuridae,naso_elegans,#error!,2,4,26,28,NA,NA,NA,NA
2021-03-31,mlcg_02,malindi_coral_garden,kenya,acanthuridae,ctenochaetus_striatus,#error!,2,30,11,13,NA,NA,NA,NA
2021-03-31,mlcg_02,malindi_coral_garden,kenya,acanthuridae,zebrasoma_scopas,#error!,2,2,11,13,NA,NA,NA,NA
2021-03-31,mlcg_02,malindi_coral_garden,kenya,acanthuridae,acanthurus_dussumieri,#error!,3,4,16,18,NA,NA,NA,NA
2021-03-31,mlcg_02,malindi_coral_garden,kenya,acanthuridae,acanthurus_dussumieri,#error!,3,4,26,28,NA,NA,NA,NA
2021-03-31,mlcg_02,malindi_coral_garden,kenya,acanthuridae,acanthurus_nigrofuscus,#error!,3,4,11,13,NA,NA,NA,NA
2021-03-31,mlcg_02,malindi_coral_garden,kenya,acanthuridae,acanthurus_leucosternon,#error!,3,4,16,18,NA,NA,NA,NA
2021-03-31,mlcg_02,malindi_coral_garden,kenya,acanthuridae,acanthurus_leucosternon,#error!,3,2,21,23,NA,NA,NA,NA
2021-03-31,mlcg_02,malindi_coral_garden,kenya,acanthuridae,acanthurus_leucosternon,#error!,3,5,11,13,NA,NA,NA,NA
2021-03-31,mlcg_02,malindi_coral_garden,kenya,acanthuridae,naso_elegans,#error!,3,8,26,28,NA,NA,NA,NA
2021-03-31,mlcg_02,malindi_coral_garden,kenya,acanthuridae,ctenochaetus_striatus,#error!,3,30,11,13,NA,NA,NA,NA
2021-03-31,mlcg_02,malindi_coral_garden,kenya,acanthuridae,ctenochaetus_binotatus,#error!,3,2,11,13,NA,NA,NA,NA
2023-02-21,mat_01,manda_toto,kenya,acanthuridae,naso_elegans,#error!,1,8,26,28,NA,NA,NA,NA
2019-11-12,man_01,mandela,tanzania,acanthuridae,naso_thynnoides,#error!,1,4,16,18,NA,NA,NA,NA
2019-11-12,man_01,mandela,tanzania,acanthuridae,ctenochaetus_striatus,#error!,1,9,11,13,NA,NA,NA,NA
2019-11-12,man_01,mandela,tanzania,acanthuridae,ctenochaetus_truncatus,#error!,1,1,11,13,NA,NA,NA,NA
2019-11-12,man_01,mandela,tanzania,acanthuridae,ctenochaetus_striatus,#error!,2,9,11,13,NA,NA,NA,NA
2019-11-12,man_01,mandela,tanzania,acanthuridae,ctenochaetus_truncatus,#error!,2,2,11,13,NA,NA,NA,NA
2019-11-12,man_01,mandela,tanzania,acanthuridae,zebrasoma_scopas,#error!,2,1,11,13,NA,NA,NA,NA
2019-11-12,man_01,mandela,tanzania,acanthuridae,naso_elegans,#error!,3,1,11,13,NA,NA,NA,NA
2019-11-12,man_01,mandela,tanzania,acanthuridae,ctenochaetus_striatus,#error!,3,6,11,13,NA,NA,NA,NA
2019-11-12,man_01,mandela,tanzania,acanthuridae,zebrasoma_scopas,#error!,3,3,11,13,NA,NA,NA,NA
2019-11-12,man_02,mandela,tanzania,acanthuridae,acanthurus_nigricaudus,#error!,4,2,16,18,NA,NA,NA,NA
2019-11-12,man_02,mandela,tanzania,acanthuridae,acanthurus_nigricaudus,#error!,4,2,21,23,NA,NA,NA,NA
2019-11-12,man_02,mandela,tanzania,acanthuridae,acanthurus_nigrofuscus,#error!,4,3,11,13,NA,NA,NA,NA
2019-11-12,man_02,mandela,tanzania,acanthuridae,naso_thynnoides,#error!,4,1,16,18,NA,NA,NA,NA
2019-11-12,man_02,mandela,tanzania,acanthuridae,ctenochaetus_striatus,#error!,4,7,11,13,NA,NA,NA,NA
2019-11-12,man_02,mandela,tanzania,acanthuridae,ctenochaetus_truncatus,#error!,4,9,11,13,NA,NA,NA,NA
2019-11-12,man_02,mandela,tanzania,acanthuridae,zebrasoma_scopas,#error!,4,2,11,13,NA,NA,NA,NA
2019-11-12,man_02,mandela,tanzania,acanthuridae,acanthurus_nigrofuscus,#error!,5,3,11,13,NA,NA,NA,NA
2019-11-12,man_02,mandela,tanzania,acanthuridae,naso_thynnoides,#error!,5,10,16,18,NA,NA,NA,NA
2019-11-12,man_02,mandela,tanzania,acanthuridae,naso_thynnoides,#error!,5,2,21,23,NA,NA,NA,NA
2019-11-12,man_02,mandela,tanzania,acanthuridae,ctenochaetus_striatus,#error!,5,11,11,13,NA,NA,NA,NA
2019-11-12,man_02,mandela,tanzania,acanthuridae,ctenochaetus_truncatus,#error!,5,8,11,13,NA,NA,NA,NA
2019-11-12,man_02,mandela,tanzania,acanthuridae,zebrasoma_scopas,#error!,5,8,11,13,NA,NA,NA,NA
2022-11-15,mgein_01,mange_inner,tanzania,acanthuridae,acanthurus_nigrofuscus,#error!,1,9,11,13,NA,NA,NA,NA
2022-11-15,mgein_01,mange_inner,tanzania,acanthuridae,acanthurus_nigrofuscus,#error!,2,4,11,13,NA,NA,NA,NA
2022-11-15,mgein_01,mange_inner,tanzania,acanthuridae,ctenochaetus_binotatus,#error!,2,1,11,13,NA,NA,NA,NA
2022-11-15,mgein_01,mange_inner,tanzania,acanthuridae,acanthurus_nigrofuscus,#error!,3,5,11,13,NA,NA,NA,NA
2022-11-15,mgein_01,mange_inner,tanzania,acanthuridae,ctenochaetus_truncatus,#error!,3,1,11,13,NA,NA,NA,NA
2022-11-15,mgein_01,mange_inner,tanzania,acanthuridae,ctenochaetus_binotatus,#error!,3,1,11,13,NA,NA,NA,NA
2022-11-15,mgein_01,mange_inner,tanzania,acanthuridae,zebrasoma_scopas,#error!,3,2,11,13,NA,NA,NA,NA
2022-11-15,mgein_02,mange_inner,tanzania,acanthuridae,acanthurus_nigrofuscus,#error!,4,10,11,13,NA,NA,NA,NA
2022-11-15,mgein_02,mange_inner,tanzania,acanthuridae,naso_brevirostris,#error!,4,1,16,18,NA,NA,NA,NA
2022-11-15,mgein_02,mange_inner,tanzania,acanthuridae,zebrasoma_scopas,#error!,4,1,11,13,NA,NA,NA,NA
2022-11-15,mgein_02,mange_inner,tanzania,acanthuridae,acanthurus_nigrofuscus,#error!,5,15,11,13,NA,NA,NA,NA
2022-11-15,mgein_02,mange_inner,tanzania,acanthuridae,zebrasoma_scopas,#error!,5,1,11,13,NA,NA,NA,NA
2022-11-22,mgeout_01,mange_outer,tanzania,acanthuridae,acanthurus_nigrofuscus,#error!,1,4,11,13,NA,NA,NA,NA
2022-11-22,mgeout_01,mange_outer,tanzania,acanthuridae,acanthurus_nigrofuscus,#error!,2,2,11,13,NA,NA,NA,NA
2022-11-22,mgeout_01,mange_outer,tanzania,acanthuridae,ctenochaetus_striatus,#error!,2,3,11,13,NA,NA,NA,NA
2022-11-22,mgeout_01,mange_outer,tanzania,acanthuridae,ctenochaetus_truncatus,#error!,2,2,11,13,NA,NA,NA,NA
2022-11-22,mgeout_01,mange_outer,tanzania,acanthuridae,acanthurus_nigrofuscus,#error!,3,7,11,13,NA,NA,NA,NA
2022-11-22,mgeout_01,mange_outer,tanzania,acanthuridae,ctenochaetus_striatus,#error!,3,13,11,13,NA,NA,NA,NA
2022-11-22,mgeout_01,mange_outer,tanzania,acanthuridae,ctenochaetus_binotatus,#error!,3,15,11,13,NA,NA,NA,NA
2022-11-22,mgeout_01,mange_outer,tanzania,acanthuridae,zebrasoma_scopas,#error!,3,1,11,13,NA,NA,NA,NA
2022-11-22,mgeout_02,mange_outer,tanzania,acanthuridae,acanthurus_nigrofuscus,#error!,4,6,11,13,NA,NA,NA,NA
2022-11-22,mgeout_02,mange_outer,tanzania,acanthuridae,ctenochaetus_striatus,#error!,4,6,11,13,NA,NA,NA,NA
2022-11-22,mgeout_02,mange_outer,tanzania,acanthuridae,ctenochaetus_truncatus,#error!,4,3,11,13,NA,NA,NA,NA
2022-11-22,mgeout_02,mange_outer,tanzania,acanthuridae,zebrasoma_scopas,#error!,4,4,11,13,NA,NA,NA,NA
2022-11-22,mgeout_02,mange_outer,tanzania,acanthuridae,acanthurus_dussumieri,#error!,5,1,31,33,NA,NA,NA,NA
2022-11-22,mgeout_02,mange_outer,tanzania,acanthuridae,acanthurus_nigrofuscus,#error!,5,4,11,13,NA,NA,NA,NA
2022-11-22,mgeout_02,mange_outer,tanzania,acanthuridae,ctenochaetus_striatus,#error!,5,7,11,13,NA,NA,NA,NA
2022-11-22,mgeout_02,mange_outer,tanzania,acanthuridae,ctenochaetus_truncatus,#error!,5,7,11,13,NA,NA,NA,NA
2022-11-22,mgeout_02,mange_outer,tanzania,acanthuridae,zebrasoma_scopas,#error!,5,2,11,13,NA,NA,NA,NA
2022-10-19,mps_02,mapasi,kenya,acanthuridae,acanthurus_nigricaudus,#error!,4,4,21,23,NA,NA,NA,NA
2022-10-19,mps_02,mapasi,kenya,acanthuridae,acanthurus_nigricaudus,#error!,4,3,16,18,NA,NA,NA,NA
2022-10-19,mps_02,mapasi,kenya,acanthuridae,acanthurus_leucosternon,#error!,4,2,11,13,NA,NA,NA,NA
2022-10-19,mps_02,mapasi,kenya,acanthuridae,acanthurus_leucosternon,#error!,4,1,16,18,NA,NA,NA,NA
2022-10-19,mps_02,mapasi,kenya,acanthuridae,acanthurus_leucosternon,#error!,4,3,21,23,NA,NA,NA,NA
2022-10-19,mps_02,mapasi,kenya,acanthuridae,acanthurus_lineatus,#error!,4,1,16,18,NA,NA,NA,NA
2022-10-19,mps_02,mapasi,kenya,acanthuridae,acanthurus_nigrofuscus,#error!,4,6,11,13,NA,NA,NA,NA
2022-10-19,mps_02,mapasi,kenya,acanthuridae,ctenochaetus_binotatus,#error!,4,1,11,13,NA,NA,NA,NA
2022-10-19,mps_02,mapasi,kenya,acanthuridae,acanthurus_leucosternon,#error!,5,1,21,23,NA,NA,NA,NA
2022-10-19,mps_02,mapasi,kenya,acanthuridae,acanthurus_nigrofuscus,#error!,5,3,11,13,NA,NA,NA,NA
2022-10-19,mps_01,mapasi,kenya,acanthuridae,acanthurus_nigricaudus,#error!,1,1,16,18,NA,NA,NA,NA
2022-10-19,mps_01,mapasi,kenya,acanthuridae,acanthurus_leucosternon,#error!,1,7,16,18,NA,NA,NA,NA
2022-10-19,mps_01,mapasi,kenya,acanthuridae,acanthurus_leucosternon,#error!,1,1,21,23,NA,NA,NA,NA
2022-10-19,mps_01,mapasi,kenya,acanthuridae,acanthurus_leucosternon,#error!,1,1,11,13,NA,NA,NA,NA
2022-10-19,mps_01,mapasi,kenya,acanthuridae,acanthurus_nigrofuscus,#error!,1,6,11,13,NA,NA,NA,NA
2022-10-19,mps_01,mapasi,kenya,acanthuridae,ctenochaetus_truncatus,#error!,1,4,11,13,NA,NA,NA,NA
2022-10-19,mps_01,mapasi,kenya,acanthuridae,acanthurus_nigricaudus,#error!,2,1,11,13,NA,NA,NA,NA
2022-10-19,mps_01,mapasi,kenya,acanthuridae,acanthurus_nigricaudus,#error!,2,3,21,23,NA,NA,NA,NA
2022-10-19,mps_01,mapasi,kenya,acanthuridae,acanthurus_triostegus,#error!,2,100,11,13,NA,NA,NA,NA
2022-10-19,mps_01,mapasi,kenya,acanthuridae,acanthurus_leucosternon,#error!,2,3,16,18,NA,NA,NA,NA
2022-10-19,mps_01,mapasi,kenya,acanthuridae,acanthurus_leucosternon,#error!,2,4,21,23,NA,NA,NA,NA
2022-10-19,mps_01,mapasi,kenya,acanthuridae,acanthurus_leucosternon,#error!,2,2,11,13,NA,NA,NA,NA
2022-10-19,mps_01,mapasi,kenya,acanthuridae,acanthurus_nigrofuscus,#error!,2,4,11,13,NA,NA,NA,NA
2022-10-19,mps_01,mapasi,kenya,acanthuridae,ctenochaetus_truncatus,#error!,2,8,11,13,NA,NA,NA,NA
2022-10-19,mps_01,mapasi,kenya,acanthuridae,ctenochaetus_binotatus,#error!,2,2,11,13,NA,NA,NA,NA
2022-10-19,mps_01,mapasi,kenya,acanthuridae,zebrasoma_scopas,#error!,2,3,11,13,NA,NA,NA,NA
2022-10-19,mps_01,mapasi,kenya,acanthuridae,zebrasoma_scopas,#error!,2,2,16,18,NA,NA,NA,NA
2022-10-19,mps_01,mapasi,kenya,acanthuridae,acanthurus_nigricaudus,#error!,3,1,21,23,NA,NA,NA,NA
2022-10-19,mps_01,mapasi,kenya,acanthuridae,acanthurus_nigricaudus,#error!,3,3,26,28,NA,NA,NA,NA
2022-10-19,mps_01,mapasi,kenya,acanthuridae,acanthurus_nigricaudus,#error!,3,6,31,33,NA,NA,NA,NA
2022-10-19,mps_01,mapasi,kenya,acanthuridae,acanthurus_nigricaudus,#error!,3,6,11,13,NA,NA,NA,NA
2022-10-19,mps_01,mapasi,kenya,acanthuridae,naso_elegans,#error!,3,1,16,18,NA,NA,NA,NA
2020-11-18,mar_01,marereni_tengefu,kenya,acanthuridae,acanthurus_leucosternon,#error!,1,2,11,13,NA,NA,NA,NA
2020-11-18,mar_01,marereni_tengefu,kenya,acanthuridae,ctenochaetus_striatus,#error!,1,5,11,13,NA,NA,NA,NA
2020-11-18,mar_01,marereni_tengefu,kenya,acanthuridae,acanthurus_leucosternon,#error!,2,2,11,13,NA,NA,NA,NA
2020-11-18,mar_01,marereni_tengefu,kenya,acanthuridae,ctenochaetus_striatus,#error!,2,15,11,13,NA,NA,NA,NA
2020-11-18,mar_01,marereni_tengefu,kenya,acanthuridae,ctenochaetus_striatus,#error!,3,10,11,13,NA,NA,NA,NA
2020-11-18,mar_01,marereni_tengefu,kenya,acanthuridae,acanthurus_triostegus,#error!,3,1,11,13,NA,NA,NA,NA
2020-11-18,mar_01,marereni_tengefu,kenya,acanthuridae,acanthurus_leucosternon,#error!,4,2,11,13,NA,NA,NA,NA
2020-11-18,mar_01,marereni_tengefu,kenya,acanthuridae,ctenochaetus_striatus,#error!,4,2,11,13,NA,NA,NA,NA
2020-11-18,mar_01,marereni_tengefu,kenya,acanthuridae,acanthurus_leucosternon,#error!,5,1,11,13,NA,NA,NA,NA
2020-11-18,mar_01,marereni_tengefu,kenya,acanthuridae,ctenochaetus_striatus,#error!,5,7,11,13,NA,NA,NA,NA
2018-10-07,gc_a_p_sc07,mbachile_napabo,comoros,acanthuridae,acanthurus_blochii,#error!,1,1,16,18,NA,NA,NA,NA
2018-10-07,gc_a_p_sc07,mbachile_napabo,comoros,acanthuridae,paracanthurus_hepatus,#error!,1,2,16,18,NA,NA,NA,NA
2018-10-07,gc_a_p_sc07,mbachile_napabo,comoros,acanthuridae,acanthurus_nigrofuscus,#error!,1,11,11,13,NA,NA,NA,NA
2018-10-07,gc_a_p_sc07,mbachile_napabo,comoros,acanthuridae,naso_elegans,#error!,1,1,21,23,NA,NA,NA,NA
2018-10-07,gc_a_p_sc07,mbachile_napabo,comoros,acanthuridae,naso_elegans,#error!,1,1,26,28,NA,NA,NA,NA
2018-10-07,gc_a_p_sc07,mbachile_napabo,comoros,acanthuridae,naso_elegans,#error!,1,2,16,18,NA,NA,NA,NA
2018-10-07,gc_a_p_sc07,mbachile_napabo,comoros,acanthuridae,ctenochaetus_striatus,#error!,1,11,11,13,NA,NA,NA,NA
2018-10-07,gc_a_p_sc07,mbachile_napabo,comoros,acanthuridae,ctenochaetus_truncatus,#error!,1,33,11,13,NA,NA,NA,NA
2018-10-07,gc_a_p_sc07,mbachile_napabo,comoros,acanthuridae,zebrasoma_scopas,#error!,1,2,11,13,NA,NA,NA,NA
2018-10-07,gc_a_p_sc07,mbachile_napabo,comoros,acanthuridae,paracanthurus_hepatus,#error!,2,2,16,18,NA,NA,NA,NA
2018-10-07,gc_a_p_sc07,mbachile_napabo,comoros,acanthuridae,acanthurus_nigrofuscus,#error!,2,11,11,13,NA,NA,NA,NA
2018-10-07,gc_a_p_sc07,mbachile_napabo,comoros,acanthuridae,naso_brevirostris_s,#error!,2,1,16,18,NA,NA,NA,NA
2018-10-07,gc_a_p_sc07,mbachile_napabo,comoros,acanthuridae,naso_elegans,#error!,2,1,31,33,NA,NA,NA,NA
2018-10-07,gc_a_p_sc07,mbachile_napabo,comoros,acanthuridae,naso_elegans,#error!,2,1,26,28,NA,NA,NA,NA
2018-10-07,gc_a_p_sc07,mbachile_napabo,comoros,acanthuridae,ctenochaetus_striatus,#error!,2,19,11,13,NA,NA,NA,NA
2018-10-07,gc_a_p_sc07,mbachile_napabo,comoros,acanthuridae,ctenochaetus_truncatus,#error!,2,25,11,13,NA,NA,NA,NA
2018-10-07,gc_a_p_sc07,mbachile_napabo,comoros,acanthuridae,zebrasoma_scopas,#error!,2,5,11,13,NA,NA,NA,NA
2018-10-07,gc_a_p_sc07,mbachile_napabo,comoros,acanthuridae,paracanthurus_hepatus,#error!,3,1,16,18,NA,NA,NA,NA
2018-10-07,gc_a_p_sc07,mbachile_napabo,comoros,acanthuridae,acanthurus_nigrofuscus,#error!,3,8,11,13,NA,NA,NA,NA
2018-10-07,gc_a_p_sc07,mbachile_napabo,comoros,acanthuridae,acanthurus_leucosternon,#error!,3,2,11,13,NA,NA,NA,NA
2018-10-07,gc_a_p_sc07,mbachile_napabo,comoros,acanthuridae,naso_brevirostris_b,#error!,3,20,21,23,NA,NA,NA,NA
2018-10-07,gc_a_p_sc07,mbachile_napabo,comoros,acanthuridae,naso_brevirostris_b,#error!,3,5,26,28,NA,NA,NA,NA
2018-10-07,gc_a_p_sc07,mbachile_napabo,comoros,acanthuridae,ctenochaetus_striatus,#error!,3,22,11,13,NA,NA,NA,NA
2018-10-07,gc_a_p_sc07,mbachile_napabo,comoros,acanthuridae,ctenochaetus_truncatus,#error!,3,39,11,13,NA,NA,NA,NA
2018-10-07,gc_a_p_sc07,mbachile_napabo,comoros,acanthuridae,zebrasoma_scopas,#error!,3,16,11,13,NA,NA,NA,NA
2018-10-08,gc_a_p_sc08,mbachile_napabo,comoros,acanthuridae,acanthurus_nigrofuscus,#error!,4,23,11,13,NA,NA,NA,NA
2018-10-08,gc_a_p_sc08,mbachile_napabo,comoros,acanthuridae,naso_elegans,#error!,4,1,26,28,NA,NA,NA,NA
2018-10-08,gc_a_p_sc08,mbachile_napabo,comoros,acanthuridae,ctenochaetus_striatus,#error!,4,3,11,13,NA,NA,NA,NA
2018-10-08,gc_a_p_sc08,mbachile_napabo,comoros,acanthuridae,ctenochaetus_truncatus,#error!,4,5,11,13,NA,NA,NA,NA
2018-10-08,gc_a_p_sc08,mbachile_napabo,comoros,acanthuridae,acanthurus_nigrofuscus,#error!,5,36,11,13,NA,NA,NA,NA
2018-10-08,gc_a_p_sc08,mbachile_napabo,comoros,acanthuridae,naso_elegans,#error!,5,1,26,28,NA,NA,NA,NA
2018-10-08,gc_a_p_sc08,mbachile_napabo,comoros,acanthuridae,ctenochaetus_truncatus,#error!,5,6,11,13,NA,NA,NA,NA
2018-10-08,gc_a_p_sc08,mbachile_napabo,comoros,acanthuridae,zebrasoma_scopas,#error!,5,3,11,13,NA,NA,NA,NA
2018-10-08,gc_a_p_sc08,mbachile_napabo,comoros,acanthuridae,acanthurus_nigrofuscus,#error!,6,45,11,13,NA,NA,NA,NA
2018-10-08,gc_a_p_sc08,mbachile_napabo,comoros,acanthuridae,naso_elegans,#error!,6,5,26,28,NA,NA,NA,NA
2018-10-08,gc_a_p_sc08,mbachile_napabo,comoros,acanthuridae,ctenochaetus_striatus,#error!,6,4,11,13,NA,NA,NA,NA
2018-10-08,gc_a_p_sc08,mbachile_napabo,comoros,acanthuridae,ctenochaetus_truncatus,#error!,6,7,11,13,NA,NA,NA,NA
2022-04-02,mbo_01,mboe,kenya,acanthuridae,acanthurus_nigrofuscus,#error!,1,6,11,13,NA,NA,NA,NA
2022-04-02,mbo_01,mboe,kenya,acanthuridae,acanthurus_leucosternon,#error!,1,1,11,13,NA,NA,NA,NA
2022-04-02,mbo_01,mboe,kenya,acanthuridae,acanthurus_leucosternon,#error!,1,8,16,18,NA,NA,NA,NA
2022-04-02,mbo_01,mboe,kenya,acanthuridae,naso_elegans,#error!,1,1,31,33,NA,NA,NA,NA
2022-04-02,mbo_01,mboe,kenya,acanthuridae,ctenochaetus_binotatus,#error!,1,4,11,13,NA,NA,NA,NA
2022-04-02,mbo_01,mboe,kenya,acanthuridae,acanthurus_nigrofuscus,#error!,2,5,11,13,NA,NA,NA,NA
2022-04-02,mbo_01,mboe,kenya,acanthuridae,acanthurus_leucosternon,#error!,2,1,11,13,NA,NA,NA,NA
2022-04-02,mbo_01,mboe,kenya,acanthuridae,acanthurus_leucosternon,#error!,2,2,16,18,NA,NA,NA,NA
2022-04-02,mbo_01,mboe,kenya,acanthuridae,zebrasoma_scopas,#error!,2,1,11,13,NA,NA,NA,NA
2022-04-02,mbo_01,mboe,kenya,acanthuridae,ctenochaetus_binotatus,#error!,2,5,11,13,NA,NA,NA,NA
2022-04-02,mbo_01,mboe,kenya,acanthuridae,acanthurus_nigrofuscus,#error!,3,7,11,13,NA,NA,NA,NA
2022-04-02,mbo_01,mboe,kenya,acanthuridae,acanthurus_leucosternon,#error!,3,1,11,13,NA,NA,NA,NA
2022-04-02,mbo_01,mboe,kenya,acanthuridae,acanthurus_leucosternon,#error!,3,2,16,18,NA,NA,NA,NA
2022-04-02,mbo_01,mboe,kenya,acanthuridae,ctenochaetus_truncatus,#error!,3,17,11,13,NA,NA,NA,NA
2022-04-02,mbo_01,mboe,kenya,acanthuridae,ctenochaetus_binotatus,#error!,3,4,11,13,NA,NA,NA,NA
2022-04-02,mbo_02,mboe,kenya,acanthuridae,acanthurus_nigrofuscus,#error!,4,12,11,13,NA,NA,NA,NA
2022-04-02,mbo_02,mboe,kenya,acanthuridae,ctenochaetus_truncatus,#error!,4,1,11,13,NA,NA,NA,NA
2022-04-02,mbo_02,mboe,kenya,acanthuridae,zebrasoma_scopas,#error!,4,1,11,13,NA,NA,NA,NA
2022-04-02,mbo_02,mboe,kenya,acanthuridae,ctenochaetus_binotatus,#error!,4,8,11,13,NA,NA,NA,NA
2022-04-02,mbo_02,mboe,kenya,acanthuridae,acanthurus_nigrofuscus,#error!,5,5,11,13,NA,NA,NA,NA
2022-04-02,mbo_02,mboe,kenya,acanthuridae,ctenochaetus_truncatus,#error!,5,6,11,13,NA,NA,NA,NA
2022-04-02,mbo_02,mboe,kenya,acanthuridae,ctenochaetus_binotatus,#error!,5,10,11,13,NA,NA,NA,NA
2022-04-05,mek_01,mekka,kenya,acanthuridae,acanthurus_nigrofuscus,#error!,1,10,11,13,NA,NA,NA,NA
2022-04-05,mek_01,mekka,kenya,acanthuridae,ctenochaetus_truncatus,#error!,1,1,11,13,NA,NA,NA,NA
2022-04-05,mek_01,mekka,kenya,acanthuridae,ctenochaetus_binotatus,#error!,1,4,11,13,NA,NA,NA,NA
2022-04-05,mek_01,mekka,kenya,acanthuridae,acanthurus_nigricaudus,#error!,2,1,31,33,NA,NA,NA,NA
2022-04-05,mek_01,mekka,kenya,acanthuridae,acanthurus_nigrofuscus,#error!,2,15,11,13,NA,NA,NA,NA
2022-04-05,mek_01,mekka,kenya,acanthuridae,acanthurus_leucosternon,#error!,2,2,11,13,NA,NA,NA,NA
2022-04-05,mek_01,mekka,kenya,acanthuridae,acanthurus_leucosternon,#error!,2,2,16,18,NA,NA,NA,NA
2022-04-05,mek_01,mekka,kenya,acanthuridae,acanthurus_leucosternon,#error!,2,1,26,28,NA,NA,NA,NA
2022-04-05,mek_01,mekka,kenya,acanthuridae,acanthurus_thompsoni,#error!,2,1,26,28,NA,NA,NA,NA
2022-04-05,mek_01,mekka,kenya,acanthuridae,naso_brevirostris_b,#error!,2,1,36,38,NA,NA,NA,NA
2022-04-05,mek_01,mekka,kenya,acanthuridae,naso_elegans,#error!,2,1,31,33,NA,NA,NA,NA
2022-04-05,mek_01,mekka,kenya,acanthuridae,ctenochaetus_truncatus,#error!,2,3,11,13,NA,NA,NA,NA
2022-04-05,mek_01,mekka,kenya,acanthuridae,ctenochaetus_binotatus,#error!,2,5,11,13,NA,NA,NA,NA
2022-04-05,mek_01,mekka,kenya,acanthuridae,acanthurus_nigrofuscus,#error!,3,17,11,13,NA,NA,NA,NA
2022-04-05,mek_01,mekka,kenya,acanthuridae,naso_brevirostris_s,#error!,3,2,21,23,NA,NA,NA,NA
2022-04-05,mek_01,mekka,kenya,acanthuridae,ctenochaetus_binotatus,#error!,3,5,11,13,NA,NA,NA,NA
2022-04-05,mek_02,mekka,kenya,acanthuridae,acanthurus_nigrofuscus,#error!,4,9,11,13,NA,NA,NA,NA
2022-04-05,mek_02,mekka,kenya,acanthuridae,acanthurus_tennentii,#error!,4,1,11,13,NA,NA,NA,NA
2022-04-05,mek_02,mekka,kenya,acanthuridae,zebrasoma_scopas,#error!,4,1,11,13,NA,NA,NA,NA
2022-04-05,mek_02,mekka,kenya,acanthuridae,acanthurus_nigricaudus,#error!,5,2,16,18,NA,NA,NA,NA
2022-04-05,mek_02,mekka,kenya,acanthuridae,acanthurus_nigrofuscus,#error!,5,7,11,13,NA,NA,NA,NA
2022-04-05,mek_02,mekka,kenya,acanthuridae,ctenochaetus_binotatus,#error!,5,1,11,13,NA,NA,NA,NA
2022-09-10,mimo_01,memboiboini,comoros,acanthuridae,acanthurus_nigricaudus,#error!,1,4,11,13,NA,NA,NA,NA
2022-09-10,mimo_01,memboiboini,comoros,acanthuridae,acanthurus_nigricaudus,#error!,1,7,21,23,NA,NA,NA,NA
2022-09-10,mimo_01,memboiboini,comoros,acanthuridae,acanthurus_nigrofuscus,#error!,1,17,11,13,NA,NA,NA,NA
2022-09-10,mimo_01,memboiboini,comoros,acanthuridae,acanthurus_leucosternon,#error!,1,3,21,23,NA,NA,NA,NA
2022-09-10,mimo_01,memboiboini,comoros,acanthuridae,ctenochaetus_truncatus,#error!,1,3,11,13,NA,NA,NA,NA
2022-09-10,mimo_01,memboiboini,comoros,acanthuridae,zebrasoma_scopas,#error!,1,2,11,13,NA,NA,NA,NA
2022-09-10,mimo_02,memboiboini,comoros,acanthuridae,acanthurus_nigricaudus,#error!,2,6,16,18,NA,NA,NA,NA
2022-09-10,mimo_02,memboiboini,comoros,acanthuridae,acanthurus_nigrofuscus,#error!,2,70,11,13,NA,NA,NA,NA
2022-09-10,mimo_02,memboiboini,comoros,acanthuridae,acanthurus_leucosternon,#error!,2,2,11,13,NA,NA,NA,NA
2022-09-10,mimo_02,memboiboini,comoros,acanthuridae,acanthurus_leucosternon,#error!,2,5,16,18,NA,NA,NA,NA
2022-09-10,mimo_02,memboiboini,comoros,acanthuridae,ctenochaetus_truncatus,#error!,2,9,11,13,NA,NA,NA,NA
2022-09-10,mimo_02,memboiboini,comoros,acanthuridae,zebrasoma_scopas,#error!,2,3,11,13,NA,NA,NA,NA
2022-09-10,mimo_02,memboiboini,comoros,acanthuridae,acanthurus_nigricaudus,#error!,3,7,16,18,NA,NA,NA,NA
2022-09-10,mimo_02,memboiboini,comoros,acanthuridae,acanthurus_nigrofuscus,#error!,3,25,11,13,NA,NA,NA,NA
2022-09-10,mimo_02,memboiboini,comoros,acanthuridae,acanthurus_leucosternon,#error!,3,5,16,18,NA,NA,NA,NA
2022-09-10,mimo_02,memboiboini,comoros,acanthuridae,ctenochaetus_truncatus,#error!,3,15,11,13,NA,NA,NA,NA
2022-09-10,mimo_02,memboiboini,comoros,acanthuridae,zebrasoma_scopas,#error!,3,5,11,13,NA,NA,NA,NA
2022-09-10,mimo_02,memboiboini,comoros,acanthuridae,acanthurus_nigricaudus,#error!,4,10,16,18,NA,NA,NA,NA
2022-09-10,mimo_02,memboiboini,comoros,acanthuridae,acanthurus_nigricaudus,#error!,4,5,21,23,NA,NA,NA,NA
2022-09-10,mimo_02,memboiboini,comoros,acanthuridae,acanthurus_leucosternon,#error!,4,1,11,13,NA,NA,NA,NA
2022-09-10,mimo_02,memboiboini,comoros,acanthuridae,acanthurus_leucosternon,#error!,4,2,21,23,NA,NA,NA,NA
2022-09-10,mimo_02,memboiboini,comoros,acanthuridae,ctenochaetus_truncatus,#error!,4,9,11,13,NA,NA,NA,NA
2023-02-14,miki_01,mikes_inner,kenya,acanthuridae,acanthurus_spp.,#error!,1,5,6,8,NA,NA,NA,NA
2023-02-14,miki_01,mikes_inner,kenya,acanthuridae,acanthurus_spp.,#error!,1,1,11,13,NA,NA,NA,NA
2023-02-14,miki_01,mikes_inner,kenya,acanthuridae,acanthurus_spp.,#error!,1,2,21,23,NA,NA,NA,NA
2023-02-14,miki_01,mikes_inner,kenya,acanthuridae,acanthurus_spp.,#error!,1,3,26,28,NA,NA,NA,NA
2023-02-14,miki_01,mikes_inner,kenya,acanthuridae,acanthurus_nigricaudus,#error!,2,60,26,28,NA,NA,NA,NA
2023-02-14,miko_01,mikes_outer,kenya,acanthuridae,acanthurus_spp.,#error!,1,4,6,8,NA,NA,NA,NA
2023-02-14,miko_01,mikes_outer,kenya,acanthuridae,acanthurus_spp.,#error!,1,26,6,8,NA,NA,NA,NA
2023-02-14,miko_01,mikes_outer,kenya,acanthuridae,acanthurus_spp.,#error!,1,6,11,13,NA,NA,NA,NA
2023-02-14,miko_01,mikes_outer,kenya,acanthuridae,acanthurus_spp.,#error!,1,5,16,18,NA,NA,NA,NA
2023-02-14,miko_01,mikes_outer,kenya,acanthuridae,acanthurus_spp.,#error!,1,4,21,23,NA,NA,NA,NA
2023-02-14,miko_01,mikes_outer,kenya,acanthuridae,acanthurus_spp.,#error!,1,2,11,13,NA,NA,NA,NA
2023-02-14,miko_01,mikes_outer,kenya,acanthuridae,acanthurus_spp.,#error!,1,1,21,23,NA,NA,NA,NA
2023-02-14,miko_01,mikes_outer,kenya,acanthuridae,acanthurus_spp.,#error!,1,2,26,28,NA,NA,NA,NA
2023-02-14,miko_01,mikes_outer,kenya,acanthuridae,acanthurus_spp.,#error!,1,2,31,33,NA,NA,NA,NA
2023-02-14,miko_01,mikes_outer,kenya,acanthuridae,acanthurus_spp.,#error!,1,3,16,18,NA,NA,NA,NA
2023-02-14,miko_01,mikes_outer,kenya,acanthuridae,acanthurus_spp.,#error!,2,2,6,8,NA,NA,NA,NA
2023-02-14,miko_01,mikes_outer,kenya,acanthuridae,acanthurus_spp.,#error!,2,1,11,13,NA,NA,NA,NA
2023-02-14,miko_01,mikes_outer,kenya,acanthuridae,acanthurus_spp.,#error!,2,6,21,23,NA,NA,NA,NA
2023-02-14,miko_01,mikes_outer,kenya,acanthuridae,acanthurus_spp.,#error!,2,5,26,28,NA,NA,NA,NA
2023-02-14,miko_01,mikes_outer,kenya,acanthuridae,acanthurus_lineatus,#error!,2,2,26,28,NA,NA,NA,NA
2023-02-14,miko_01,mikes_outer,kenya,acanthuridae,acanthurus_spp.,#error!,3,5,6,8,NA,NA,NA,NA
2023-02-14,miko_01,mikes_outer,kenya,acanthuridae,acanthurus_spp.,#error!,3,3,21,23,NA,NA,NA,NA
2023-02-14,miko_01,mikes_outer,kenya,acanthuridae,acanthurus_lineatus,#error!,3,4,26,28,NA,NA,NA,NA
2023-02-14,miko_02,mikes_outer,kenya,acanthuridae,acanthurus_nigricaudus,#error!,4,2,26,28,NA,NA,NA,NA
2023-02-14,miko_02,mikes_outer,kenya,acanthuridae,acanthurus_nigricaudus,#error!,4,1,31,33,NA,NA,NA,NA
2023-02-14,miko_02,mikes_outer,kenya,acanthuridae,acanthurus_mata,#error!,4,2,26,28,NA,NA,NA,NA
2023-02-14,miko_02,mikes_outer,kenya,acanthuridae,acanthurus_mata,#error!,4,1,31,33,NA,NA,NA,NA
2023-02-14,miko_02,mikes_outer,kenya,acanthuridae,acanthurus_spp.,#error!,4,3,26,28,NA,NA,NA,NA
2023-02-14,miko_02,mikes_outer,kenya,acanthuridae,acanthurus_spp.,#error!,4,5,21,23,NA,NA,NA,NA
2023-02-14,miko_02,mikes_outer,kenya,acanthuridae,acanthurus_spp.,#error!,4,1,16,18,NA,NA,NA,NA
2023-02-14,miko_02,mikes_outer,kenya,acanthuridae,acanthurus_spp.,#error!,4,1,11,13,NA,NA,NA,NA
2023-02-14,miko_02,mikes_outer,kenya,acanthuridae,acanthurus_spp.,#error!,5,1,16,18,NA,NA,NA,NA
2018-10-11,mw_d_p_sc13,mirereni,comoros,acanthuridae,acanthurus_nigrofuscus,#error!,1,6,11,13,NA,NA,NA,NA
2018-10-11,mw_d_p_sc13,mirereni,comoros,acanthuridae,acanthurus_tennentii,#error!,1,1,16,18,NA,NA,NA,NA
2018-10-11,mw_d_p_sc13,mirereni,comoros,acanthuridae,acanthurus_thompsoni,#error!,1,11,11,13,NA,NA,NA,NA
2018-10-11,mw_d_p_sc13,mirereni,comoros,acanthuridae,naso_brevirostris_b,#error!,1,3,21,23,NA,NA,NA,NA
2018-10-11,mw_d_p_sc13,mirereni,comoros,acanthuridae,naso_brevirostris_b,#error!,1,3,26,28,NA,NA,NA,NA
2018-10-11,mw_d_p_sc13,mirereni,comoros,acanthuridae,naso_elegans,#error!,1,1,31,33,NA,NA,NA,NA
2018-10-11,mw_d_p_sc13,mirereni,comoros,acanthuridae,naso_elegans,#error!,1,1,26,28,NA,NA,NA,NA
2018-10-11,mw_d_p_sc13,mirereni,comoros,acanthuridae,naso_unicornis,#error!,1,1,31,33,NA,NA,NA,NA
2018-10-11,mw_d_p_sc13,mirereni,comoros,acanthuridae,naso_unicornis,#error!,1,1,41,43,NA,NA,NA,NA
2018-10-11,mw_d_p_sc13,mirereni,comoros,acanthuridae,naso_vlamingii,#error!,1,3,26,28,NA,NA,NA,NA
2018-10-11,mw_d_p_sc13,mirereni,comoros,acanthuridae,ctenochaetus_striatus,#error!,1,2,11,13,NA,NA,NA,NA
2018-10-11,mw_d_p_sc13,mirereni,comoros,acanthuridae,ctenochaetus_truncatus,#error!,1,20,11,13,NA,NA,NA,NA
2018-10-11,mw_d_p_sc13,mirereni,comoros,acanthuridae,zebrasoma_scopas,#error!,1,13,11,13,NA,NA,NA,NA
2018-10-11,mw_d_p_sc13,mirereni,comoros,acanthuridae,acanthurus_nigrofuscus,#error!,2,22,11,13,NA,NA,NA,NA
2018-10-11,mw_d_p_sc13,mirereni,comoros,acanthuridae,naso_elegans,#error!,2,6,31,33,NA,NA,NA,NA
2018-10-11,mw_d_p_sc13,mirereni,comoros,acanthuridae,naso_elegans,#error!,2,1,21,23,NA,NA,NA,NA
2018-10-11,mw_d_p_sc13,mirereni,comoros,acanthuridae,naso_elegans,#error!,2,2,26,28,NA,NA,NA,NA
2018-10-11,mw_d_p_sc13,mirereni,comoros,acanthuridae,ctenochaetus_striatus,#error!,2,30,11,13,NA,NA,NA,NA
2018-10-11,mw_d_p_sc13,mirereni,comoros,acanthuridae,ctenochaetus_truncatus,#error!,2,10,11,13,NA,NA,NA,NA
2018-10-11,mw_d_p_sc13,mirereni,comoros,acanthuridae,zebrasoma_scopas,#error!,2,17,11,13,NA,NA,NA,NA
2018-10-12,mw_d_p_sc14,mirereni,comoros,acanthuridae,acanthurus_nigrofuscus,#error!,3,2,11,13,NA,NA,NA,NA
2018-10-12,mw_d_p_sc14,mirereni,comoros,acanthuridae,ctenochaetus_striatus,#error!,3,9,11,13,NA,NA,NA,NA
2018-10-12,mw_d_p_sc14,mirereni,comoros,acanthuridae,ctenochaetus_truncatus,#error!,3,3,11,13,NA,NA,NA,NA
2018-10-12,mw_d_p_sc14,mirereni,comoros,acanthuridae,zebrasoma_scopas,#error!,3,3,11,13,NA,NA,NA,NA
2018-10-12,mw_d_p_sc14,mirereni,comoros,acanthuridae,acanthurus_xanthopterus,#error!,4,2,26,28,NA,NA,NA,NA
2018-10-12,mw_d_p_sc14,mirereni,comoros,acanthuridae,acanthurus_nigrofuscus,#error!,4,3,11,13,NA,NA,NA,NA
2018-10-12,mw_d_p_sc14,mirereni,comoros,acanthuridae,ctenochaetus_striatus,#error!,4,7,11,13,NA,NA,NA,NA
2018-10-12,mw_d_p_sc14,mirereni,comoros,acanthuridae,zebrasoma_scopas,#error!,4,6,11,13,NA,NA,NA,NA
2018-10-12,mw_d_p_sc14,mirereni,comoros,acanthuridae,acanthurus_nigrofuscus,#error!,5,22,11,13,NA,NA,NA,NA
2018-10-12,mw_d_p_sc14,mirereni,comoros,acanthuridae,acanthurus_leucosternon,#error!,5,1,11,13,NA,NA,NA,NA
2018-10-12,mw_d_p_sc14,mirereni,comoros,acanthuridae,acanthurus_lineatus,#error!,5,2,16,18,NA,NA,NA,NA
2018-10-12,mw_d_p_sc14,mirereni,comoros,acanthuridae,acanthurus_tennentii,#error!,5,1,16,18,NA,NA,NA,NA
2018-10-12,mw_d_p_sc14,mirereni,comoros,acanthuridae,ctenochaetus_striatus,#error!,5,22,11,13,NA,NA,NA,NA
2018-10-12,mw_d_p_sc14,mirereni,comoros,acanthuridae,ctenochaetus_truncatus,#error!,5,6,11,13,NA,NA,NA,NA
2018-10-12,mw_d_p_sc14,mirereni,comoros,acanthuridae,zebrasoma_scopas,#error!,5,7,11,13,NA,NA,NA,NA
2018-10-13,mw_b_p_sc15,miringoni,comoros,acanthuridae,acanthurus_nigrofuscus,#error!,1,11,11,13,NA,NA,NA,NA
2018-10-13,mw_b_p_sc15,miringoni,comoros,acanthuridae,acanthurus_thompsoni,#error!,1,2,16,18,NA,NA,NA,NA
2018-10-13,mw_b_p_sc15,miringoni,comoros,acanthuridae,naso_brevirostris_b,#error!,1,19,21,23,NA,NA,NA,NA
2018-10-13,mw_b_p_sc15,miringoni,comoros,acanthuridae,naso_elegans,#error!,1,1,16,18,NA,NA,NA,NA
2018-10-13,mw_b_p_sc15,miringoni,comoros,acanthuridae,naso_elegans,#error!,1,1,26,28,NA,NA,NA,NA
2018-10-13,mw_b_p_sc15,miringoni,comoros,acanthuridae,ctenochaetus_truncatus,#error!,1,22,11,13,NA,NA,NA,NA
2018-10-13,mw_b_p_sc15,miringoni,comoros,acanthuridae,zebrasoma_scopas,#error!,1,6,11,13,NA,NA,NA,NA
2018-10-13,mw_b_p_sc15,miringoni,comoros,acanthuridae,acanthurus_nigrofuscus,#error!,2,20,11,13,NA,NA,NA,NA
2018-10-13,mw_b_p_sc15,miringoni,comoros,acanthuridae,naso_brevirostris_b,#error!,2,2,21,23,NA,NA,NA,NA
2018-10-13,mw_b_p_sc15,miringoni,comoros,acanthuridae,naso_brevirostris_s,#error!,2,2,16,18,NA,NA,NA,NA
2018-10-13,mw_b_p_sc15,miringoni,comoros,acanthuridae,naso_elegans,#error!,2,2,21,23,NA,NA,NA,NA
2018-10-13,mw_b_p_sc15,miringoni,comoros,acanthuridae,naso_vlamingii,#error!,2,3,16,18,NA,NA,NA,NA
2018-10-13,mw_b_p_sc15,miringoni,comoros,acanthuridae,ctenochaetus_truncatus,#error!,2,30,11,13,NA,NA,NA,NA
2018-10-13,mw_b_p_sc15,miringoni,comoros,acanthuridae,zebrasoma_scopas,#error!,2,12,11,13,NA,NA,NA,NA
2018-10-13,mw_b_p_sc15,miringoni,comoros,acanthuridae,acanthurus_nigrofuscus,#error!,3,30,11,13,NA,NA,NA,NA
2018-10-13,mw_b_p_sc15,miringoni,comoros,acanthuridae,acanthurus_tennentii,#error!,3,1,16,18,NA,NA,NA,NA
2018-10-13,mw_b_p_sc15,miringoni,comoros,acanthuridae,naso_elegans,#error!,3,3,21,23,NA,NA,NA,NA
2018-10-13,mw_b_p_sc15,miringoni,comoros,acanthuridae,naso_brachycentron,#error!,3,1,21,23,NA,NA,NA,NA
2018-10-13,mw_b_p_sc15,miringoni,comoros,acanthuridae,ctenochaetus_striatus,#error!,3,8,11,13,NA,NA,NA,NA
2018-10-13,mw_b_p_sc15,miringoni,comoros,acanthuridae,ctenochaetus_truncatus,#error!,3,20,11,13,NA,NA,NA,NA
2018-10-13,mw_b_p_sc15,miringoni,comoros,acanthuridae,zebrasoma_scopas,#error!,3,10,11,13,NA,NA,NA,NA
2018-10-13,mw_b_p_sc15,miringoni,comoros,acanthuridae,zebrasoma_velifer,#error!,3,2,16,18,NA,NA,NA,NA
2018-10-14,mw_b_p_sc18,miringoni,comoros,acanthuridae,acanthurus_nigricaudus,#error!,4,2,26,28,NA,NA,NA,NA
2018-10-14,mw_b_p_sc18,miringoni,comoros,acanthuridae,acanthurus_nigrofuscus,#error!,4,12,11,13,NA,NA,NA,NA
2018-10-14,mw_b_p_sc18,miringoni,comoros,acanthuridae,acanthurus_tennentii,#error!,4,3,21,23,NA,NA,NA,NA
2018-10-14,mw_b_p_sc18,miringoni,comoros,acanthuridae,naso_elegans,#error!,4,4,21,23,NA,NA,NA,NA
2018-10-14,mw_b_p_sc18,miringoni,comoros,acanthuridae,naso_unicornis,#error!,4,1,36,38,NA,NA,NA,NA
2018-10-14,mw_b_p_sc18,miringoni,comoros,acanthuridae,naso_brachycentron,#error!,4,3,41,43,NA,NA,NA,NA
2018-10-14,mw_b_p_sc18,miringoni,comoros,acanthuridae,ctenochaetus_striatus,#error!,4,21,11,13,NA,NA,NA,NA
2018-10-14,mw_b_p_sc18,miringoni,comoros,acanthuridae,acanthurus_nigricaudus,#error!,5,1,26,28,NA,NA,NA,NA
2018-10-14,mw_b_p_sc18,miringoni,comoros,acanthuridae,acanthurus_nigrofuscus,#error!,5,24,11,13,NA,NA,NA,NA
2018-10-14,mw_b_p_sc18,miringoni,comoros,acanthuridae,naso_brachycentron,#error!,5,3,41,43,NA,NA,NA,NA
2018-10-14,mw_b_p_sc18,miringoni,comoros,acanthuridae,naso_brachycentron,#error!,5,3,46,48,NA,NA,NA,NA
2018-10-14,mw_b_p_sc18,miringoni,comoros,acanthuridae,ctenochaetus_striatus,#error!,5,18,11,13,NA,NA,NA,NA
2018-10-14,mw_b_p_sc18,miringoni,comoros,acanthuridae,acanthurus_nigrofuscus,#error!,6,13,11,13,NA,NA,NA,NA
2018-10-14,mw_b_p_sc18,miringoni,comoros,acanthuridae,naso_brachycentron,#error!,6,1,41,43,NA,NA,NA,NA
2018-10-14,mw_b_p_sc18,miringoni,comoros,acanthuridae,naso_brachycentron,#error!,6,1,51,53,NA,NA,NA,NA
2018-10-14,mw_b_p_sc18,miringoni,comoros,acanthuridae,naso_brachycentron,#error!,6,1,46,48,NA,NA,NA,NA
2018-10-14,mw_b_p_sc18,miringoni,comoros,acanthuridae,ctenochaetus_striatus,#error!,6,13,11,13,NA,NA,NA,NA
2018-10-14,mw_b_p_sc18,miringoni,comoros,acanthuridae,ctenochaetus_truncatus,#error!,6,15,11,13,NA,NA,NA,NA
2019-11-10,mis_01,misali,tanzania,acanthuridae,acanthurus_nigrofuscus,#error!,1,2,11,13,NA,NA,NA,NA
2019-11-10,mis_01,misali,tanzania,acanthuridae,acanthurus_thompsoni,#error!,1,2,11,13,NA,NA,NA,NA
2019-11-10,mis_01,misali,tanzania,acanthuridae,naso_brevirostris_b,#error!,1,6,26,28,NA,NA,NA,NA
2019-11-10,mis_01,misali,tanzania,acanthuridae,naso_hexacanthus_b,#error!,1,3,26,28,NA,NA,NA,NA
2019-11-10,mis_01,misali,tanzania,acanthuridae,ctenochaetus_striatus,#error!,1,8,11,13,NA,NA,NA,NA
2019-11-10,mis_01,misali,tanzania,acanthuridae,ctenochaetus_truncatus,#error!,1,6,11,13,NA,NA,NA,NA
2019-11-10,mis_01,misali,tanzania,acanthuridae,zebrasoma_scopas,#error!,1,6,11,13,NA,NA,NA,NA
2019-11-10,mis_01,misali,tanzania,acanthuridae,naso_brevirostris_b,#error!,2,12,21,23,NA,NA,NA,NA
2019-11-10,mis_01,misali,tanzania,acanthuridae,naso_hexacanthus_b,#error!,2,3,21,23,NA,NA,NA,NA
2019-11-10,mis_01,misali,tanzania,acanthuridae,naso_hexacanthus_b,#error!,2,7,16,18,NA,NA,NA,NA
2019-11-10,mis_01,misali,tanzania,acanthuridae,ctenochaetus_truncatus,#error!,2,58,11,13,NA,NA,NA,NA
2019-11-10,mis_01,misali,tanzania,acanthuridae,zebrasoma_scopas,#error!,2,10,11,13,NA,NA,NA,NA
2019-11-10,mis_01,misali,tanzania,acanthuridae,acanthurus_nigrofuscus,#error!,3,2,11,13,NA,NA,NA,NA
2019-11-10,mis_01,misali,tanzania,acanthuridae,acanthurus_leucosternon,#error!,3,4,11,13,NA,NA,NA,NA
2019-11-10,mis_01,misali,tanzania,acanthuridae,naso_elegans,#error!,3,1,21,23,NA,NA,NA,NA
2019-11-10,mis_01,misali,tanzania,acanthuridae,ctenochaetus_striatus,#error!,3,12,11,13,NA,NA,NA,NA
2019-11-10,mis_01,misali,tanzania,acanthuridae,ctenochaetus_truncatus,#error!,3,31,11,13,NA,NA,NA,NA
2019-11-10,mis_01,misali,tanzania,acanthuridae,zebrasoma_scopas,#error!,3,32,11,13,NA,NA,NA,NA
2019-11-10,mis_02,misali,tanzania,acanthuridae,acanthurus_nigrofuscus,#error!,4,3,11,13,NA,NA,NA,NA
2019-11-10,mis_02,misali,tanzania,acanthuridae,naso_elegans,#error!,4,1,26,28,NA,NA,NA,NA
2019-11-10,mis_02,misali,tanzania,acanthuridae,ctenochaetus_truncatus,#error!,4,20,11,13,NA,NA,NA,NA
2019-11-10,mis_02,misali,tanzania,acanthuridae,zebrasoma_scopas,#error!,4,14,11,13,NA,NA,NA,NA
2019-11-10,mis_02,misali,tanzania,acanthuridae,ctenochaetus_striatus,#error!,5,14,11,13,NA,NA,NA,NA
2019-11-10,mis_02,misali,tanzania,acanthuridae,ctenochaetus_truncatus,#error!,5,1,11,13,NA,NA,NA,NA
2019-11-10,mis_02,misali,tanzania,acanthuridae,zebrasoma_scopas,#error!,5,12,11,13,NA,NA,NA,NA
2018-10-05,gc_a_p_sc05,mitsamiouli,comoros,acanthuridae,acanthurus_xanthopterus,#error!,1,1,31,33,NA,NA,NA,NA
2018-10-05,gc_a_p_sc05,mitsamiouli,comoros,acanthuridae,acanthurus_nigrofuscus,#error!,1,25,11,13,NA,NA,NA,NA
2018-10-05,gc_a_p_sc05,mitsamiouli,comoros,acanthuridae,naso_elegans,#error!,1,13,11,13,NA,NA,NA,NA
2018-10-05,gc_a_p_sc05,mitsamiouli,comoros,acanthuridae,ctenochaetus_striatus,#error!,1,24,11,13,NA,NA,NA,NA
2018-10-05,gc_a_p_sc05,mitsamiouli,comoros,acanthuridae,acanthurus_nigrofuscus,#error!,2,50,11,13,NA,NA,NA,NA
2018-10-05,gc_a_p_sc05,mitsamiouli,comoros,acanthuridae,naso_elegans,#error!,2,7,26,28,NA,NA,NA,NA
2018-10-05,gc_a_p_sc05,mitsamiouli,comoros,acanthuridae,naso_elegans,#error!,2,1,31,33,NA,NA,NA,NA
2018-10-05,gc_a_p_sc05,mitsamiouli,comoros,acanthuridae,ctenochaetus_striatus,#error!,2,39,11,13,NA,NA,NA,NA
2018-10-05,gc_a_p_sc05,mitsamiouli,comoros,acanthuridae,zebrasoma_scopas,#error!,2,3,11,13,NA,NA,NA,NA
2018-10-05,gc_a_p_sc05,mitsamiouli,comoros,acanthuridae,acanthurus_nigrofuscus,#error!,3,20,11,13,NA,NA,NA,NA
2018-10-05,gc_a_p_sc05,mitsamiouli,comoros,acanthuridae,acanthurus_leucosternon,#error!,3,13,16,18,NA,NA,NA,NA
2018-10-05,gc_a_p_sc05,mitsamiouli,comoros,acanthuridae,acanthurus_thompsoni,#error!,3,2,11,13,NA,NA,NA,NA
2018-10-05,gc_a_p_sc05,mitsamiouli,comoros,acanthuridae,naso_elegans,#error!,3,2,26,28,NA,NA,NA,NA
2018-10-05,gc_a_p_sc05,mitsamiouli,comoros,acanthuridae,ctenochaetus_striatus,#error!,3,49,11,13,NA,NA,NA,NA
2018-10-05,gc_a_p_sc05,mitsamiouli,comoros,acanthuridae,ctenochaetus_truncatus,#error!,3,48,11,13,NA,NA,NA,NA
2018-10-05,gc_a_p_sc05,mitsamiouli,comoros,acanthuridae,zebrasoma_scopas,#error!,3,5,11,13,NA,NA,NA,NA
2018-10-06,gc_a_p_sc06,mitsamiouli,comoros,acanthuridae,acanthurus_nigricaudus,#error!,4,1,16,18,NA,NA,NA,NA
2018-10-06,gc_a_p_sc06,mitsamiouli,comoros,acanthuridae,acanthurus_nigrofuscus,#error!,4,11,11,13,NA,NA,NA,NA
2018-10-06,gc_a_p_sc06,mitsamiouli,comoros,acanthuridae,acanthurus_leucosternon,#error!,4,3,16,18,NA,NA,NA,NA
2018-10-06,gc_a_p_sc06,mitsamiouli,comoros,acanthuridae,naso_elegans,#error!,4,1,31,33,NA,NA,NA,NA
2018-10-06,gc_a_p_sc06,mitsamiouli,comoros,acanthuridae,naso_elegans,#error!,4,1,26,28,NA,NA,NA,NA
2018-10-06,gc_a_p_sc06,mitsamiouli,comoros,acanthuridae,ctenochaetus_striatus,#error!,4,30,11,13,NA,NA,NA,NA
2018-10-06,gc_a_p_sc06,mitsamiouli,comoros,acanthuridae,ctenochaetus_truncatus,#error!,4,9,11,13,NA,NA,NA,NA
2018-10-06,gc_a_p_sc06,mitsamiouli,comoros,acanthuridae,zebrasoma_scopas,#error!,4,7,11,13,NA,NA,NA,NA
2018-10-06,gc_a_p_sc06,mitsamiouli,comoros,acanthuridae,acanthurus_nigrofuscus,#error!,5,25,11,13,NA,NA,NA,NA
2018-10-06,gc_a_p_sc06,mitsamiouli,comoros,acanthuridae,naso_elegans,#error!,5,7,26,28,NA,NA,NA,NA
2018-10-06,gc_a_p_sc06,mitsamiouli,comoros,acanthuridae,ctenochaetus_striatus,#error!,5,27,11,13,NA,NA,NA,NA
2018-10-06,gc_a_p_sc06,mitsamiouli,comoros,acanthuridae,ctenochaetus_truncatus,#error!,5,2,11,13,NA,NA,NA,NA
2018-10-06,gc_a_p_sc06,mitsamiouli,comoros,acanthuridae,zebrasoma_scopas,#error!,5,10,11,13,NA,NA,NA,NA
2018-10-06,gc_a_p_sc06,mitsamiouli,comoros,acanthuridae,acanthurus_nigricaudus,#error!,6,2,16,18,NA,NA,NA,NA
2018-10-06,gc_a_p_sc06,mitsamiouli,comoros,acanthuridae,acanthurus_nigrofuscus,#error!,6,13,11,13,NA,NA,NA,NA
2018-10-06,gc_a_p_sc06,mitsamiouli,comoros,acanthuridae,acanthurus_leucosternon,#error!,6,25,11,13,NA,NA,NA,NA
2018-10-06,gc_a_p_sc06,mitsamiouli,comoros,acanthuridae,naso_elegans,#error!,6,2,16,18,NA,NA,NA,NA
2018-10-06,gc_a_p_sc06,mitsamiouli,comoros,acanthuridae,ctenochaetus_striatus,#error!,6,67,11,13,NA,NA,NA,NA
2018-10-06,gc_a_p_sc06,mitsamiouli,comoros,acanthuridae,ctenochaetus_truncatus,#error!,6,3,11,13,NA,NA,NA,NA
2018-10-06,gc_a_p_sc06,mitsamiouli,comoros,acanthuridae,zebrasoma_scopas,#error!,6,1,11,13,NA,NA,NA,NA
2023-11-01,mitsam2,mitsamiouli,comoros,acanthuridae,acanthurus_thompsoni,#error!,1,3,16,18,NA,NA,NA,NA
2023-11-01,mitsam2,mitsamiouli,comoros,acanthuridae,acanthurus_thompsoni,#error!,1,2,11,13,NA,NA,NA,NA
2023-11-01,mitsam2,mitsamiouli,comoros,acanthuridae,acanthurus_nigrofuscus,#error!,1,21,11,13,NA,NA,NA,NA
2023-11-01,mitsam2,mitsamiouli,comoros,acanthuridae,ctenochaetus_binotatus,#error!,1,3,11,13,NA,NA,NA,NA
2023-11-01,mitsam2,mitsamiouli,comoros,acanthuridae,zebrasoma_scopas,#error!,1,2,11,13,NA,NA,NA,NA
2023-11-01,mitsam2,mitsamiouli,comoros,acanthuridae,acanthurus_nigrofuscus,#error!,2,22,11,13,NA,NA,NA,NA
2023-11-01,mitsam2,mitsamiouli,comoros,acanthuridae,ctenochaetus_striatus,#error!,2,3,11,13,NA,NA,NA,NA
2023-11-01,mitsam2,mitsamiouli,comoros,acanthuridae,ctenochaetus_truncatus,#error!,2,2,11,13,NA,NA,NA,NA
2023-11-01,mitsam2,mitsamiouli,comoros,acanthuridae,ctenochaetus_binotatus,#error!,2,6,11,13,NA,NA,NA,NA
2023-11-01,mitsam3,mitsamiouli,comoros,acanthuridae,acanthurus_nigrofuscus,#error!,3,27,11,13,NA,NA,NA,NA
2023-11-01,mitsam3,mitsamiouli,comoros,acanthuridae,naso_elegans,#error!,3,2,11,13,NA,NA,NA,NA
2023-11-01,mitsam3,mitsamiouli,comoros,acanthuridae,naso_elegans,#error!,3,5,16,18,NA,NA,NA,NA
2023-11-01,mitsam3,mitsamiouli,comoros,acanthuridae,ctenochaetus_truncatus,#error!,3,2,11,13,NA,NA,NA,NA
2023-11-01,mitsam3,mitsamiouli,comoros,acanthuridae,ctenochaetus_binotatus,#error!,3,4,11,13,NA,NA,NA,NA
2023-11-01,mitsam3,mitsamiouli,comoros,acanthuridae,acanthurus_leucosternon,#error!,4,1,11,13,NA,NA,NA,NA
2023-11-01,mitsam3,mitsamiouli,comoros,acanthuridae,acanthurus_nigrofuscus,#error!,4,11,11,13,NA,NA,NA,NA
2023-11-01,mitsam3,mitsamiouli,comoros,acanthuridae,naso_elegans,#error!,4,1,16,18,NA,NA,NA,NA
2023-11-01,mitsam3,mitsamiouli,comoros,acanthuridae,ctenochaetus_binotatus,#error!,4,1,11,13,NA,NA,NA,NA
2022-10-18,mjk_01,mji_wa_kale,kenya,acanthuridae,acanthurus_mata,#error!,4,1,21,23,NA,NA,NA,NA
2022-10-18,mjk_01,mji_wa_kale,kenya,acanthuridae,acanthurus_mata,#error!,4,4,26,28,NA,NA,NA,NA
2022-10-18,mjk_01,mji_wa_kale,kenya,acanthuridae,acanthurus_triostegus,#error!,4,100,16,18,NA,NA,NA,NA
2022-10-18,mjk_01,mji_wa_kale,kenya,acanthuridae,acanthurus_nigricaudus,#error!,4,3,21,23,NA,NA,NA,NA
2022-10-18,mjk_01,mji_wa_kale,kenya,acanthuridae,acanthurus_nigricaudus,#error!,4,9,26,28,NA,NA,NA,NA
2022-10-18,mjk_01,mji_wa_kale,kenya,acanthuridae,naso_hexacanthus,#error!,4,2,31,33,NA,NA,NA,NA
2022-10-18,mjk_01,mji_wa_kale,kenya,acanthuridae,ctenochaetus_binotatus,#error!,4,3,11,13,NA,NA,NA,NA
2022-10-18,mjk_01,mji_wa_kale,kenya,acanthuridae,acanthurus_nigrofuscus,#error!,4,13,11,13,NA,NA,NA,NA
2022-10-18,mjk_01,mji_wa_kale,kenya,acanthuridae,acanthurus_mata,#error!,5,1,31,33,NA,NA,NA,NA
2022-10-18,mjk_01,mji_wa_kale,kenya,acanthuridae,acanthurus_nigricaudus,#error!,5,1,16,18,NA,NA,NA,NA
2022-10-18,mjk_01,mji_wa_kale,kenya,acanthuridae,acanthurus_nigrofuscus,#error!,5,15,11,13,NA,NA,NA,NA
2022-10-18,mjk_02,mji_wa_kale,kenya,acanthuridae,acanthurus_nigricaudus,#error!,1,4,16,18,NA,NA,NA,NA
2022-10-18,mjk_02,mji_wa_kale,kenya,acanthuridae,acanthurus_nigrofuscus,#error!,1,2,21,23,NA,NA,NA,NA
2022-10-18,mjk_02,mji_wa_kale,kenya,acanthuridae,acanthurus_nigrofuscus,#error!,1,3,11,13,NA,NA,NA,NA
2022-10-18,mjk_02,mji_wa_kale,kenya,acanthuridae,zebrasoma_scopas,#error!,1,1,11,13,NA,NA,NA,NA
2022-10-18,mjk_02,mji_wa_kale,kenya,acanthuridae,ctenochaetus_binotatus,#error!,1,1,11,13,NA,NA,NA,NA
2022-10-18,mjk_02,mji_wa_kale,kenya,acanthuridae,acanthurus_nigricaudus,#error!,2,1,16,18,NA,NA,NA,NA
2022-10-18,mjk_02,mji_wa_kale,kenya,acanthuridae,acanthurus_leucosternon,#error!,2,2,16,18,NA,NA,NA,NA
2022-10-18,mjk_02,mji_wa_kale,kenya,acanthuridae,acanthurus_nigrofuscus,#error!,2,23,11,13,NA,NA,NA,NA
2022-10-18,mjk_02,mji_wa_kale,kenya,acanthuridae,acanthurus_dussumieri,#error!,3,1,31,33,NA,NA,NA,NA
2022-10-18,mjk_02,mji_wa_kale,kenya,acanthuridae,acanthurus_nigricaudus,#error!,3,1,16,18,NA,NA,NA,NA
2022-10-18,mjk_02,mji_wa_kale,kenya,acanthuridae,acanthurus_nigrofuscus,#error!,3,11,11,13,NA,NA,NA,NA
2022-10-18,mjk_02,mji_wa_kale,kenya,acanthuridae,ctenochaetus_binotatus,#error!,3,3,11,13,NA,NA,NA,NA
2022-10-18,mjk_02,mji_wa_kale,kenya,acanthuridae,zebrasoma_scopas,#error!,3,1,11,13,NA,NA,NA,NA
2023-02-13,mkcg_01,mkokoni_coral_garden,kenya,acanthuridae,acanthurus_spp.,#error!,1,4,16,18,NA,NA,NA,NA
2023-02-13,mkcg_01,mkokoni_coral_garden,kenya,acanthuridae,acanthurus_spp.,#error!,1,5,6,8,NA,NA,NA,NA
2023-02-13,mkcg_01,mkokoni_coral_garden,kenya,acanthuridae,acanthurus_spp.,#error!,1,3,11,13,NA,NA,NA,NA
2023-02-13,mkcg_01,mkokoni_coral_garden,kenya,acanthuridae,acanthurus_spp.,#error!,1,5,11,13,NA,NA,NA,NA
2023-02-13,mkcg_01,mkokoni_coral_garden,kenya,acanthuridae,ctenochaetus_spp.,#error!,1,2,16,18,NA,NA,NA,NA
2023-02-13,mkcg_01,mkokoni_coral_garden,kenya,acanthuridae,naso_elegans,#error!,2,3,21,23,NA,NA,NA,NA
2023-02-13,mkcg_01,mkokoni_coral_garden,kenya,acanthuridae,acanthurus_leucosternon,#error!,3,1,6,8,NA,NA,NA,NA
2022-04-01,mli_01,mliani,kenya,acanthuridae,acanthurus_nigricaudus,#error!,1,2,21,23,NA,NA,NA,NA
2022-04-01,mli_01,mliani,kenya,acanthuridae,acanthurus_triostegus,#error!,1,40,16,18,NA,NA,NA,NA
2022-04-01,mli_01,mliani,kenya,acanthuridae,acanthurus_nigricaudus,#error!,2,8,21,23,NA,NA,NA,NA
2022-04-01,mli_01,mliani,kenya,acanthuridae,acanthurus_nigricaudus,#error!,2,2,16,18,NA,NA,NA,NA
2022-04-01,mli_01,mliani,kenya,acanthuridae,acanthurus_nigrofuscus,#error!,2,1,11,13,NA,NA,NA,NA
2022-04-01,mli_01,mliani,kenya,acanthuridae,acanthurus_leucosternon,#error!,2,1,11,13,NA,NA,NA,NA
2022-04-01,mli_01,mliani,kenya,acanthuridae,acanthurus_leucosternon,#error!,2,1,16,18,NA,NA,NA,NA
2022-04-01,mli_01,mliani,kenya,acanthuridae,acanthurus_thompsoni,#error!,2,1,16,18,NA,NA,NA,NA
2022-04-01,mli_01,mliani,kenya,acanthuridae,ctenochaetus_binotatus,#error!,2,2,11,13,NA,NA,NA,NA
2022-04-01,mli_01,mliani,kenya,acanthuridae,acanthurus_blochii,#error!,3,2,21,23,NA,NA,NA,NA
2022-04-01,mli_01,mliani,kenya,acanthuridae,acanthurus_blochii,#error!,3,1,26,28,NA,NA,NA,NA
2022-04-01,mli_01,mliani,kenya,acanthuridae,acanthurus_nigricaudus,#error!,3,10,26,28,NA,NA,NA,NA
2022-04-01,mli_01,mliani,kenya,acanthuridae,acanthurus_nigricaudus,#error!,3,1,21,23,NA,NA,NA,NA
2022-04-01,mli_01,mliani,kenya,acanthuridae,acanthurus_nigrofuscus,#error!,3,3,11,13,NA,NA,NA,NA
2022-04-01,mli_01,mliani,kenya,acanthuridae,acanthurus_thompsoni,#error!,3,10,16,18,NA,NA,NA,NA
2022-04-01,mli_01,mliani,kenya,acanthuridae,ctenochaetus_truncatus,#error!,3,3,11,13,NA,NA,NA,NA
2022-04-01,mli_02,mliani,kenya,acanthuridae,acanthurus_nigricaudus,#error!,4,5,31,33,NA,NA,NA,NA
2022-04-01,mli_02,mliani,kenya,acanthuridae,acanthurus_nigrofuscus,#error!,4,3,11,13,NA,NA,NA,NA
2022-04-01,mli_02,mliani,kenya,acanthuridae,acanthurus_nigricaudus,#error!,5,2,16,18,NA,NA,NA,NA
2022-04-01,mli_02,mliani,kenya,acanthuridae,acanthurus_nigrofuscus,#error!,5,2,11,13,NA,NA,NA,NA
2022-04-01,mli_02,mliani,kenya,acanthuridae,acanthurus_lineatus,#error!,5,1,26,28,NA,NA,NA,NA
2022-04-01,mli_02,mliani,kenya,acanthuridae,ctenochaetus_binotatus,#error!,5,3,11,13,NA,NA,NA,NA
2022-10-28,mbcg_01,mombasa_coral_garden,kenya,acanthuridae,acanthurus_nigricaudus,#error!,1,2,16,18,NA,NA,NA,NA
2022-10-28,mbcg_01,mombasa_coral_garden,kenya,acanthuridae,acanthurus_nigricaudus,#error!,1,2,11,13,NA,NA,NA,NA
2022-10-28,mbcg_01,mombasa_coral_garden,kenya,acanthuridae,acanthurus_nigricaudus,#error!,1,1,21,23,NA,NA,NA,NA
2022-10-28,mbcg_01,mombasa_coral_garden,kenya,acanthuridae,acanthurus_mata,#error!,1,10,26,28,NA,NA,NA,NA
2022-10-28,mbcg_01,mombasa_coral_garden,kenya,acanthuridae,acanthurus_mata,#error!,1,7,21,23,NA,NA,NA,NA
2022-10-28,mbcg_01,mombasa_coral_garden,kenya,acanthuridae,acanthurus_nigrofuscus,#error!,1,11,11,13,NA,NA,NA,NA
2022-10-28,mbcg_01,mombasa_coral_garden,kenya,acanthuridae,ctenochaetus_striatus,#error!,1,1,16,18,NA,NA,NA,NA
2022-10-28,mbcg_01,mombasa_coral_garden,kenya,acanthuridae,zebrasoma_scopas,#error!,1,1,16,18,NA,NA,NA,NA
2022-10-28,mbcg_01,mombasa_coral_garden,kenya,acanthuridae,zebrasoma_desjardinii,#error!,1,1,16,18,NA,NA,NA,NA
2022-10-28,mbcg_01,mombasa_coral_garden,kenya,acanthuridae,zebrasoma_desjardinii,#error!,1,1,21,23,NA,NA,NA,NA
2022-10-28,mbcg_01,mombasa_coral_garden,kenya,acanthuridae,acanthurus_nigricaudus,#error!,2,3,21,23,NA,NA,NA,NA
2022-10-28,mbcg_01,mombasa_coral_garden,kenya,acanthuridae,acanthurus_nigricaudus,#error!,2,3,16,18,NA,NA,NA,NA
2022-10-28,mbcg_01,mombasa_coral_garden,kenya,acanthuridae,acanthurus_nigrofuscus,#error!,2,2,11,13,NA,NA,NA,NA
2022-10-28,mbcg_01,mombasa_coral_garden,kenya,acanthuridae,acanthurus_nigricaudus,#error!,3,1,21,23,NA,NA,NA,NA
2022-10-28,mbcg_01,mombasa_coral_garden,kenya,acanthuridae,acanthurus_nigrofuscus,#error!,3,7,11,13,NA,NA,NA,NA
2022-10-28,mbcg_01,mombasa_coral_garden,kenya,acanthuridae,ctenochaetus_striatus,#error!,3,1,16,18,NA,NA,NA,NA
2022-10-28,mbcg_01,mombasa_coral_garden,kenya,acanthuridae,ctenochaetus_striatus,#error!,3,2,11,13,NA,NA,NA,NA
2022-10-28,mbcg_01,mombasa_coral_garden,kenya,acanthuridae,ctenochaetus_binotatus,#error!,3,1,11,13,NA,NA,NA,NA
2022-10-28,mbcg_01,mombasa_coral_garden,kenya,acanthuridae,ctenochaetus_truncatus,#error!,3,1,11,13,NA,NA,NA,NA
2022-10-28,mbcg_01,mombasa_coral_garden,kenya,acanthuridae,zebrasoma_desjardinii,#error!,3,2,16,18,NA,NA,NA,NA
2022-10-28,mbcg_01,mombasa_coral_garden,kenya,acanthuridae,zebrasoma_desjardinii,#error!,3,1,11,13,NA,NA,NA,NA
2021-03-18,mor_01,moray,kenya,acanthuridae,acanthurus_thompsoni,#error!,1,4,16,18,NA,NA,NA,NA
2021-03-18,mor_01,moray,kenya,acanthuridae,acanthurus_nigrofuscus,#error!,1,1,11,13,NA,NA,NA,NA
2021-03-18,mor_01,moray,kenya,acanthuridae,acanthurus_leucosternon,#error!,1,1,11,13,NA,NA,NA,NA
2021-03-18,mor_01,moray,kenya,acanthuridae,naso_hexacanthus_b,#error!,1,14,31,33,NA,NA,NA,NA
2021-03-18,mor_01,moray,kenya,acanthuridae,naso_hexacanthus_b,#error!,1,6,26,28,NA,NA,NA,NA
2021-03-18,mor_01,moray,kenya,acanthuridae,naso_brevirostris_s,#error!,1,8,21,23,NA,NA,NA,NA
2021-03-18,mor_01,moray,kenya,acanthuridae,naso_brachycentron,#error!,1,20,31,33,NA,NA,NA,NA
2021-03-18,mor_01,moray,kenya,acanthuridae,naso_brachycentron,#error!,1,4,26,28,NA,NA,NA,NA
2021-03-18,mor_01,moray,kenya,acanthuridae,naso_brachycentron,#error!,1,6,21,23,NA,NA,NA,NA
2021-03-18,mor_01,moray,kenya,acanthuridae,ctenochaetus_striatus,#error!,1,5,11,13,NA,NA,NA,NA
2021-03-18,mor_01,moray,kenya,acanthuridae,ctenochaetus_truncatus,#error!,1,2,11,13,NA,NA,NA,NA
2021-03-18,mor_01,moray,kenya,acanthuridae,zebrasoma_desjardinii,#error!,1,4,11,13,NA,NA,NA,NA
2021-03-18,mor_01,moray,kenya,acanthuridae,zebrasoma_desjardinii,#error!,1,2,16,18,NA,NA,NA,NA
2021-03-18,mor_01,moray,kenya,acanthuridae,acanthurus_nigrofuscus,#error!,2,7,11,13,NA,NA,NA,NA
2021-03-18,mor_01,moray,kenya,acanthuridae,acanthurus_leucosternon,#error!,2,10,11,13,NA,NA,NA,NA
2021-03-18,mor_01,moray,kenya,acanthuridae,acanthurus_dussumieri,#error!,2,1,21,23,NA,NA,NA,NA
2021-03-18,mor_01,moray,kenya,acanthuridae,acanthurus_tennentii,#error!,2,6,21,23,NA,NA,NA,NA
2021-03-18,mor_01,moray,kenya,acanthuridae,naso_brevirostris_s,#error!,2,4,16,18,NA,NA,NA,NA
2021-03-18,mor_01,moray,kenya,acanthuridae,naso_brevirostris_s,#error!,2,8,21,23,NA,NA,NA,NA
2021-03-18,mor_01,moray,kenya,acanthuridae,naso_unicornis,#error!,2,2,26,28,NA,NA,NA,NA
2021-03-18,mor_01,moray,kenya,acanthuridae,naso_brachycentron,#error!,2,10,31,33,NA,NA,NA,NA
2021-03-18,mor_01,moray,kenya,acanthuridae,ctenochaetus_striatus,#error!,2,5,11,13,NA,NA,NA,NA
2021-03-18,mor_01,moray,kenya,acanthuridae,ctenochaetus_truncatus,#error!,2,5,11,13,NA,NA,NA,NA
2021-03-18,mor_01,moray,kenya,acanthuridae,ctenochaetus_binotatus,#error!,2,15,11,13,NA,NA,NA,NA
2021-03-18,mor_01,moray,kenya,acanthuridae,acanthurus_nigrofuscus,#error!,3,2,16,18,NA,NA,NA,NA
2021-03-18,mor_01,moray,kenya,acanthuridae,acanthurus_leucosternon,#error!,3,6,21,23,NA,NA,NA,NA
2021-03-18,mor_01,moray,kenya,acanthuridae,acanthurus_dussumieri,#error!,3,1,26,28,NA,NA,NA,NA
2021-03-18,mor_01,moray,kenya,acanthuridae,acanthurus_tennentii,#error!,3,4,21,23,NA,NA,NA,NA
2021-03-18,mor_01,moray,kenya,acanthuridae,acanthurus_tennentii,#error!,3,2,26,28,NA,NA,NA,NA
2021-03-18,mor_01,moray,kenya,acanthuridae,naso_elegans,#error!,3,4,21,23,NA,NA,NA,NA
2021-03-18,mor_01,moray,kenya,acanthuridae,naso_brevirostris_s,#error!,3,12,16,18,NA,NA,NA,NA
2021-03-18,mor_01,moray,kenya,acanthuridae,naso_brachycentron,#error!,3,10,31,33,NA,NA,NA,NA
2021-03-18,mor_01,moray,kenya,acanthuridae,naso_brachycentron,#error!,3,11,26,28,NA,NA,NA,NA
2021-03-18,mor_02,moray,kenya,acanthuridae,acanthurus_thompsoni,#error!,4,4,11,13,NA,NA,NA,NA
2021-03-18,mor_02,moray,kenya,acanthuridae,acanthurus_dussumieri,#error!,4,4,31,33,NA,NA,NA,NA
2021-03-18,mor_02,moray,kenya,acanthuridae,acanthurus_nigrofuscus,#error!,4,8,11,13,NA,NA,NA,NA
2021-03-18,mor_02,moray,kenya,acanthuridae,acanthurus_leucosternon,#error!,4,2,11,13,NA,NA,NA,NA
2021-03-18,mor_02,moray,kenya,acanthuridae,acanthurus_mata,#error!,4,4,16,18,NA,NA,NA,NA
2021-03-18,mor_02,moray,kenya,acanthuridae,naso_hexacanthus_b,#error!,4,10,21,23,NA,NA,NA,NA
2021-03-18,mor_02,moray,kenya,acanthuridae,naso_hexacanthus_b,#error!,4,6,26,28,NA,NA,NA,NA
2021-03-18,mor_02,moray,kenya,acanthuridae,naso_hexacanthus_b,#error!,4,15,16,18,NA,NA,NA,NA
2021-03-18,mor_02,moray,kenya,acanthuridae,naso_brachycentron,#error!,4,4,26,28,NA,NA,NA,NA
2021-03-18,mor_02,moray,kenya,acanthuridae,naso_brevirostris_s,#error!,4,15,16,18,NA,NA,NA,NA
2021-03-18,mor_02,moray,kenya,acanthuridae,naso_thynnoides,#error!,4,40,16,18,NA,NA,NA,NA
2021-03-18,mor_02,moray,kenya,acanthuridae,zebrasoma_scopas,#error!,4,2,11,13,NA,NA,NA,NA
2021-03-18,mor_02,moray,kenya,acanthuridae,acanthurus_nigrofuscus,#error!,5,10,11,13,NA,NA,NA,NA
2021-03-18,mor_02,moray,kenya,acanthuridae,acanthurus_leucosternon,#error!,5,1,11,13,NA,NA,NA,NA
2021-03-18,mor_02,moray,kenya,acanthuridae,acanthurus_tennentii,#error!,5,4,31,33,NA,NA,NA,NA
2021-03-18,mor_02,moray,kenya,acanthuridae,naso_brevirostris_s,#error!,5,5,21,23,NA,NA,NA,NA
2021-03-18,mor_02,moray,kenya,acanthuridae,naso_brevirostris_s,#error!,5,22,16,18,NA,NA,NA,NA
2021-03-18,mor_02,moray,kenya,acanthuridae,naso_hexacanthus_b,#error!,5,30,26,28,NA,NA,NA,NA
2021-03-18,mor_02,moray,kenya,acanthuridae,naso_hexacanthus_b,#error!,5,35,21,23,NA,NA,NA,NA
2021-03-18,mor_02,moray,kenya,acanthuridae,naso_brachycentron,#error!,5,6,31,33,NA,NA,NA,NA
2021-03-18,mor_02,moray,kenya,acanthuridae,naso_thynnoides,#error!,5,20,16,18,NA,NA,NA,NA
2021-03-18,mor_02,moray,kenya,acanthuridae,ctenochaetus_truncatus,#error!,5,4,11,13,NA,NA,NA,NA
2021-03-18,mor_02,moray,kenya,acanthuridae,zebrasoma_scopas,#error!,5,3,11,13,NA,NA,NA,NA
2021-03-18,mor_02,moray,kenya,acanthuridae,ctenochaetus_binotatus,#error!,5,3,11,13,NA,NA,NA,NA
2020-11-24,mrd_01,mradi_tengefu,kenya,acanthuridae,acanthurus_leucosternon,#error!,1,2,11,13,NA,NA,NA,NA
2020-11-24,mrd_01,mradi_tengefu,kenya,acanthuridae,acanthurus_thompsoni,#error!,1,2,11,13,NA,NA,NA,NA
2020-11-24,mrd_01,mradi_tengefu,kenya,acanthuridae,ctenochaetus_striatus,#error!,1,6,6,8,NA,NA,NA,NA
2020-11-24,mrd_01,mradi_tengefu,kenya,acanthuridae,acanthurus_triostegus,#error!,1,36,11,13,NA,NA,NA,NA
2020-11-24,mrd_01,mradi_tengefu,kenya,acanthuridae,acanthurus_triostegus,#error!,2,4,11,13,NA,NA,NA,NA
2020-11-24,mrd_01,mradi_tengefu,kenya,acanthuridae,ctenochaetus_striatus,#error!,2,20,6,8,NA,NA,NA,NA
2020-11-24,mrd_01,mradi_tengefu,kenya,acanthuridae,zebrasoma_scopas,#error!,2,4,6,8,NA,NA,NA,NA
2020-11-24,mrd_01,mradi_tengefu,kenya,acanthuridae,ctenochaetus_striatus,#error!,3,30,6,8,NA,NA,NA,NA
2020-11-24,mrd_01,mradi_tengefu,kenya,acanthuridae,acanthurus_triostegus,#error!,3,2,11,13,NA,NA,NA,NA
2020-11-24,mrd_01,mradi_tengefu,kenya,acanthuridae,ctenochaetus_striatus,#error!,4,35,6,8,NA,NA,NA,NA
2020-11-24,mrd_01,mradi_tengefu,kenya,acanthuridae,ctenochaetus_striatus,#error!,5,40,6,8,NA,NA,NA,NA
2023-02-19,mtb_01,mtanga_wa_bandari,kenya,acanthuridae,acanthurus_spp.,#error!,1,1,16,18,NA,NA,NA,NA
2023-02-19,mtb_01,mtanga_wa_bandari,kenya,acanthuridae,naso_elegans,#error!,1,11,26,28,NA,NA,NA,NA
2023-02-19,mtb_01,mtanga_wa_bandari,kenya,acanthuridae,ctenochaetus_striatus,#error!,1,2,11,13,NA,NA,NA,NA
2023-03-20,mhd_01,muhindi,kenya,acanthuridae,acanthurus_leucosternon,#error!,1,17,11,13,NA,NA,NA,NA
2023-03-20,mhd_01,muhindi,kenya,acanthuridae,ctenochaetus_striatus,#error!,1,6,11,13,NA,NA,NA,NA
2023-03-20,mhd_01,muhindi,kenya,acanthuridae,acanthurus_triostegus,#error!,1,10,11,13,NA,NA,NA,NA
2023-03-20,mhd_01,muhindi,kenya,acanthuridae,acanthurus_dussumieri,#error!,1,1,16,18,NA,NA,NA,NA
2023-03-20,mhd_01,muhindi,kenya,acanthuridae,acanthurus_nigrofuscus,#error!,1,1,11,13,NA,NA,NA,NA
2023-03-20,mhd_01,muhindi,kenya,acanthuridae,ctenochaetus_truncatus,#error!,1,2,11,13,NA,NA,NA,NA
2023-03-20,mhd_01,muhindi,kenya,acanthuridae,acanthurus_dussumieri,#error!,2,3,16,18,NA,NA,NA,NA
2023-03-20,mhd_01,muhindi,kenya,acanthuridae,acanthurus_dussumieri,#error!,2,1,21,23,NA,NA,NA,NA
2023-03-20,mhd_01,muhindi,kenya,acanthuridae,acanthurus_lineatus,#error!,2,6,16,18,NA,NA,NA,NA
2023-03-20,mhd_01,muhindi,kenya,acanthuridae,acanthurus_leucosternon,#error!,2,4,11,13,NA,NA,NA,NA
2023-03-20,mhd_01,muhindi,kenya,acanthuridae,ctenochaetus_striatus,#error!,2,10,11,13,NA,NA,NA,NA
2023-03-20,mhd_01,muhindi,kenya,acanthuridae,acanthurus_nigrofuscus,#error!,2,2,11,13,NA,NA,NA,NA
2023-03-20,mhd_01,muhindi,kenya,acanthuridae,acanthurus_nigricaudus,#error!,2,1,21,23,NA,NA,NA,NA
2023-03-20,mhd_01,muhindi,kenya,acanthuridae,acanthurus_dussumieri,#error!,3,10,21,23,NA,NA,NA,NA
2023-03-20,mhd_01,muhindi,kenya,acanthuridae,ctenochaetus_striatus,#error!,3,4,11,13,NA,NA,NA,NA
2023-03-20,mhd_01,muhindi,kenya,acanthuridae,acanthurus_lineatus,#error!,3,4,16,18,NA,NA,NA,NA
2021-11-16,mvu_01,mvureni,kenya,acanthuridae,acanthurus_nigrofuscus,#error!,1,1,11,13,NA,NA,NA,NA
2021-11-16,mvu_01,mvureni,kenya,acanthuridae,acanthurus_leucosternon,#error!,1,1,16,18,NA,NA,NA,NA
2021-11-16,mvu_01,mvureni,kenya,acanthuridae,ctenochaetus_striatus,#error!,1,9,11,13,NA,NA,NA,NA
2021-11-16,mvu_01,mvureni,kenya,acanthuridae,acanthurus_nigrofuscus,#error!,2,6,16,18,NA,NA,NA,NA
2021-11-16,mvu_01,mvureni,kenya,acanthuridae,acanthurus_leucosternon,#error!,2,7,16,18,NA,NA,NA,NA
2021-11-16,mvu_01,mvureni,kenya,acanthuridae,acanthurus_leucosternon,#error!,2,1,21,23,NA,NA,NA,NA
2021-11-16,mvu_01,mvureni,kenya,acanthuridae,ctenochaetus_striatus,#error!,2,5,6,8,NA,NA,NA,NA
2021-11-16,mvu_01,mvureni,kenya,acanthuridae,zebrasoma_scopas,#error!,2,4,11,13,NA,NA,NA,NA
2021-11-16,mvu_01,mvureni,kenya,acanthuridae,ctenochaetus_binotatus,#error!,2,2,11,13,NA,NA,NA,NA
2021-11-16,mvu_01,mvureni,kenya,acanthuridae,acanthurus_nigrofuscus,#error!,3,2,16,18,NA,NA,NA,NA
2021-11-16,mvu_01,mvureni,kenya,acanthuridae,acanthurus_leucosternon,#error!,3,1,21,23,NA,NA,NA,NA
2022-04-03,mwk_01,mwakinyavu,kenya,acanthuridae,acanthurus_nigricaudus,#error!,1,4,31,33,NA,NA,NA,NA
2022-04-03,mwk_01,mwakinyavu,kenya,acanthuridae,acanthurus_nigrofuscus,#error!,1,10,11,13,NA,NA,NA,NA
2022-04-03,mwk_01,mwakinyavu,kenya,acanthuridae,acanthurus_lineatus,#error!,1,1,26,28,NA,NA,NA,NA
2022-04-03,mwk_01,mwakinyavu,kenya,acanthuridae,acanthurus_tennentii,#error!,1,6,26,28,NA,NA,NA,NA
2022-04-03,mwk_01,mwakinyavu,kenya,acanthuridae,acanthurus_thompsoni,#error!,1,3,26,28,NA,NA,NA,NA
2022-04-03,mwk_01,mwakinyavu,kenya,acanthuridae,naso_elegans,#error!,1,1,31,33,NA,NA,NA,NA
2022-04-03,mwk_01,mwakinyavu,kenya,acanthuridae,naso_annulatus_s,#error!,1,4,16,18,NA,NA,NA,NA
2022-04-03,mwk_01,mwakinyavu,kenya,acanthuridae,ctenochaetus_striatus,#error!,1,1,11,13,NA,NA,NA,NA
2022-04-03,mwk_01,mwakinyavu,kenya,acanthuridae,ctenochaetus_binotatus,#error!,1,14,11,13,NA,NA,NA,NA
2022-04-03,mwk_01,mwakinyavu,kenya,acanthuridae,acanthurus_nigrofuscus,#error!,2,5,11,13,NA,NA,NA,NA
2022-04-03,mwk_01,mwakinyavu,kenya,acanthuridae,acanthurus_leucosternon,#error!,2,4,11,13,NA,NA,NA,NA
2022-04-03,mwk_01,mwakinyavu,kenya,acanthuridae,acanthurus_leucosternon,#error!,2,2,16,18,NA,NA,NA,NA
2022-04-03,mwk_01,mwakinyavu,kenya,acanthuridae,naso_elegans,#error!,2,2,31,33,NA,NA,NA,NA
2022-04-03,mwk_01,mwakinyavu,kenya,acanthuridae,naso_brevirostris_s,#error!,2,1,21,23,NA,NA,NA,NA
2022-04-03,mwk_01,mwakinyavu,kenya,acanthuridae,naso_annulatus_s,#error!,2,2,16,18,NA,NA,NA,NA
2022-04-03,mwk_01,mwakinyavu,kenya,acanthuridae,naso_annulatus_s,#error!,2,4,21,23,NA,NA,NA,NA
2022-04-03,mwk_01,mwakinyavu,kenya,acanthuridae,ctenochaetus_truncatus,#error!,2,3,11,13,NA,NA,NA,NA
2022-04-03,mwk_01,mwakinyavu,kenya,acanthuridae,ctenochaetus_binotatus,#error!,2,4,11,13,NA,NA,NA,NA
2022-04-03,mwk_01,mwakinyavu,kenya,acanthuridae,acanthurus_nigricaudus,#error!,3,1,21,23,NA,NA,NA,NA
2022-04-03,mwk_01,mwakinyavu,kenya,acanthuridae,acanthurus_nigricaudus,#error!,3,1,26,28,NA,NA,NA,NA
2022-04-03,mwk_01,mwakinyavu,kenya,acanthuridae,acanthurus_nigrofuscus,#error!,3,1,11,13,NA,NA,NA,NA
2022-04-03,mwk_01,mwakinyavu,kenya,acanthuridae,acanthurus_leucosternon,#error!,3,2,11,13,NA,NA,NA,NA
2022-04-03,mwk_01,mwakinyavu,kenya,acanthuridae,acanthurus_lineatus,#error!,3,2,26,28,NA,NA,NA,NA
2022-04-03,mwk_01,mwakinyavu,kenya,acanthuridae,naso_elegans,#error!,3,4,31,33,NA,NA,NA,NA
2022-04-03,mwk_01,mwakinyavu,kenya,acanthuridae,naso_annulatus_s,#error!,3,8,21,23,NA,NA,NA,NA
2022-04-03,mwk_01,mwakinyavu,kenya,acanthuridae,naso_annulatus_s,#error!,3,3,11,13,NA,NA,NA,NA
2022-04-03,mwk_01,mwakinyavu,kenya,acanthuridae,ctenochaetus_truncatus,#error!,3,7,11,13,NA,NA,NA,NA
2022-04-03,mwk_01,mwakinyavu,kenya,acanthuridae,zebrasoma_scopas,#error!,3,4,11,13,NA,NA,NA,NA
2022-04-03,mwk_01,mwakinyavu,kenya,acanthuridae,ctenochaetus_binotatus,#error!,3,13,11,13,NA,NA,NA,NA
2022-04-03,mwk_02,mwakinyavu,kenya,acanthuridae,acanthurus_nigricaudus,#error!,4,1,16,18,NA,NA,NA,NA
2022-04-03,mwk_02,mwakinyavu,kenya,acanthuridae,acanthurus_nigrofuscus,#error!,4,4,11,13,NA,NA,NA,NA
2022-04-03,mwk_02,mwakinyavu,kenya,acanthuridae,zebrasoma_scopas,#error!,4,1,11,13,NA,NA,NA,NA
2022-04-03,mwk_02,mwakinyavu,kenya,acanthuridae,ctenochaetus_binotatus,#error!,4,6,11,13,NA,NA,NA,NA
2022-04-03,mwk_02,mwakinyavu,kenya,acanthuridae,acanthurus_nigrofuscus,#error!,5,5,11,13,NA,NA,NA,NA
2022-04-03,mwk_02,mwakinyavu,kenya,acanthuridae,naso_brevirostris_s,#error!,5,2,21,23,NA,NA,NA,NA
2022-04-03,mwk_02,mwakinyavu,kenya,acanthuridae,ctenochaetus_binotatus,#error!,5,7,11,13,NA,NA,NA,NA
2023-03-25,mwm_01,mwamba_mkuu,kenya,acanthuridae,ctenochaetus_striatus,#error!,1,1,16,18,NA,NA,NA,NA
2023-03-25,mwm_01,mwamba_mkuu,kenya,acanthuridae,ctenochaetus_truncatus,#error!,1,1,11,13,NA,NA,NA,NA
2023-03-25,mwm_01,mwamba_mkuu,kenya,acanthuridae,acanthurus_nigrofuscus,#error!,1,2,11,13,NA,NA,NA,NA
2023-03-25,mwm_01,mwamba_mkuu,kenya,acanthuridae,zebrasoma_scopas,#error!,2,1,11,13,NA,NA,NA,NA
2023-03-25,mwm_01,mwamba_mkuu,kenya,acanthuridae,acanthurus_nigrofuscus,#error!,2,11,11,13,NA,NA,NA,NA
2023-03-25,mwm_01,mwamba_mkuu,kenya,acanthuridae,acanthurus_dussumieri,#error!,2,1,16,18,NA,NA,NA,NA
2023-03-25,mwm_01,mwamba_mkuu,kenya,acanthuridae,acanthurus_leucosternon,#error!,2,1,16,18,NA,NA,NA,NA
2023-03-25,mwm_01,mwamba_mkuu,kenya,acanthuridae,ctenochaetus_truncatus,#error!,2,2,11,13,NA,NA,NA,NA
2023-02-12,mwy_01,mwamba_yee,kenya,acanthuridae,acanthurus_spp.,#error!,1,8,6,8,NA,NA,NA,NA
2023-02-12,mwy_01,mwamba_yee,kenya,acanthuridae,acanthurus_dussumieri,#error!,2,2,21,23,NA,NA,NA,NA
2023-02-12,mwy_01,mwamba_yee,kenya,acanthuridae,ctenochaetus_spp.,#error!,2,17,11,13,NA,NA,NA,NA
2023-02-12,mwy_01,mwamba_yee,kenya,acanthuridae,acanthurus_spp.,#error!,2,8,6,8,NA,NA,NA,NA
2023-02-12,mwy_01,mwamba_yee,kenya,acanthuridae,naso_brevirostris,#error!,2,7,16,18,NA,NA,NA,NA
2023-02-12,mwy_01,mwamba_yee,kenya,acanthuridae,ctenochaetus_striatus,#error!,2,3,11,13,NA,NA,NA,NA
2023-02-12,mwy_01,mwamba_yee,kenya,acanthuridae,acanthurus_dussumieri,#error!,3,8,21,23,NA,NA,NA,NA
2023-02-12,mwy_01,mwamba_yee,kenya,acanthuridae,acanthurus_nigricaudus,#error!,3,2,11,13,NA,NA,NA,NA
2023-02-12,mwy_01,mwamba_yee,kenya,acanthuridae,acanthurus_spp.,#error!,3,4,6,8,NA,NA,NA,NA
2023-02-12,mwy_01,mwamba_yee,kenya,acanthuridae,naso_brevirostris,#error!,3,1,16,18,NA,NA,NA,NA
2023-11-04,ndje_01,ndjelezi,comoros,acanthuridae,acanthurus_thompsoni,#error!,1,2,11,13,NA,NA,NA,NA
2023-11-04,ndje_01,ndjelezi,comoros,acanthuridae,acanthurus_leucosternon,#error!,1,3,11,13,NA,NA,NA,NA
2023-11-04,ndje_01,ndjelezi,comoros,acanthuridae,acanthurus_nigrofuscus,#error!,1,36,11,13,NA,NA,NA,NA
2023-11-04,ndje_01,ndjelezi,comoros,acanthuridae,naso_hexacanthus,#error!,1,14,16,18,NA,NA,NA,NA
2023-11-04,ndje_01,ndjelezi,comoros,acanthuridae,naso_elegans,#error!,1,4,16,18,NA,NA,NA,NA
2023-11-04,ndje_01,ndjelezi,comoros,acanthuridae,zebrasoma_scopas,#error!,1,6,11,13,NA,NA,NA,NA
2023-11-04,ndje_01,ndjelezi,comoros,acanthuridae,acanthurus_dussumieri,#error!,2,3,16,18,NA,NA,NA,NA
2023-11-04,ndje_01,ndjelezi,comoros,acanthuridae,acanthurus_dussumieri,#error!,2,2,21,23,NA,NA,NA,NA
2023-11-04,ndje_01,ndjelezi,comoros,acanthuridae,acanthurus_nigrofuscus,#error!,2,33,11,13,NA,NA,NA,NA
2023-11-04,ndje_01,ndjelezi,comoros,acanthuridae,zebrasoma_scopas,#error!,2,18,11,13,NA,NA,NA,NA
2023-11-04,ndje_02,ndjelezi,comoros,acanthuridae,acanthurus_dussumieri,#error!,3,2,21,23,NA,NA,NA,NA
2023-11-04,ndje_02,ndjelezi,comoros,acanthuridae,acanthurus_thompsoni,#error!,3,4,16,18,NA,NA,NA,NA
2023-11-04,ndje_02,ndjelezi,comoros,acanthuridae,acanthurus_nigrofuscus,#error!,3,24,11,13,NA,NA,NA,NA
2023-11-04,ndje_02,ndjelezi,comoros,acanthuridae,naso_elegans,#error!,3,6,16,18,NA,NA,NA,NA
2023-11-04,ndje_02,ndjelezi,comoros,acanthuridae,ctenochaetus_binotatus,#error!,3,7,11,13,NA,NA,NA,NA
2023-11-04,ndje_02,ndjelezi,comoros,acanthuridae,zebrasoma_scopas,#error!,3,3,11,13,NA,NA,NA,NA
2023-11-04,ndje_02,ndjelezi,comoros,acanthuridae,acanthurus_thompsoni,#error!,4,2,16,18,NA,NA,NA,NA
2023-11-04,ndje_02,ndjelezi,comoros,acanthuridae,acanthurus_nigrofuscus,#error!,4,23,11,13,NA,NA,NA,NA
2023-11-04,ndje_02,ndjelezi,comoros,acanthuridae,naso_elegans,#error!,4,5,21,23,NA,NA,NA,NA
2023-11-04,ndje_02,ndjelezi,comoros,acanthuridae,naso_elegans,#error!,4,3,16,18,NA,NA,NA,NA
2023-11-04,ndje_02,ndjelezi,comoros,acanthuridae,ctenochaetus_binotatus,#error!,4,3,11,13,NA,NA,NA,NA
2023-11-04,ndje_02,ndjelezi,comoros,acanthuridae,zebrasoma_scopas,#error!,4,1,11,13,NA,NA,NA,NA
2022-09-06,ndro_01,ndroude,comoros,acanthuridae,acanthurus_leucosternon,#error!,1,2,16,18,NA,NA,NA,NA
2022-09-06,ndro_01,ndroude,comoros,acanthuridae,acanthurus_nigrofuscus,#error!,1,20,11,13,NA,NA,NA,NA
2022-09-06,ndro_01,ndroude,comoros,acanthuridae,acanthurus_nigrofuscus,#error!,1,15,21,23,NA,NA,NA,NA
2022-09-06,ndro_01,ndroude,comoros,acanthuridae,acanthurus_nigrofuscus,#error!,2,10,11,13,NA,NA,NA,NA
2022-09-06,ndro_01,ndroude,comoros,acanthuridae,naso_brevirostris,#error!,2,50,26,28,NA,NA,NA,NA
2022-09-06,ndro_02,ndroude,comoros,acanthuridae,acanthurus_nigricaudus,#error!,3,7,6,8,NA,NA,NA,NA
2022-09-06,ndro_02,ndroude,comoros,acanthuridae,ctenochaetus_binotatus,#error!,3,8,11,13,NA,NA,NA,NA
2022-09-06,ndro_02,ndroude,comoros,acanthuridae,acanthurus_nigrofuscus,#error!,3,6,11,13,NA,NA,NA,NA
2022-09-06,ndro_02,ndroude,comoros,acanthuridae,naso_elegans,#error!,3,2,21,23,NA,NA,NA,NA
2022-09-06,ndro_02,ndroude,comoros,acanthuridae,zebrasoma_scopas,#error!,3,3,11,13,NA,NA,NA,NA
2022-09-06,ndro_02,ndroude,comoros,acanthuridae,acanthurus_nigricaudus,#error!,4,5,11,13,NA,NA,NA,NA
2022-09-06,ndro_02,ndroude,comoros,acanthuridae,acanthurus_nigricaudus,#error!,4,2,16,18,NA,NA,NA,NA
2022-09-06,ndro_02,ndroude,comoros,acanthuridae,acanthurus_nigrofuscus,#error!,4,18,11,13,NA,NA,NA,NA
2022-09-06,ndro_02,ndroude,comoros,acanthuridae,acanthurus_tennentii,#error!,4,2,16,18,NA,NA,NA,NA
2022-09-06,ndro_02,ndroude,comoros,acanthuridae,ctenochaetus_truncatus,#error!,4,4,11,13,NA,NA,NA,NA
2022-09-06,ndro_02,ndroude,comoros,acanthuridae,acanthurus_nigricaudus,#error!,5,5,16,18,NA,NA,NA,NA
2022-09-06,ndro_02,ndroude,comoros,acanthuridae,acanthurus_nigricaudus,#error!,5,8,11,13,NA,NA,NA,NA
2022-09-06,ndro_02,ndroude,comoros,acanthuridae,acanthurus_nigrofuscus,#error!,5,18,11,13,NA,NA,NA,NA
2022-09-06,ndro_02,ndroude,comoros,acanthuridae,acanthurus_leucosternon,#error!,5,2,21,23,NA,NA,NA,NA
2022-09-06,ndro_02,ndroude,comoros,acanthuridae,acanthurus_leucosternon,#error!,5,5,16,18,NA,NA,NA,NA
2022-09-06,ndro_02,ndroude,comoros,acanthuridae,naso_brevirostris,#error!,5,5,26,28,NA,NA,NA,NA
2022-09-06,ndro_02,ndroude,comoros,acanthuridae,naso_elegans,#error!,5,2,26,28,NA,NA,NA,NA
2022-09-06,ndro_02,ndroude,comoros,acanthuridae,ctenochaetus_striatus,#error!,5,5,11,13,NA,NA,NA,NA
2022-09-06,ndro_02,ndroude,comoros,acanthuridae,ctenochaetus_truncatus,#error!,5,14,11,13,NA,NA,NA,NA
2022-09-06,ndro_02,ndroude,comoros,acanthuridae,zebrasoma_scopas,#error!,5,5,16,18,NA,NA,NA,NA
2022-09-06,ndro_02,ndroude,comoros,acanthuridae,zebrasoma_scopas,#error!,5,7,11,13,NA,NA,NA,NA
2022-09-06,ndro_02,ndroude,comoros,acanthuridae,zebrasoma_desjardinii,#error!,5,11,21,23,NA,NA,NA,NA
2022-10-17,ngm_01,ngomani,kenya,acanthuridae,acanthurus_nigricaudus,#error!,1,2,26,28,NA,NA,NA,NA
2022-10-17,ngm_01,ngomani,kenya,acanthuridae,acanthurus_nigricaudus,#error!,1,5,21,23,NA,NA,NA,NA
2022-10-17,ngm_01,ngomani,kenya,acanthuridae,acanthurus_nigricaudus,#error!,1,1,16,18,NA,NA,NA,NA
2022-10-17,ngm_01,ngomani,kenya,acanthuridae,acanthurus_nigricaudus,#error!,2,1,26,28,NA,NA,NA,NA
2022-10-17,ngm_02,ngomani,kenya,acanthuridae,zebrasoma_scopas,#error!,4,1,11,13,NA,NA,NA,NA
2019-11-09,njc_01,njao_coral_garden,tanzania,acanthuridae,ctenochaetus_striatus,#error!,1,2,11,13,NA,NA,NA,NA
2019-11-09,njc_01,njao_coral_garden,tanzania,acanthuridae,ctenochaetus_truncatus,#error!,1,15,11,13,NA,NA,NA,NA
2019-11-09,njc_01,njao_coral_garden,tanzania,acanthuridae,zebrasoma_scopas,#error!,1,5,11,13,NA,NA,NA,NA
2019-11-09,njc_01,njao_coral_garden,tanzania,acanthuridae,acanthurus_nigrofuscus,#error!,2,4,11,13,NA,NA,NA,NA
2019-11-09,njc_01,njao_coral_garden,tanzania,acanthuridae,ctenochaetus_striatus,#error!,2,4,11,13,NA,NA,NA,NA
2019-11-09,njc_01,njao_coral_garden,tanzania,acanthuridae,ctenochaetus_truncatus,#error!,2,15,11,13,NA,NA,NA,NA
2019-11-09,njc_01,njao_coral_garden,tanzania,acanthuridae,zebrasoma_scopas,#error!,2,12,11,13,NA,NA,NA,NA
2019-11-09,njc_02,njao_coral_garden,tanzania,acanthuridae,acanthurus_nigrofuscus,#error!,3,2,11,13,NA,NA,NA,NA
2019-11-09,njc_02,njao_coral_garden,tanzania,acanthuridae,naso_thynnoides,#error!,3,3,11,13,NA,NA,NA,NA
2019-11-09,njc_02,njao_coral_garden,tanzania,acanthuridae,ctenochaetus_striatus,#error!,3,10,11,13,NA,NA,NA,NA
2019-11-09,njc_02,njao_coral_garden,tanzania,acanthuridae,zebrasoma_scopas,#error!,3,2,11,13,NA,NA,NA,NA
2019-11-09,njc_02,njao_coral_garden,tanzania,acanthuridae,acanthurus_nigrofuscus,#error!,4,1,11,13,NA,NA,NA,NA
2019-11-09,njc_02,njao_coral_garden,tanzania,acanthuridae,naso_thynnoides,#error!,4,2,21,23,NA,NA,NA,NA
2019-11-09,njc_02,njao_coral_garden,tanzania,acanthuridae,ctenochaetus_striatus,#error!,4,8,11,13,NA,NA,NA,NA
2019-11-09,njc_02,njao_coral_garden,tanzania,acanthuridae,zebrasoma_scopas,#error!,4,2,11,13,NA,NA,NA,NA
2019-11-09,njc_02,njao_coral_garden,tanzania,acanthuridae,acanthurus_tennentii,#error!,5,1,21,23,NA,NA,NA,NA
2019-11-09,njc_02,njao_coral_garden,tanzania,acanthuridae,acanthurus_tennentii,#error!,5,1,26,28,NA,NA,NA,NA
2019-11-09,njc_02,njao_coral_garden,tanzania,acanthuridae,ctenochaetus_striatus,#error!,5,7,11,13,NA,NA,NA,NA
2019-11-09,njc_02,njao_coral_garden,tanzania,acanthuridae,zebrasoma_scopas,#error!,5,4,11,13,NA,NA,NA,NA
2019-11-06,njg_01,njao_gap,tanzania,acanthuridae,acanthurus_nigrofuscus,#error!,1,5,11,13,NA,NA,NA,NA
2019-11-06,njg_01,njao_gap,tanzania,acanthuridae,naso_brevirostris_s,#error!,1,2,11,13,NA,NA,NA,NA
2019-11-06,njg_01,njao_gap,tanzania,acanthuridae,ctenochaetus_striatus,#error!,1,10,11,13,NA,NA,NA,NA
2019-11-06,njg_01,njao_gap,tanzania,acanthuridae,zebrasoma_scopas,#error!,1,5,11,13,NA,NA,NA,NA
2019-11-06,njg_01,njao_gap,tanzania,acanthuridae,acanthurus_nigrofuscus,#error!,2,1,11,13,NA,NA,NA,NA
2019-11-06,njg_01,njao_gap,tanzania,acanthuridae,ctenochaetus_truncatus,#error!,2,14,11,13,NA,NA,NA,NA
2019-11-06,njg_01,njao_gap,tanzania,acanthuridae,ctenochaetus_striatus,#error!,2,3,11,13,NA,NA,NA,NA
2019-11-06,njg_01,njao_gap,tanzania,acanthuridae,zebrasoma_scopas,#error!,2,8,11,13,NA,NA,NA,NA
2019-11-06,njg_01,njao_gap,tanzania,acanthuridae,acanthurus_nigrofuscus,#error!,3,4,11,13,NA,NA,NA,NA
2019-11-06,njg_01,njao_gap,tanzania,acanthuridae,ctenochaetus_striatus,#error!,3,4,11,13,NA,NA,NA,NA
2019-11-06,njg_01,njao_gap,tanzania,acanthuridae,zebrasoma_scopas,#error!,3,4,11,13,NA,NA,NA,NA
2019-11-06,njg_01,njao_gap,tanzania,acanthuridae,acanthurus_nigrofuscus,#error!,4,8,11,13,NA,NA,NA,NA
2019-11-06,njg_01,njao_gap,tanzania,acanthuridae,ctenochaetus_striatus,#error!,4,11,11,13,NA,NA,NA,NA
2019-11-06,njg_01,njao_gap,tanzania,acanthuridae,ctenochaetus_truncatus,#error!,4,1,11,13,NA,NA,NA,NA
2019-11-06,njg_01,njao_gap,tanzania,acanthuridae,zebrasoma_scopas,#error!,4,17,11,13,NA,NA,NA,NA
2021-03-30,nor_01,north_reef,kenya,acanthuridae,acanthurus_dussumieri,#error!,1,16,21,23,NA,NA,NA,NA
2021-03-30,nor_01,north_reef,kenya,acanthuridae,acanthurus_dussumieri,#error!,2,5,16,18,NA,NA,NA,NA
2021-03-30,nor_01,north_reef,kenya,acanthuridae,acanthurus_dussumieri,#error!,2,4,26,28,NA,NA,NA,NA
2021-03-30,nor_01,north_reef,kenya,acanthuridae,acanthurus_dussumieri,#error!,2,1,31,33,NA,NA,NA,NA
2021-03-30,nor_01,north_reef,kenya,acanthuridae,ctenochaetus_striatus,#error!,2,3,11,13,NA,NA,NA,NA
2021-03-30,nor_01,north_reef,kenya,acanthuridae,acanthurus_dussumieri,#error!,3,3,21,23,NA,NA,NA,NA
2021-03-30,nor_01,north_reef,kenya,acanthuridae,acanthurus_dussumieri,#error!,3,2,26,28,NA,NA,NA,NA
2021-03-30,nor_01,north_reef,kenya,acanthuridae,acanthurus_dussumieri,#error!,3,3,11,13,NA,NA,NA,NA
2021-03-30,nor_01,north_reef,kenya,acanthuridae,acanthurus_leucosternon,#error!,3,1,16,18,NA,NA,NA,NA
2021-03-30,nor_01,north_reef,kenya,acanthuridae,acanthurus_leucosternon,#error!,3,1,11,13,NA,NA,NA,NA
2021-03-30,nor_01,north_reef,kenya,acanthuridae,ctenochaetus_striatus,#error!,3,8,11,13,NA,NA,NA,NA
2021-03-30,nor_01,north_reef,kenya,acanthuridae,ctenochaetus_truncatus,#error!,3,2,11,13,NA,NA,NA,NA
2021-03-30,nor_02,north_reef,kenya,acanthuridae,acanthurus_dussumieri,#error!,4,40,26,28,NA,NA,NA,NA
2021-03-30,nor_02,north_reef,kenya,acanthuridae,acanthurus_dussumieri,#error!,4,20,21,23,NA,NA,NA,NA
2021-03-30,nor_02,north_reef,kenya,acanthuridae,naso_elegans,#error!,4,12,21,23,NA,NA,NA,NA
2021-03-30,nor_02,north_reef,kenya,acanthuridae,naso_elegans,#error!,4,10,16,18,NA,NA,NA,NA
2021-03-30,nor_02,north_reef,kenya,acanthuridae,naso_unicornis,#error!,4,6,36,38,NA,NA,NA,NA
2021-03-30,nor_02,north_reef,kenya,acanthuridae,ctenochaetus_striatus,#error!,4,7,11,13,NA,NA,NA,NA
2021-03-30,nor_02,north_reef,kenya,acanthuridae,acanthurus_dussumieri,#error!,5,5,16,18,NA,NA,NA,NA
2021-03-30,nor_02,north_reef,kenya,acanthuridae,acanthurus_leucosternon,#error!,5,2,16,18,NA,NA,NA,NA
2021-03-30,nor_02,north_reef,kenya,acanthuridae,acanthurus_leucosternon,#error!,5,3,21,23,NA,NA,NA,NA
2021-03-30,nor_02,north_reef,kenya,acanthuridae,ctenochaetus_striatus,#error!,5,4,11,13,NA,NA,NA,NA
2021-03-30,nor_02,north_reef,kenya,acanthuridae,ctenochaetus_truncatus,#error!,5,3,11,13,NA,NA,NA,NA
2023-03-23,nycg_01,nyali_coral_garden,kenya,acanthuridae,acanthurus_triostegus,#error!,1,2,16,18,NA,NA,NA,NA
2023-03-23,nycg_01,nyali_coral_garden,kenya,acanthuridae,acanthurus_tristis,#error!,1,1,16,18,NA,NA,NA,NA
2023-03-23,nycg_01,nyali_coral_garden,kenya,acanthuridae,acanthurus_nigricaudus,#error!,1,1,16,18,NA,NA,NA,NA
2023-03-23,nycg_01,nyali_coral_garden,kenya,acanthuridae,acanthurus_nigrofuscus,#error!,1,6,11,13,NA,NA,NA,NA
2023-03-23,nycg_01,nyali_coral_garden,kenya,acanthuridae,ctenochaetus_striatus,#error!,1,1,11,13,NA,NA,NA,NA
2023-03-23,nycg_01,nyali_coral_garden,kenya,acanthuridae,ctenochaetus_truncatus,#error!,1,1,11,13,NA,NA,NA,NA
2023-03-23,nycg_01,nyali_coral_garden,kenya,acanthuridae,acanthurus_nigricaudus,#error!,2,1,21,23,NA,NA,NA,NA
2023-03-23,nycg_01,nyali_coral_garden,kenya,acanthuridae,acanthurus_nigricaudus,#error!,2,2,16,18,NA,NA,NA,NA
2023-03-23,nycg_01,nyali_coral_garden,kenya,acanthuridae,acanthurus_nigrofuscus,#error!,2,4,11,13,NA,NA,NA,NA
2023-03-23,nycg_01,nyali_coral_garden,kenya,acanthuridae,acanthurus_nigricaudus,#error!,3,3,16,18,NA,NA,NA,NA
2023-03-23,nycg_01,nyali_coral_garden,kenya,acanthuridae,acanthurus_nigricaudus,#error!,3,4,21,23,NA,NA,NA,NA
2023-03-23,nycg_01,nyali_coral_garden,kenya,acanthuridae,acanthurus_nigrofuscus,#error!,3,9,11,13,NA,NA,NA,NA
2023-03-23,nycg_01,nyali_coral_garden,kenya,acanthuridae,ctenochaetus_striatus,#error!,3,2,11,13,NA,NA,NA,NA
2023-03-23,nycg_01,nyali_coral_garden,kenya,acanthuridae,zebrasoma_scopas,#error!,3,1,11,13,NA,NA,NA,NA
2023-03-23,nycg_01,nyali_coral_garden,kenya,acanthuridae,acanthurus_triostegus,#error!,4,1,11,13,NA,NA,NA,NA
2023-03-23,nycg_01,nyali_coral_garden,kenya,acanthuridae,acanthurus_leucosternon,#error!,4,1,11,13,NA,NA,NA,NA
2023-03-23,nycg_01,nyali_coral_garden,kenya,acanthuridae,acanthurus_nigrofuscus,#error!,4,2,11,13,NA,NA,NA,NA
2023-03-23,nycg_01,nyali_coral_garden,kenya,acanthuridae,ctenochaetus_striatus,#error!,4,1,11,13,NA,NA,NA,NA
2022-11-14,nyn_01,nyamalile_north,tanzania,acanthuridae,ctenochaetus_striatus,#error!,1,2,11,13,NA,NA,NA,NA
2022-11-14,nyn_01,nyamalile_north,tanzania,acanthuridae,ctenochaetus_truncatus,#error!,1,9,11,13,NA,NA,NA,NA
2022-11-14,nyn_01,nyamalile_north,tanzania,acanthuridae,ctenochaetus_truncatus,#error!,2,9,11,13,NA,NA,NA,NA
2022-11-14,nyn_01,nyamalile_north,tanzania,acanthuridae,zebrasoma_scopas,#error!,2,2,11,13,NA,NA,NA,NA
2022-11-14,nyn_01,nyamalile_north,tanzania,acanthuridae,acanthurus_nigrofuscus,#error!,3,3,11,13,NA,NA,NA,NA
2022-11-14,nyn_01,nyamalile_north,tanzania,acanthuridae,ctenochaetus_truncatus,#error!,3,11,11,13,NA,NA,NA,NA
2022-11-14,nyn_01,nyamalile_north,tanzania,acanthuridae,zebrasoma_scopas,#error!,3,3,11,13,NA,NA,NA,NA
2022-11-14,nyn_01,nyamalile_north,tanzania,acanthuridae,zebrasoma_velifer,#error!,3,1,11,13,NA,NA,NA,NA
2022-11-14,nyn_01,nyamalile_north,tanzania,acanthuridae,acanthurus_nigrofuscus,#error!,4,4,11,13,NA,NA,NA,NA
2022-11-14,nyn_01,nyamalile_north,tanzania,acanthuridae,ctenochaetus_truncatus,#error!,4,5,11,13,NA,NA,NA,NA
2022-11-14,nyn_01,nyamalile_north,tanzania,acanthuridae,ctenochaetus_binotatus,#error!,4,1,11,13,NA,NA,NA,NA
2022-11-14,nyn_01,nyamalile_north,tanzania,acanthuridae,zebrasoma_scopas,#error!,4,1,11,13,NA,NA,NA,NA
2022-11-14,nys_01,nyamalile_south,tanzania,acanthuridae,acanthurus_nigrofuscus,#error!,1,4,11,13,NA,NA,NA,NA
2022-11-14,nys_01,nyamalile_south,tanzania,acanthuridae,ctenochaetus_truncatus,#error!,1,22,11,13,NA,NA,NA,NA
2022-11-14,nys_01,nyamalile_south,tanzania,acanthuridae,zebrasoma_scopas,#error!,1,9,11,13,NA,NA,NA,NA
2022-11-14,nys_01,nyamalile_south,tanzania,acanthuridae,acanthurus_nigrofuscus,#error!,2,12,11,13,NA,NA,NA,NA
2022-11-14,nys_01,nyamalile_south,tanzania,acanthuridae,ctenochaetus_truncatus,#error!,2,11,11,13,NA,NA,NA,NA
2022-11-14,nys_01,nyamalile_south,tanzania,acanthuridae,ctenochaetus_striatus,#error!,2,1,11,13,NA,NA,NA,NA
2022-11-14,nys_01,nyamalile_south,tanzania,acanthuridae,ctenochaetus_binotatus,#error!,2,7,11,13,NA,NA,NA,NA
2022-11-14,nys_01,nyamalile_south,tanzania,acanthuridae,zebrasoma_scopas,#error!,2,16,11,13,NA,NA,NA,NA
2022-11-14,nys_01,nyamalile_south,tanzania,acanthuridae,acanthurus_tennentii,#error!,3,6,16,18,NA,NA,NA,NA
2022-11-14,nys_01,nyamalile_south,tanzania,acanthuridae,acanthurus_thompsoni,#error!,3,2,16,18,NA,NA,NA,NA
2022-11-14,nys_01,nyamalile_south,tanzania,acanthuridae,acanthurus_leucosternon,#error!,3,1,11,13,NA,NA,NA,NA
2022-11-14,nys_01,nyamalile_south,tanzania,acanthuridae,acanthurus_nigrofuscus,#error!,3,20,11,13,NA,NA,NA,NA
2022-11-14,nys_01,nyamalile_south,tanzania,acanthuridae,ctenochaetus_truncatus,#error!,3,2,11,13,NA,NA,NA,NA
2022-11-14,nys_01,nyamalile_south,tanzania,acanthuridae,zebrasoma_scopas,#error!,3,3,11,13,NA,NA,NA,NA
2022-11-14,nys_01,nyamalile_south,tanzania,acanthuridae,acanthurus_nigrofuscus,#error!,4,2,11,13,NA,NA,NA,NA
2022-11-14,nys_01,nyamalile_south,tanzania,acanthuridae,ctenochaetus_truncatus,#error!,4,15,11,13,NA,NA,NA,NA
2022-11-14,nys_01,nyamalile_south,tanzania,acanthuridae,ctenochaetus_binotatus,#error!,4,2,11,13,NA,NA,NA,NA
2022-11-14,nys_01,nyamalile_south,tanzania,acanthuridae,zebrasoma_scopas,#error!,4,9,11,13,NA,NA,NA,NA
2022-11-15,nys_01,nyamalile_south,tanzania,acanthuridae,zebrasoma_velifer,#error!,3,1,16,18,NA,NA,NA,NA
2018-09-27,aj_a_p_sc01,ouani,comoros,acanthuridae,acanthurus_thompsoni,#error!,1,10,16,18,NA,NA,NA,NA
2018-09-27,aj_a_p_sc01,ouani,comoros,acanthuridae,acanthurus_thompsoni,#error!,1,4,21,23,NA,NA,NA,NA
2018-09-27,aj_a_p_sc01,ouani,comoros,acanthuridae,naso_elegans,#error!,1,1,21,23,NA,NA,NA,NA
2018-09-27,aj_a_p_sc01,ouani,comoros,acanthuridae,naso_elegans,#error!,1,1,31,33,NA,NA,NA,NA
2018-09-27,aj_a_p_sc01,ouani,comoros,acanthuridae,ctenochaetus_striatus,#error!,1,1,11,13,NA,NA,NA,NA
2018-09-27,aj_a_p_sc01,ouani,comoros,acanthuridae,ctenochaetus_truncatus,#error!,1,17,11,13,NA,NA,NA,NA
2018-09-28,aj_a_p_sc02,ouani,comoros,acanthuridae,acanthurus_nigrofuscus,#error!,2,4,11,13,NA,NA,NA,NA
2018-09-28,aj_a_p_sc02,ouani,comoros,acanthuridae,naso_hexacanthus_b,#error!,2,8,21,23,NA,NA,NA,NA
2018-09-28,aj_a_p_sc02,ouani,comoros,acanthuridae,naso_hexacanthus_b,#error!,2,10,26,28,NA,NA,NA,NA
2018-09-28,aj_a_p_sc02,ouani,comoros,acanthuridae,naso_elegans,#error!,2,4,21,23,NA,NA,NA,NA
2018-09-28,aj_a_p_sc02,ouani,comoros,acanthuridae,ctenochaetus_truncatus,#error!,2,5,11,13,NA,NA,NA,NA
2018-09-28,aj_a_p_sc02,ouani,comoros,acanthuridae,zebrasoma_scopas,#error!,2,1,11,13,NA,NA,NA,NA
2018-09-28,aj_a_p_sc02,ouani,comoros,acanthuridae,acanthurus_nigrofuscus,#error!,3,5,11,13,NA,NA,NA,NA
2018-09-28,aj_a_p_sc02,ouani,comoros,acanthuridae,naso_elegans,#error!,3,2,21,23,NA,NA,NA,NA
2018-09-28,aj_a_p_sc02,ouani,comoros,acanthuridae,naso_elegans,#error!,3,1,31,33,NA,NA,NA,NA
2018-09-28,aj_a_p_sc02,ouani,comoros,acanthuridae,ctenochaetus_striatus,#error!,3,4,11,13,NA,NA,NA,NA
2018-09-28,aj_a_p_sc02,ouani,comoros,acanthuridae,ctenochaetus_truncatus,#error!,3,5,11,13,NA,NA,NA,NA
2018-09-28,aj_a_p_sc02,ouani,comoros,acanthuridae,zebrasoma_scopas,#error!,3,6,11,13,NA,NA,NA,NA
2018-09-28,aj_a_p_sc02,ouani,comoros,acanthuridae,acanthurus_nigrofuscus,#error!,4,7,11,13,NA,NA,NA,NA
2018-09-28,aj_a_p_sc02,ouani,comoros,acanthuridae,naso_elegans,#error!,4,1,21,23,NA,NA,NA,NA
2018-09-28,aj_a_p_sc02,ouani,comoros,acanthuridae,naso_elegans,#error!,4,1,16,18,NA,NA,NA,NA
2018-09-28,aj_a_p_sc02,ouani,comoros,acanthuridae,ctenochaetus_striatus,#error!,4,5,11,13,NA,NA,NA,NA
2018-09-28,aj_a_p_sc02,ouani,comoros,acanthuridae,ctenochaetus_truncatus,#error!,4,14,11,13,NA,NA,NA,NA
2018-09-28,aj_a_p_sc02,ouani,comoros,acanthuridae,zebrasoma_scopas,#error!,4,7,11,13,NA,NA,NA,NA
2020-11-19,pap_01,papa_reef,kenya,acanthuridae,acanthurus_dussumieri,#error!,1,29,31,33,NA,NA,NA,NA
2020-11-19,pap_01,papa_reef,kenya,acanthuridae,acanthurus_tennentii,#error!,1,1,21,23,NA,NA,NA,NA
2020-11-19,pap_01,papa_reef,kenya,acanthuridae,acanthurus_tennentii,#error!,1,1,16,18,NA,NA,NA,NA
2020-11-19,pap_01,papa_reef,kenya,acanthuridae,acanthurus_dussumieri,#error!,2,30,16,18,NA,NA,NA,NA
2020-11-19,pap_01,papa_reef,kenya,acanthuridae,acanthurus_dussumieri,#error!,2,1,26,28,NA,NA,NA,NA
2020-11-19,pap_01,papa_reef,kenya,acanthuridae,acanthurus_tennentii,#error!,2,2,26,28,NA,NA,NA,NA
2020-11-19,pap_01,papa_reef,kenya,acanthuridae,acanthurus_nigrofuscus,#error!,3,5,11,13,NA,NA,NA,NA
2020-11-19,pap_01,papa_reef,kenya,acanthuridae,acanthurus_tennentii,#error!,3,2,26,28,NA,NA,NA,NA
2020-11-19,pap_02,papa_reef,kenya,acanthuridae,ctenochaetus_striatus,#error!,4,3,11,13,NA,NA,NA,NA
2020-11-19,pap_02,papa_reef,kenya,acanthuridae,acanthurus_dussumieri,#error!,5,10,26,28,NA,NA,NA,NA
2020-11-19,pap_02,papa_reef,kenya,acanthuridae,acanthurus_nigricaudus,#error!,5,1,21,23,NA,NA,NA,NA
2020-11-19,pap_02,papa_reef,kenya,acanthuridae,acanthurus_nigrofuscus,#error!,5,3,11,13,NA,NA,NA,NA
2020-11-19,pap_02,papa_reef,kenya,acanthuridae,ctenochaetus_striatus,#error!,5,4,11,13,NA,NA,NA,NA
2019-11-07,par_01,paradise,tanzania,acanthuridae,acanthurus_thompsoni,#error!,1,9,11,13,NA,NA,NA,NA
2019-11-07,par_01,paradise,tanzania,acanthuridae,acanthurus_thompsoni,#error!,1,3,16,18,NA,NA,NA,NA
2019-11-07,par_01,paradise,tanzania,acanthuridae,acanthurus_thompsoni,#error!,1,2,21,23,NA,NA,NA,NA
2019-11-07,par_01,paradise,tanzania,acanthuridae,ctenochaetus_striatus,#error!,1,10,11,13,NA,NA,NA,NA
2019-11-07,par_01,paradise,tanzania,acanthuridae,ctenochaetus_truncatus,#error!,1,11,11,13,NA,NA,NA,NA
2019-11-07,par_01,paradise,tanzania,acanthuridae,zebrasoma_scopas,#error!,1,5,11,13,NA,NA,NA,NA
2019-11-07,par_01,paradise,tanzania,acanthuridae,acanthurus_nigrofuscus,#error!,2,3,11,13,NA,NA,NA,NA
2019-11-07,par_01,paradise,tanzania,acanthuridae,ctenochaetus_striatus,#error!,2,13,11,13,NA,NA,NA,NA
2019-11-07,par_01,paradise,tanzania,acanthuridae,ctenochaetus_truncatus,#error!,2,4,11,13,NA,NA,NA,NA
2019-11-07,par_01,paradise,tanzania,acanthuridae,zebrasoma_scopas,#error!,2,5,11,13,NA,NA,NA,NA
2019-11-07,par_01,paradise,tanzania,acanthuridae,acanthurus_nigrofuscus,#error!,3,1,11,13,NA,NA,NA,NA
2019-11-07,par_01,paradise,tanzania,acanthuridae,acanthurus_thompsoni,#error!,3,2,16,18,NA,NA,NA,NA
2019-11-07,par_01,paradise,tanzania,acanthuridae,ctenochaetus_striatus,#error!,3,6,11,13,NA,NA,NA,NA
2019-11-07,par_01,paradise,tanzania,acanthuridae,ctenochaetus_truncatus,#error!,3,2,11,13,NA,NA,NA,NA
2019-11-07,par_01,paradise,tanzania,acanthuridae,ctenochaetus_striatus,#error!,4,3,11,13,NA,NA,NA,NA
2019-11-07,par_01,paradise,tanzania,acanthuridae,naso_brevirostris_s,#error!,5,2,16,18,NA,NA,NA,NA
2019-11-07,par_01,paradise,tanzania,acanthuridae,ctenochaetus_striatus,#error!,5,9,11,13,NA,NA,NA,NA
2023-02-17,pet_01,pethali,kenya,acanthuridae,acanthurus_triostegus,#error!,2,4,6,8,NA,NA,NA,NA
2023-02-17,pet_01,pethali,kenya,acanthuridae,naso_elegans,#error!,2,6,21,23,NA,NA,NA,NA
2023-02-17,pet_01,pethali,kenya,acanthuridae,acanthurus_mata,#error!,2,5,16,18,NA,NA,NA,NA
2023-02-17,pet_01,pethali,kenya,acanthuridae,naso_elegans,#error!,3,1,26,28,NA,NA,NA,NA
2023-02-17,pet_01,pethali,kenya,acanthuridae,acanthurus_dussumieri,#error!,3,25,21,23,NA,NA,NA,NA
2023-02-17,pet_01,pethali,kenya,acanthuridae,acanthurus_dussumieri,#error!,3,5,31,33,NA,NA,NA,NA
2023-02-17,pet_01,pethali,kenya,acanthuridae,acanthurus_triostegus,#error!,3,6,16,18,NA,NA,NA,NA
2023-02-17,pet_02,pethali,kenya,acanthuridae,acanthurus_leucosternon,#error!,4,2,11,13,NA,NA,NA,NA
2023-02-17,pet_02,pethali,kenya,acanthuridae,acanthurus_nigrofuscus,#error!,4,3,11,13,NA,NA,NA,NA
2023-02-17,pet_02,pethali,kenya,acanthuridae,ctenochaetus_truncatus,#error!,4,10,11,13,NA,NA,NA,NA
2023-02-17,pet_02,pethali,kenya,acanthuridae,ctenochaetus_striatus,#error!,4,2,11,13,NA,NA,NA,NA
2018-10-15,mw_a_p_sc19,point_ouani,comoros,acanthuridae,acanthurus_dussumieri,#error!,1,1,31,33,NA,NA,NA,NA
2018-10-15,mw_a_p_sc19,point_ouani,comoros,acanthuridae,acanthurus_nigrofuscus,#error!,1,17,6,8,NA,NA,NA,NA
2018-10-15,mw_a_p_sc19,point_ouani,comoros,acanthuridae,acanthurus_tennentii,#error!,1,3,26,28,NA,NA,NA,NA
2018-10-15,mw_a_p_sc19,point_ouani,comoros,acanthuridae,naso_elegans,#error!,1,3,26,28,NA,NA,NA,NA
2018-10-15,mw_a_p_sc19,point_ouani,comoros,acanthuridae,ctenochaetus_striatus,#error!,1,33,11,13,NA,NA,NA,NA
2018-10-15,mw_a_p_sc19,point_ouani,comoros,acanthuridae,zebrasoma_scopas,#error!,1,1,11,13,NA,NA,NA,NA
2018-10-15,mw_a_p_sc19,point_ouani,comoros,acanthuridae,acanthurus_nigrofuscus,#error!,2,34,11,13,NA,NA,NA,NA
2018-10-15,mw_a_p_sc19,point_ouani,comoros,acanthuridae,naso_elegans,#error!,2,5,31,33,NA,NA,NA,NA
2018-10-15,mw_a_p_sc19,point_ouani,comoros,acanthuridae,naso_elegans,#error!,2,3,21,23,NA,NA,NA,NA
2018-10-15,mw_a_p_sc19,point_ouani,comoros,acanthuridae,ctenochaetus_striatus,#error!,2,48,11,13,NA,NA,NA,NA
2018-10-15,mw_a_p_sc19,point_ouani,comoros,acanthuridae,acanthurus_nigrofuscus,#error!,3,45,11,13,NA,NA,NA,NA
2018-10-15,mw_a_p_sc19,point_ouani,comoros,acanthuridae,ctenochaetus_striatus,#error!,3,61,11,13,NA,NA,NA,NA
2018-10-15,mw_a_p_sc19,point_ouani,comoros,acanthuridae,zebrasoma_scopas,#error!,3,1,11,13,NA,NA,NA,NA
2018-10-16,mw_a_p_sc20,point_ouani,comoros,acanthuridae,acanthurus_nigrofuscus,#error!,4,24,11,13,NA,NA,NA,NA
2018-10-16,mw_a_p_sc20,point_ouani,comoros,acanthuridae,naso_brevirostris_s,#error!,4,4,16,18,NA,NA,NA,NA
2018-10-16,mw_a_p_sc20,point_ouani,comoros,acanthuridae,naso_brevirostris_b,#error!,4,4,21,23,NA,NA,NA,NA
2018-10-16,mw_a_p_sc20,point_ouani,comoros,acanthuridae,naso_elegans,#error!,4,2,26,28,NA,NA,NA,NA
2018-10-16,mw_a_p_sc20,point_ouani,comoros,acanthuridae,naso_vlamingii,#error!,4,1,26,28,NA,NA,NA,NA
2018-10-16,mw_a_p_sc20,point_ouani,comoros,acanthuridae,naso_brachycentron,#error!,4,1,36,38,NA,NA,NA,NA
2018-10-16,mw_a_p_sc20,point_ouani,comoros,acanthuridae,ctenochaetus_striatus,#error!,4,40,11,13,NA,NA,NA,NA
2018-10-16,mw_a_p_sc20,point_ouani,comoros,acanthuridae,zebrasoma_scopas,#error!,4,4,11,13,NA,NA,NA,NA
2018-10-16,mw_a_p_sc20,point_ouani,comoros,acanthuridae,acanthurus_nigrofuscus,#error!,5,17,11,13,NA,NA,NA,NA
2018-10-16,mw_a_p_sc20,point_ouani,comoros,acanthuridae,acanthurus_nigricaudus,#error!,5,1,26,28,NA,NA,NA,NA
2018-10-16,mw_a_p_sc20,point_ouani,comoros,acanthuridae,acanthurus_leucosternon,#error!,5,3,16,18,NA,NA,NA,NA
2018-10-16,mw_a_p_sc20,point_ouani,comoros,acanthuridae,acanthurus_thompsoni,#error!,5,2,16,18,NA,NA,NA,NA
2018-10-16,mw_a_p_sc20,point_ouani,comoros,acanthuridae,naso_brevirostris_s,#error!,5,1,16,18,NA,NA,NA,NA
2018-10-16,mw_a_p_sc20,point_ouani,comoros,acanthuridae,naso_elegans,#error!,5,7,26,28,NA,NA,NA,NA
2018-10-16,mw_a_p_sc20,point_ouani,comoros,acanthuridae,naso_vlamingii,#error!,5,1,16,18,NA,NA,NA,NA
2018-10-16,mw_a_p_sc20,point_ouani,comoros,acanthuridae,ctenochaetus_striatus,#error!,5,56,11,13,NA,NA,NA,NA
2018-10-16,mw_a_p_sc20,point_ouani,comoros,acanthuridae,ctenochaetus_truncatus,#error!,5,1,11,13,NA,NA,NA,NA
2018-10-16,mw_a_p_sc20,point_ouani,comoros,acanthuridae,zebrasoma_scopas,#error!,5,4,11,13,NA,NA,NA,NA
2018-10-16,mw_a_p_sc20,point_ouani,comoros,acanthuridae,acanthurus_nigrofuscus,#error!,6,18,11,13,NA,NA,NA,NA
2018-10-16,mw_a_p_sc20,point_ouani,comoros,acanthuridae,naso_elegans,#error!,6,2,26,28,NA,NA,NA,NA
2018-10-16,mw_a_p_sc20,point_ouani,comoros,acanthuridae,naso_elegans,#error!,6,2,31,33,NA,NA,NA,NA
2018-10-16,mw_a_p_sc20,point_ouani,comoros,acanthuridae,ctenochaetus_striatus,#error!,6,51,11,13,NA,NA,NA,NA
2018-10-16,mw_a_p_sc20,point_ouani,comoros,acanthuridae,zebrasoma_scopas,#error!,6,6,11,13,NA,NA,NA,NA
2023-02-10,pop_01,popo,kenya,acanthuridae,acanthurus_dussumieri,#error!,2,4,31,33,NA,NA,NA,NA
2023-02-10,pop_01,popo,kenya,acanthuridae,acanthurus_nigricaudus,#error!,2,3,16,18,NA,NA,NA,NA
2023-02-10,pop_01,popo,kenya,acanthuridae,acanthurus_nigricaudus,#error!,2,5,21,23,NA,NA,NA,NA
2023-02-10,pop_01,popo,kenya,acanthuridae,naso_brevirostris,#error!,2,6,21,23,NA,NA,NA,NA
2023-02-10,pop_01,popo,kenya,acanthuridae,naso_brevirostris,#error!,2,60,16,18,NA,NA,NA,NA
2023-02-10,pop_01,popo,kenya,acanthuridae,naso_vlamingii,#error!,2,3,21,23,NA,NA,NA,NA
2023-02-10,pop_01,popo,kenya,acanthuridae,zebrasoma_scopas,#error!,2,1,11,13,NA,NA,NA,NA
2023-03-23,riw_01,ras_iwatine,kenya,acanthuridae,acanthurus_triostegus,#error!,1,2,6,8,NA,NA,NA,NA
2023-03-23,riw_01,ras_iwatine,kenya,acanthuridae,acanthurus_nigrofuscus,#error!,1,6,11,13,NA,NA,NA,NA
2023-03-23,riw_01,ras_iwatine,kenya,acanthuridae,ctenochaetus_striatus,#error!,1,2,11,13,NA,NA,NA,NA
2023-03-23,riw_01,ras_iwatine,kenya,acanthuridae,ctenochaetus_truncatus,#error!,1,1,11,13,NA,NA,NA,NA
2023-03-23,riw_01,ras_iwatine,kenya,acanthuridae,zebrasoma_scopas,#error!,1,1,11,13,NA,NA,NA,NA
2023-03-23,riw_01,ras_iwatine,kenya,acanthuridae,acanthurus_triostegus,#error!,2,1,11,13,NA,NA,NA,NA
2023-03-23,riw_01,ras_iwatine,kenya,acanthuridae,acanthurus_triostegus,#error!,2,3,6,8,NA,NA,NA,NA
2023-03-23,riw_01,ras_iwatine,kenya,acanthuridae,acanthurus_nigrofuscus,#error!,2,21,11,13,NA,NA,NA,NA
2023-03-23,riw_01,ras_iwatine,kenya,acanthuridae,ctenochaetus_striatus,#error!,2,1,11,13,NA,NA,NA,NA
2023-03-23,riw_01,ras_iwatine,kenya,acanthuridae,ctenochaetus_truncatus,#error!,2,3,11,13,NA,NA,NA,NA
2023-03-23,riw_01,ras_iwatine,kenya,acanthuridae,zebrasoma_scopas,#error!,2,3,11,13,NA,NA,NA,NA
2023-03-23,riw_01,ras_iwatine,kenya,acanthuridae,zebrasoma_desjardinii,#error!,2,1,11,13,NA,NA,NA,NA
2023-03-23,riw_01,ras_iwatine,kenya,acanthuridae,acanthurus_triostegus,#error!,3,2,16,18,NA,NA,NA,NA
2023-03-23,riw_01,ras_iwatine,kenya,acanthuridae,acanthurus_nigrofuscus,#error!,3,12,11,13,NA,NA,NA,NA
2023-03-23,riw_01,ras_iwatine,kenya,acanthuridae,naso_brevirostris,#error!,3,1,6,8,NA,NA,NA,NA
2023-03-23,riw_01,ras_iwatine,kenya,acanthuridae,ctenochaetus_striatus,#error!,3,3,11,13,NA,NA,NA,NA
2023-03-23,riw_01,ras_iwatine,kenya,acanthuridae,ctenochaetus_truncatus,#error!,3,2,11,13,NA,NA,NA,NA
2023-03-23,riw_01,ras_iwatine,kenya,acanthuridae,ctenochaetus_binotatus,#error!,3,1,11,13,NA,NA,NA,NA
2023-02-10,sag_01,sagafu,kenya,acanthuridae,acanthurus_dussumieri,#error!,4,3,21,23,NA,NA,NA,NA
2023-02-10,sag_01,sagafu,kenya,acanthuridae,acanthurus_nigricaudus,#error!,4,15,16,18,NA,NA,NA,NA
2023-02-10,sag_01,sagafu,kenya,acanthuridae,acanthurus_nigricaudus,#error!,4,2,11,13,NA,NA,NA,NA
2023-02-10,sag_01,sagafu,kenya,acanthuridae,ctenochaetus_striatus,#error!,4,2,11,13,NA,NA,NA,NA
2023-02-10,sag_01,sagafu,kenya,acanthuridae,zebrasoma_desjardinii,#error!,4,1,11,13,NA,NA,NA,NA
2023-02-10,sag_01,sagafu,kenya,acanthuridae,acanthurus_dussumieri,#error!,5,3,21,23,NA,NA,NA,NA
2023-02-10,sag_01,sagafu,kenya,acanthuridae,acanthurus_nigricaudus,#error!,5,4,21,23,NA,NA,NA,NA
2018-10-10,mw_e_p_sc11,sambia,comoros,acanthuridae,acanthurus_nigrofuscus,#error!,1,11,11,13,NA,NA,NA,NA
2018-10-10,mw_e_p_sc11,sambia,comoros,acanthuridae,naso_elegans,#error!,1,2,21,23,NA,NA,NA,NA
2018-10-10,mw_e_p_sc11,sambia,comoros,acanthuridae,ctenochaetus_striatus,#error!,1,60,11,13,NA,NA,NA,NA
2018-10-10,mw_e_p_sc11,sambia,comoros,acanthuridae,zebrasoma_scopas,#error!,1,26,11,13,NA,NA,NA,NA
2018-10-10,mw_e_p_sc11,sambia,comoros,acanthuridae,acanthurus_nigrofuscus,#error!,2,14,11,13,NA,NA,NA,NA
2018-10-10,mw_e_p_sc11,sambia,comoros,acanthuridae,naso_elegans,#error!,2,3,21,23,NA,NA,NA,NA
2018-10-10,mw_e_p_sc11,sambia,comoros,acanthuridae,naso_elegans,#error!,2,2,26,28,NA,NA,NA,NA
2018-10-10,mw_e_p_sc11,sambia,comoros,acanthuridae,naso_vlamingii,#error!,2,1,16,18,NA,NA,NA,NA
2018-10-10,mw_e_p_sc11,sambia,comoros,acanthuridae,ctenochaetus_striatus,#error!,2,51,11,13,NA,NA,NA,NA
2018-10-10,mw_e_p_sc11,sambia,comoros,acanthuridae,zebrasoma_scopas,#error!,2,12,11,13,NA,NA,NA,NA
2018-10-10,mw_e_p_sc11,sambia,comoros,acanthuridae,acanthurus_nigrofuscus,#error!,3,27,11,13,NA,NA,NA,NA
2018-10-10,mw_e_p_sc11,sambia,comoros,acanthuridae,acanthurus_leucosternon,#error!,3,1,16,18,NA,NA,NA,NA
2018-10-10,mw_e_p_sc11,sambia,comoros,acanthuridae,acanthurus_triostegus,#error!,3,20,11,13,NA,NA,NA,NA
2018-10-10,mw_e_p_sc11,sambia,comoros,acanthuridae,zebrasoma_velifer,#error!,3,1,6,8,NA,NA,NA,NA
2018-10-10,mw_e_p_sc11,sambia,comoros,acanthuridae,naso_brevirostris_s,#error!,3,5,16,18,NA,NA,NA,NA
2018-10-10,mw_e_p_sc11,sambia,comoros,acanthuridae,ctenochaetus_striatus,#error!,3,51,11,13,NA,NA,NA,NA
2018-10-10,mw_e_p_sc11,sambia,comoros,acanthuridae,ctenochaetus_truncatus,#error!,3,7,11,13,NA,NA,NA,NA
2018-10-10,mw_e_p_sc11,sambia,comoros,acanthuridae,zebrasoma_scopas,#error!,3,4,11,13,NA,NA,NA,NA
2018-10-11,mw_e_p_sc12,sambia,comoros,acanthuridae,acanthurus_nigrofuscus,#error!,4,9,11,13,NA,NA,NA,NA
2018-10-11,mw_e_p_sc12,sambia,comoros,acanthuridae,acanthurus_tennentii,#error!,4,1,16,18,NA,NA,NA,NA
2018-10-11,mw_e_p_sc12,sambia,comoros,acanthuridae,naso_elegans,#error!,4,2,21,23,NA,NA,NA,NA
2018-10-11,mw_e_p_sc12,sambia,comoros,acanthuridae,ctenochaetus_striatus,#error!,4,23,11,13,NA,NA,NA,NA
2018-10-11,mw_e_p_sc12,sambia,comoros,acanthuridae,zebrasoma_scopas,#error!,4,5,11,13,NA,NA,NA,NA
2018-10-11,mw_e_p_sc12,sambia,comoros,acanthuridae,acanthurus_nigricaudus,#error!,5,1,21,23,NA,NA,NA,NA
2018-10-11,mw_e_p_sc12,sambia,comoros,acanthuridae,acanthurus_nigrofuscus,#error!,5,28,11,13,NA,NA,NA,NA
2018-10-11,mw_e_p_sc12,sambia,comoros,acanthuridae,naso_elegans,#error!,5,2,21,23,NA,NA,NA,NA
2018-10-11,mw_e_p_sc12,sambia,comoros,acanthuridae,naso_elegans,#error!,5,3,16,18,NA,NA,NA,NA
2018-10-11,mw_e_p_sc12,sambia,comoros,acanthuridae,naso_vlamingii,#error!,5,1,16,18,NA,NA,NA,NA
2018-10-11,mw_e_p_sc12,sambia,comoros,acanthuridae,ctenochaetus_striatus,#error!,5,47,11,13,NA,NA,NA,NA
2018-10-11,mw_e_p_sc12,sambia,comoros,acanthuridae,zebrasoma_scopas,#error!,5,8,11,13,NA,NA,NA,NA
2018-10-11,mw_e_p_sc12,sambia,comoros,acanthuridae,acanthurus_nigrofuscus,#error!,6,29,11,13,NA,NA,NA,NA
2018-10-11,mw_e_p_sc12,sambia,comoros,acanthuridae,acanthurus_tennentii,#error!,6,10,16,18,NA,NA,NA,NA
2018-10-11,mw_e_p_sc12,sambia,comoros,acanthuridae,acanthurus_tennentii,#error!,6,1,21,23,NA,NA,NA,NA
2018-10-11,mw_e_p_sc12,sambia,comoros,acanthuridae,naso_elegans,#error!,6,1,21,23,NA,NA,NA,NA
2018-10-11,mw_e_p_sc12,sambia,comoros,acanthuridae,naso_vlamingii,#error!,6,2,16,18,NA,NA,NA,NA
2018-10-11,mw_e_p_sc12,sambia,comoros,acanthuridae,ctenochaetus_striatus,#error!,6,58,11,13,NA,NA,NA,NA
2018-10-11,mw_e_p_sc12,sambia,comoros,acanthuridae,ctenochaetus_truncatus,#error!,6,1,11,13,NA,NA,NA,NA
2018-10-11,mw_e_p_sc12,sambia,comoros,acanthuridae,zebrasoma_scopas,#error!,6,6,11,13,NA,NA,NA,NA
2019-11-05,scs_01,scorpions_secret,tanzania,acanthuridae,acanthurus_nigrofuscus,#error!,1,4,11,13,NA,NA,NA,NA
2019-11-05,scs_01,scorpions_secret,tanzania,acanthuridae,acanthurus_tennentii,#error!,1,4,16,18,NA,NA,NA,NA
2019-11-05,scs_01,scorpions_secret,tanzania,acanthuridae,acanthurus_thompsoni,#error!,1,2,16,18,NA,NA,NA,NA
2019-11-05,scs_01,scorpions_secret,tanzania,acanthuridae,acanthurus_thompsoni,#error!,1,3,11,13,NA,NA,NA,NA
2019-11-05,scs_01,scorpions_secret,tanzania,acanthuridae,naso_brevirostris_s,#error!,1,7,16,18,NA,NA,NA,NA
2019-11-05,scs_01,scorpions_secret,tanzania,acanthuridae,ctenochaetus_truncatus,#error!,1,2,11,13,NA,NA,NA,NA
2019-11-05,scs_01,scorpions_secret,tanzania,acanthuridae,acanthurus_nigrofuscus,#error!,2,6,11,13,NA,NA,NA,NA
2019-11-05,scs_01,scorpions_secret,tanzania,acanthuridae,ctenochaetus_truncatus,#error!,2,7,11,13,NA,NA,NA,NA
2019-11-05,scs_01,scorpions_secret,tanzania,acanthuridae,acanthurus_nigrofuscus,#error!,3,9,11,13,NA,NA,NA,NA
2019-11-05,scs_01,scorpions_secret,tanzania,acanthuridae,ctenochaetus_striatus,#error!,3,4,11,13,NA,NA,NA,NA
2019-11-05,scs_01,scorpions_secret,tanzania,acanthuridae,ctenochaetus_truncatus,#error!,3,8,11,13,NA,NA,NA,NA
2019-11-05,scs_01,scorpions_secret,tanzania,acanthuridae,zebrasoma_scopas,#error!,3,1,11,13,NA,NA,NA,NA
2019-11-05,scs_02,scorpions_secret,tanzania,acanthuridae,ctenochaetus_striatus,#error!,4,6,11,13,NA,NA,NA,NA
2019-11-05,scs_02,scorpions_secret,tanzania,acanthuridae,zebrasoma_scopas,#error!,4,1,11,13,NA,NA,NA,NA
2019-11-05,scs_02,scorpions_secret,tanzania,acanthuridae,acanthurus_nigrofuscus,#error!,5,7,11,13,NA,NA,NA,NA
2019-11-05,scs_02,scorpions_secret,tanzania,acanthuridae,acanthurus_tennentii,#error!,5,2,21,23,NA,NA,NA,NA
2019-11-05,scs_02,scorpions_secret,tanzania,acanthuridae,ctenochaetus_striatus,#error!,5,9,11,13,NA,NA,NA,NA
2019-11-05,scs_02,scorpions_secret,tanzania,acanthuridae,zebrasoma_scopas,#error!,5,4,11,13,NA,NA,NA,NA
2019-11-08,shi_01,shimba,tanzania,acanthuridae,acanthurus_nigrofuscus,#error!,1,4,11,13,NA,NA,NA,NA
2019-11-08,shi_01,shimba,tanzania,acanthuridae,naso_brevirostris_b,#error!,1,1,31,33,NA,NA,NA,NA
2019-11-08,shi_01,shimba,tanzania,acanthuridae,naso_hexacanthus_b,#error!,1,5,36,38,NA,NA,NA,NA
2019-11-08,shi_01,shimba,tanzania,acanthuridae,ctenochaetus_binotatus,#error!,1,1,11,13,NA,NA,NA,NA
2019-11-08,shi_01,shimba,tanzania,acanthuridae,ctenochaetus_striatus,#error!,1,9,11,13,NA,NA,NA,NA
2019-11-08,shi_01,shimba,tanzania,acanthuridae,zebrasoma_scopas,#error!,1,2,11,13,NA,NA,NA,NA
2019-11-08,shi_01,shimba,tanzania,acanthuridae,acanthurus_nigrofuscus,#error!,2,2,11,13,NA,NA,NA,NA
2019-11-08,shi_01,shimba,tanzania,acanthuridae,ctenochaetus_striatus,#error!,2,7,11,13,NA,NA,NA,NA
2019-11-08,shi_01,shimba,tanzania,acanthuridae,ctenochaetus_truncatus,#error!,2,2,11,13,NA,NA,NA,NA
2019-11-08,shi_01,shimba,tanzania,acanthuridae,zebrasoma_scopas,#error!,2,3,11,13,NA,NA,NA,NA
2019-11-08,shi_01,shimba,tanzania,acanthuridae,acanthurus_nigrofuscus,#error!,3,1,11,13,NA,NA,NA,NA
2019-11-08,shi_01,shimba,tanzania,acanthuridae,ctenochaetus_binotatus,#error!,3,2,11,13,NA,NA,NA,NA
2019-11-08,shi_01,shimba,tanzania,acanthuridae,ctenochaetus_striatus,#error!,3,3,11,13,NA,NA,NA,NA
2019-11-08,shi_01,shimba,tanzania,acanthuridae,ctenochaetus_truncatus,#error!,3,1,11,13,NA,NA,NA,NA
2019-11-08,shi_01,shimba,tanzania,acanthuridae,zebrasoma_scopas,#error!,3,4,11,13,NA,NA,NA,NA
2019-11-08,shi_02,shimba,tanzania,acanthuridae,acanthurus_nigrofuscus,#error!,4,4,11,13,NA,NA,NA,NA
2019-11-08,shi_02,shimba,tanzania,acanthuridae,acanthurus_leucosternon,#error!,4,1,11,13,NA,NA,NA,NA
2019-11-08,shi_02,shimba,tanzania,acanthuridae,naso_brevirostris_b,#error!,4,8,21,23,NA,NA,NA,NA
2019-11-08,shi_02,shimba,tanzania,acanthuridae,naso_hexacanthus_s,#error!,4,1,16,18,NA,NA,NA,NA
2019-11-08,shi_02,shimba,tanzania,acanthuridae,naso_hexacanthus_b,#error!,4,1,21,23,NA,NA,NA,NA
2019-11-08,shi_02,shimba,tanzania,acanthuridae,naso_hexacanthus_b,#error!,4,16,26,28,NA,NA,NA,NA
2019-11-08,shi_02,shimba,tanzania,acanthuridae,naso_elegans,#error!,4,1,21,23,NA,NA,NA,NA
2019-11-08,shi_02,shimba,tanzania,acanthuridae,naso_elegans,#error!,4,1,16,18,NA,NA,NA,NA
2019-11-08,shi_02,shimba,tanzania,acanthuridae,ctenochaetus_striatus,#error!,4,5,11,13,NA,NA,NA,NA
2019-11-08,shi_02,shimba,tanzania,acanthuridae,ctenochaetus_truncatus,#error!,4,20,11,13,NA,NA,NA,NA
2019-11-08,shi_02,shimba,tanzania,acanthuridae,zebrasoma_scopas,#error!,4,4,11,13,NA,NA,NA,NA
2019-11-08,shi_02,shimba,tanzania,acanthuridae,ctenochaetus_striatus,#error!,5,6,6,8,NA,NA,NA,NA
2019-11-08,shi_02,shimba,tanzania,acanthuridae,ctenochaetus_truncatus,#error!,5,15,6,8,NA,NA,NA,NA
2023-03-24,str_01,starfish,kenya,acanthuridae,acanthurus_tristis,#error!,1,1,6,8,NA,NA,NA,NA
2023-03-24,str_01,starfish,kenya,acanthuridae,acanthurus_nigrofuscus,#error!,1,6,11,13,NA,NA,NA,NA
2023-03-24,str_01,starfish,kenya,acanthuridae,ctenochaetus_striatus,#error!,1,3,11,13,NA,NA,NA,NA
2023-03-24,str_01,starfish,kenya,acanthuridae,acanthurus_triostegus,#error!,2,1,16,18,NA,NA,NA,NA
2023-03-24,str_01,starfish,kenya,acanthuridae,acanthurus_nigrofuscus,#error!,2,2,11,13,NA,NA,NA,NA
2023-03-24,str_01,starfish,kenya,acanthuridae,acanthurus_nigrofuscus,#error!,3,8,11,13,NA,NA,NA,NA
2023-03-24,str_01,starfish,kenya,acanthuridae,ctenochaetus_striatus,#error!,3,2,11,13,NA,NA,NA,NA
2022-11-04,tkg_01,takaungu,kenya,acanthuridae,acanthurus_nigrofuscus,#error!,1,9,11,13,NA,NA,NA,NA
2022-11-04,tkg_01,takaungu,kenya,acanthuridae,acanthurus_tennentii,#error!,2,1,31,33,NA,NA,NA,NA
2022-11-04,tkg_01,takaungu,kenya,acanthuridae,acanthurus_nigricaudus,#error!,2,2,21,23,NA,NA,NA,NA
2022-11-04,tkg_01,takaungu,kenya,acanthuridae,acanthurus_nigrofuscus,#error!,2,4,11,13,NA,NA,NA,NA
2022-11-04,tkg_01,takaungu,kenya,acanthuridae,acanthurus_tennentii,#error!,3,2,31,33,NA,NA,NA,NA
2022-11-04,tkg_01,takaungu,kenya,acanthuridae,acanthurus_tennentii,#error!,3,1,26,28,NA,NA,NA,NA
2022-11-04,tkg_01,takaungu,kenya,acanthuridae,acanthurus_nigrofuscus,#error!,3,6,11,13,NA,NA,NA,NA
2022-11-04,tkg_01,takaungu,kenya,acanthuridae,ctenochaetus_binotatus,#error!,3,3,11,13,NA,NA,NA,NA
2020-11-20,tur_01,turtle_reef,kenya,acanthuridae,acanthurus_nigrofuscus,#error!,1,9,11,13,NA,NA,NA,NA
2020-11-20,tur_01,turtle_reef,kenya,acanthuridae,acanthurus_leucosternon,#error!,1,6,11,13,NA,NA,NA,NA
2020-11-20,tur_01,turtle_reef,kenya,acanthuridae,acanthurus_tennentii,#error!,1,2,16,18,NA,NA,NA,NA
2020-11-20,tur_01,turtle_reef,kenya,acanthuridae,acanthurus_tennentii,#error!,1,1,21,23,NA,NA,NA,NA
2020-11-20,tur_02,turtle_reef,kenya,acanthuridae,acanthurus_thompsoni,#error!,3,1,16,18,NA,NA,NA,NA
2020-11-20,tur_02,turtle_reef,kenya,acanthuridae,acanthurus_nigricaudus,#error!,3,1,11,13,NA,NA,NA,NA
2020-11-20,tur_02,turtle_reef,kenya,acanthuridae,acanthurus_nigrofuscus,#error!,3,1,16,18,NA,NA,NA,NA
2020-11-20,tur_02,turtle_reef,kenya,acanthuridae,acanthurus_nigrofuscus,#error!,3,8,11,13,NA,NA,NA,NA
2020-11-20,tur_02,turtle_reef,kenya,acanthuridae,acanthurus_leucosternon,#error!,3,1,11,13,NA,NA,NA,NA
2020-11-20,tur_02,turtle_reef,kenya,acanthuridae,acanthurus_leucosternon,#error!,3,1,16,18,NA,NA,NA,NA
2020-11-20,tur_02,turtle_reef,kenya,acanthuridae,acanthurus_mata,#error!,3,1,11,13,NA,NA,NA,NA
2020-11-20,tur_02,turtle_reef,kenya,acanthuridae,acanthurus_mata,#error!,3,1,31,33,NA,NA,NA,NA
2020-11-20,tur_02,turtle_reef,kenya,acanthuridae,acanthurus_tennentii,#error!,3,2,21,23,NA,NA,NA,NA
2020-11-20,tur_02,turtle_reef,kenya,acanthuridae,acanthurus_tennentii,#error!,3,5,11,13,NA,NA,NA,NA
2020-11-20,tur_02,turtle_reef,kenya,acanthuridae,ctenochaetus_striatus,#error!,3,11,11,13,NA,NA,NA,NA
2020-11-20,tur_02,turtle_reef,kenya,acanthuridae,acanthurus_triostegus,#error!,4,2,11,13,NA,NA,NA,NA
2020-11-20,tur_02,turtle_reef,kenya,acanthuridae,acanthurus_leucosternon,#error!,4,4,11,13,NA,NA,NA,NA
2020-11-20,tur_02,turtle_reef,kenya,acanthuridae,acanthurus_leucosternon,#error!,4,4,16,18,NA,NA,NA,NA
2020-11-20,tur_02,turtle_reef,kenya,acanthuridae,acanthurus_blochii,#error!,4,3,21,23,NA,NA,NA,NA
2020-11-20,tur_02,turtle_reef,kenya,acanthuridae,ctenochaetus_striatus,#error!,4,20,11,13,NA,NA,NA,NA
2020-11-20,tur_02,turtle_reef,kenya,acanthuridae,acanthurus_triostegus,#error!,5,1,11,13,NA,NA,NA,NA
2020-11-20,tur_02,turtle_reef,kenya,acanthuridae,acanthurus_leucosternon,#error!,5,6,11,13,NA,NA,NA,NA
2020-11-20,tur_02,turtle_reef,kenya,acanthuridae,acanthurus_leucosternon,#error!,5,4,16,18,NA,NA,NA,NA
2020-11-20,tur_02,turtle_reef,kenya,acanthuridae,acanthurus_tennentii,#error!,5,1,16,18,NA,NA,NA,NA
2020-11-20,tur_02,turtle_reef,kenya,acanthuridae,ctenochaetus_striatus,#error!,5,15,11,13,NA,NA,NA,NA
2021-04-15,ump_01,upper_mpunguti,kenya,acanthuridae,acanthurus_nigrofuscus,#error!,1,1,11,13,NA,NA,NA,NA
2021-04-15,ump_01,upper_mpunguti,kenya,acanthuridae,acanthurus_mata,#error!,1,10,21,23,NA,NA,NA,NA
2021-04-15,ump_01,upper_mpunguti,kenya,acanthuridae,ctenochaetus_striatus,#error!,1,3,11,13,NA,NA,NA,NA
2021-04-15,ump_01,upper_mpunguti,kenya,acanthuridae,ctenochaetus_truncatus,#error!,1,3,11,13,NA,NA,NA,NA
2021-04-15,ump_01,upper_mpunguti,kenya,acanthuridae,zebrasoma_scopas,#error!,1,2,11,13,NA,NA,NA,NA
2021-04-15,ump_01,upper_mpunguti,kenya,acanthuridae,naso_annulatus_b,#error!,2,4,46,48,NA,NA,NA,NA
2021-04-15,ump_01,upper_mpunguti,kenya,acanthuridae,acanthurus_thompsoni,#error!,3,4,16,18,NA,NA,NA,NA
2021-04-15,ump_01,upper_mpunguti,kenya,acanthuridae,acanthurus_mata,#error!,3,6,26,28,NA,NA,NA,NA
2021-04-15,ump_01,upper_mpunguti,kenya,acanthuridae,ctenochaetus_striatus,#error!,3,5,11,13,NA,NA,NA,NA
2021-04-15,ump_01,upper_mpunguti,kenya,acanthuridae,zebrasoma_scopas,#error!,3,4,11,13,NA,NA,NA,NA
2021-04-15,ump_02,upper_mpunguti,kenya,acanthuridae,ctenochaetus_truncatus,#error!,4,2,11,13,NA,NA,NA,NA
2021-04-15,ump_02,upper_mpunguti,kenya,acanthuridae,acanthurus_triostegus,#error!,4,12,11,13,NA,NA,NA,NA
2021-04-15,ump_02,upper_mpunguti,kenya,acanthuridae,naso_brevirostris_s,#error!,4,6,11,13,NA,NA,NA,NA
2021-04-15,ump_02,upper_mpunguti,kenya,acanthuridae,zebrasoma_scopas,#error!,4,18,11,13,NA,NA,NA,NA
2021-04-15,ump_02,upper_mpunguti,kenya,acanthuridae,ctenochaetus_striatus,#error!,4,55,11,13,NA,NA,NA,NA
2021-04-15,ump_02,upper_mpunguti,kenya,acanthuridae,ctenochaetus_truncatus,#error!,5,4,11,13,NA,NA,NA,NA
2021-04-15,ump_02,upper_mpunguti,kenya,acanthuridae,naso_brevirostris_s,#error!,5,29,11,13,NA,NA,NA,NA
2021-04-15,ump_02,upper_mpunguti,kenya,acanthuridae,ctenochaetus_striatus,#error!,5,50,11,13,NA,NA,NA,NA
2021-04-15,ump_02,upper_mpunguti,kenya,acanthuridae,zebrasoma_scopas,#error!,5,25,11,13,NA,NA,NA,NA
2022-11-13,mil_01,utumbi,tanzania,acanthuridae,acanthurus_nigrofuscus,#error!,3,15,11,13,NA,NA,NA,NA
2022-11-13,mil_01,utumbi,tanzania,acanthuridae,naso_brevirostris,#error!,3,1,26,28,NA,NA,NA,NA
2022-11-13,mil_01,utumbi,tanzania,acanthuridae,naso_brevirostris,#error!,3,1,21,23,NA,NA,NA,NA
2022-11-13,mil_01,utumbi,tanzania,acanthuridae,ctenochaetus_striatus,#error!,3,1,11,13,NA,NA,NA,NA
2022-11-13,mil_01,utumbi,tanzania,acanthuridae,ctenochaetus_binotatus,#error!,3,5,11,13,NA,NA,NA,NA
2022-11-13,mil_01,utumbi,tanzania,acanthuridae,zebrasoma_scopas,#error!,3,4,11,13,NA,NA,NA,NA
2022-11-13,mil_01,utumbi,tanzania,acanthuridae,acanthurus_thompsoni,#error!,4,1,11,13,NA,NA,NA,NA
2022-11-13,mil_01,utumbi,tanzania,acanthuridae,acanthurus_nigrofuscus,#error!,4,8,11,13,NA,NA,NA,NA
2022-11-13,mil_01,utumbi,tanzania,acanthuridae,ctenochaetus_striatus,#error!,4,1,11,13,NA,NA,NA,NA
2022-11-13,mil_01,utumbi,tanzania,acanthuridae,ctenochaetus_truncatus,#error!,4,9,11,13,NA,NA,NA,NA
2022-11-13,mil_01,utumbi,tanzania,acanthuridae,zebrasoma_scopas,#error!,4,7,11,13,NA,NA,NA,NA
2022-11-13,mil_01,utumbi,tanzania,acanthuridae,zebrasoma_desjardinii,#error!,4,1,11,13,NA,NA,NA,NA
2022-11-13,mil_01,utumbi,tanzania,acanthuridae,zebrasoma_desjardinii,#error!,4,1,16,18,NA,NA,NA,NA
2022-11-13,mil_01,utumbi,tanzania,acanthuridae,naso_brevirostris,#error!,4,4,26,28,NA,NA,NA,NA
2022-11-13,utm_01,utumbi,tanzania,acanthuridae,acanthurus_dussumieri,#error!,1,2,31,33,NA,NA,NA,NA
2022-11-13,utm_01,utumbi,tanzania,acanthuridae,acanthurus_dussumieri,#error!,1,1,41,43,NA,NA,NA,NA
2022-11-13,utm_01,utumbi,tanzania,acanthuridae,acanthurus_dussumieri,#error!,1,3,36,38,NA,NA,NA,NA
2022-11-13,utm_01,utumbi,tanzania,acanthuridae,acanthurus_nigricaudus,#error!,1,1,21,23,NA,NA,NA,NA
2022-11-13,utm_01,utumbi,tanzania,acanthuridae,acanthurus_nigrofuscus,#error!,1,11,11,13,NA,NA,NA,NA
2022-11-13,utm_01,utumbi,tanzania,acanthuridae,naso_brevirostris,#error!,1,1,16,18,NA,NA,NA,NA
2022-11-13,utm_01,utumbi,tanzania,acanthuridae,naso_brevirostris,#error!,1,14,21,23,NA,NA,NA,NA
2022-11-13,utm_01,utumbi,tanzania,acanthuridae,naso_hexacanthus_b,#error!,1,1,21,23,NA,NA,NA,NA
2022-11-13,utm_01,utumbi,tanzania,acanthuridae,zebrasoma_scopas,#error!,1,4,11,13,NA,NA,NA,NA
2022-11-13,utm_01,utumbi,tanzania,acanthuridae,acanthurus_dussumieri,#error!,2,5,41,43,NA,NA,NA,NA
2022-11-13,utm_01,utumbi,tanzania,acanthuridae,acanthurus_nigrofuscus,#error!,2,10,11,13,NA,NA,NA,NA
2022-11-13,utm_01,utumbi,tanzania,acanthuridae,naso_brevirostris,#error!,2,7,21,23,NA,NA,NA,NA
2022-11-13,utm_01,utumbi,tanzania,acanthuridae,naso_hexacanthus_b,#error!,2,6,16,18,NA,NA,NA,NA
2022-11-13,utm_01,utumbi,tanzania,acanthuridae,ctenochaetus_striatus,#error!,2,4,11,13,NA,NA,NA,NA
2022-11-13,utm_01,utumbi,tanzania,acanthuridae,ctenochaetus_truncatus,#error!,2,4,11,13,NA,NA,NA,NA
2022-11-13,utm_01,utumbi,tanzania,acanthuridae,zebrasoma_scopas,#error!,2,3,11,13,NA,NA,NA,NA
2021-03-17,uyo_01,uyombo,kenya,acanthuridae,acanthurus_thompsoni,#error!,1,4,11,13,NA,NA,NA,NA
2021-03-17,uyo_01,uyombo,kenya,acanthuridae,acanthurus_nigrofuscus,#error!,1,6,11,13,NA,NA,NA,NA
2021-03-17,uyo_01,uyombo,kenya,acanthuridae,acanthurus_tennentii,#error!,1,1,16,18,NA,NA,NA,NA
2021-03-17,uyo_01,uyombo,kenya,acanthuridae,naso_hexacanthus_b,#error!,1,5,26,28,NA,NA,NA,NA
2021-03-17,uyo_01,uyombo,kenya,acanthuridae,naso_hexacanthus_b,#error!,1,6,31,33,NA,NA,NA,NA
2021-03-17,uyo_01,uyombo,kenya,acanthuridae,naso_unicornis,#error!,1,1,41,43,NA,NA,NA,NA
2021-03-17,uyo_01,uyombo,kenya,acanthuridae,ctenochaetus_striatus,#error!,1,3,11,13,NA,NA,NA,NA
2021-03-17,uyo_01,uyombo,kenya,acanthuridae,acanthurus_blochii,#error!,2,3,31,33,NA,NA,NA,NA
2021-03-17,uyo_01,uyombo,kenya,acanthuridae,acanthurus_thompsoni,#error!,2,2,16,18,NA,NA,NA,NA
2021-03-17,uyo_01,uyombo,kenya,acanthuridae,acanthurus_thompsoni,#error!,2,2,21,23,NA,NA,NA,NA
2021-03-17,uyo_01,uyombo,kenya,acanthuridae,acanthurus_nigrofuscus,#error!,2,10,11,13,NA,NA,NA,NA
2021-03-17,uyo_01,uyombo,kenya,acanthuridae,naso_hexacanthus_b,#error!,2,2,36,38,NA,NA,NA,NA
2021-03-17,uyo_01,uyombo,kenya,acanthuridae,naso_hexacanthus_b,#error!,2,1,21,23,NA,NA,NA,NA
2021-03-17,uyo_01,uyombo,kenya,acanthuridae,naso_hexacanthus_b,#error!,2,2,31,33,NA,NA,NA,NA
2021-03-17,uyo_01,uyombo,kenya,acanthuridae,naso_hexacanthus_b,#error!,2,2,26,28,NA,NA,NA,NA
2021-03-17,uyo_01,uyombo,kenya,acanthuridae,naso_elegans,#error!,2,2,21,23,NA,NA,NA,NA
2021-03-17,uyo_01,uyombo,kenya,acanthuridae,naso_brachycentron,#error!,2,1,21,23,NA,NA,NA,NA
2021-03-17,uyo_01,uyombo,kenya,acanthuridae,ctenochaetus_striatus,#error!,2,6,11,13,NA,NA,NA,NA
2021-03-17,uyo_01,uyombo,kenya,acanthuridae,ctenochaetus_truncatus,#error!,2,5,11,13,NA,NA,NA,NA
2021-03-17,uyo_01,uyombo,kenya,acanthuridae,zebrasoma_scopas,#error!,2,3,11,13,NA,NA,NA,NA
2021-03-17,uyo_01,uyombo,kenya,acanthuridae,ctenochaetus_binotatus,#error!,2,6,11,13,NA,NA,NA,NA
2021-03-17,uyo_01,uyombo,kenya,acanthuridae,acanthurus_nigrofuscus,#error!,3,11,16,18,NA,NA,NA,NA
2021-03-17,uyo_01,uyombo,kenya,acanthuridae,acanthurus_leucosternon,#error!,3,2,16,18,NA,NA,NA,NA
2021-03-17,uyo_01,uyombo,kenya,acanthuridae,acanthurus_leucosternon,#error!,3,1,11,13,NA,NA,NA,NA
2021-03-17,uyo_01,uyombo,kenya,acanthuridae,naso_brevirostris_s,#error!,3,5,16,18,NA,NA,NA,NA
2021-03-17,uyo_01,uyombo,kenya,acanthuridae,naso_brevirostris_s,#error!,3,1,21,23,NA,NA,NA,NA
2021-03-17,uyo_01,uyombo,kenya,acanthuridae,naso_hexacanthus_b,#error!,3,6,31,33,NA,NA,NA,NA
2021-03-17,uyo_01,uyombo,kenya,acanthuridae,naso_hexacanthus_b,#error!,3,1,36,38,NA,NA,NA,NA
2021-03-17,uyo_01,uyombo,kenya,acanthuridae,ctenochaetus_striatus,#error!,3,7,11,13,NA,NA,NA,NA
2021-03-17,uyo_01,uyombo,kenya,acanthuridae,ctenochaetus_binotatus,#error!,3,3,11,13,NA,NA,NA,NA
2021-03-17,uyo_02,uyombo,kenya,acanthuridae,acanthurus_mata,#error!,4,4,16,18,NA,NA,NA,NA
2021-03-17,uyo_02,uyombo,kenya,acanthuridae,acanthurus_mata,#error!,4,3,21,23,NA,NA,NA,NA
2021-03-17,uyo_02,uyombo,kenya,acanthuridae,acanthurus_nigrofuscus,#error!,4,4,11,13,NA,NA,NA,NA
2021-03-17,uyo_02,uyombo,kenya,acanthuridae,naso_hexacanthus_b,#error!,4,10,31,33,NA,NA,NA,NA
2021-03-17,uyo_02,uyombo,kenya,acanthuridae,naso_hexacanthus_b,#error!,4,12,36,38,NA,NA,NA,NA
2021-03-17,uyo_02,uyombo,kenya,acanthuridae,naso_unicornis,#error!,4,2,46,48,NA,NA,NA,NA
2021-03-17,uyo_02,uyombo,kenya,acanthuridae,naso_unicornis,#error!,4,2,56,58,NA,NA,NA,NA
2021-03-17,uyo_02,uyombo,kenya,acanthuridae,ctenochaetus_truncatus,#error!,4,2,11,13,NA,NA,NA,NA
2021-03-17,uyo_02,uyombo,kenya,acanthuridae,acanthurus_mata,#error!,5,2,21,23,NA,NA,NA,NA
2021-03-17,uyo_02,uyombo,kenya,acanthuridae,acanthurus_nigrofuscus,#error!,5,6,11,13,NA,NA,NA,NA
2021-03-17,uyo_02,uyombo,kenya,acanthuridae,acanthurus_leucosternon,#error!,5,1,16,18,NA,NA,NA,NA
2021-03-17,uyo_02,uyombo,kenya,acanthuridae,acanthurus_tennentii,#error!,5,6,21,23,NA,NA,NA,NA
2021-03-17,uyo_02,uyombo,kenya,acanthuridae,naso_brevirostris_s,#error!,5,22,21,23,NA,NA,NA,NA
2021-03-17,uyo_02,uyombo,kenya,acanthuridae,naso_hexacanthus_b,#error!,5,4,31,33,NA,NA,NA,NA
2021-03-17,uyo_02,uyombo,kenya,acanthuridae,naso_hexacanthus_b,#error!,5,15,26,28,NA,NA,NA,NA
2021-03-17,uyo_02,uyombo,kenya,acanthuridae,naso_hexacanthus_b,#error!,5,4,41,43,NA,NA,NA,NA
2021-03-17,uyo_02,uyombo,kenya,acanthuridae,naso_brachycentron,#error!,5,1,26,28,NA,NA,NA,NA
2021-03-17,uyo_02,uyombo,kenya,acanthuridae,ctenochaetus_striatus,#error!,5,1,11,13,NA,NA,NA,NA
2021-03-17,uyo_02,uyombo,kenya,acanthuridae,ctenochaetus_truncatus,#error!,5,7,11,13,NA,NA,NA,NA
2021-02-15,vmn_01,vuma_north,kenya,acanthuridae,acanthurus_mata,#error!,1,20,16,18,NA,NA,NA,NA
2021-02-15,vmn_01,vuma_north,kenya,acanthuridae,acanthurus_mata,#error!,1,20,21,23,NA,NA,NA,NA
2021-02-15,vmn_01,vuma_north,kenya,acanthuridae,naso_hexacanthus_b,#error!,1,5,21,23,NA,NA,NA,NA
2021-02-15,vmn_01,vuma_north,kenya,acanthuridae,ctenochaetus_striatus,#error!,1,8,11,13,NA,NA,NA,NA
2021-02-15,vmn_01,vuma_north,kenya,acanthuridae,ctenochaetus_binotatus,#error!,1,8,11,13,NA,NA,NA,NA
2021-02-15,vmn_01,vuma_north,kenya,acanthuridae,acanthurus_mata,#error!,2,5,16,18,NA,NA,NA,NA
2021-02-15,vmn_01,vuma_north,kenya,acanthuridae,acanthurus_tennentii,#error!,2,2,16,18,NA,NA,NA,NA
2021-02-15,vmn_01,vuma_north,kenya,acanthuridae,naso_hexacanthus_b,#error!,2,5,36,38,NA,NA,NA,NA
2021-02-15,vmn_01,vuma_north,kenya,acanthuridae,ctenochaetus_striatus,#error!,2,3,11,13,NA,NA,NA,NA
2021-02-15,vmn_01,vuma_north,kenya,acanthuridae,ctenochaetus_binotatus,#error!,2,24,11,13,NA,NA,NA,NA
2021-02-15,vmn_01,vuma_north,kenya,acanthuridae,acanthurus_tennentii,#error!,3,3,16,18,NA,NA,NA,NA
2021-02-15,vmn_01,vuma_north,kenya,acanthuridae,ctenochaetus_binotatus,#error!,3,40,11,13,NA,NA,NA,NA
2021-02-15,vmn_02,vuma_north,kenya,acanthuridae,ctenochaetus_striatus,#error!,4,4,11,13,NA,NA,NA,NA
2021-02-15,vmn_02,vuma_north,kenya,acanthuridae,ctenochaetus_binotatus,#error!,4,20,11,13,NA,NA,NA,NA
2021-02-15,vmn_02,vuma_north,kenya,acanthuridae,ctenochaetus_striatus,#error!,5,4,11,13,NA,NA,NA,NA
2021-02-15,vmn_02,vuma_north,kenya,acanthuridae,ctenochaetus_binotatus,#error!,5,15,11,13,NA,NA,NA,NA
2021-02-16,vms_01,vuma_south,kenya,acanthuridae,acanthurus_nigricaudus,#error!,1,3,21,23,NA,NA,NA,NA
2021-02-16,vms_01,vuma_south,kenya,acanthuridae,acanthurus_nigrofuscus,#error!,1,5,11,13,NA,NA,NA,NA
2021-02-16,vms_01,vuma_south,kenya,acanthuridae,ctenochaetus_binotatus,#error!,1,9,11,13,NA,NA,NA,NA
2021-02-16,vms_01,vuma_south,kenya,acanthuridae,acanthurus_nigricaudus,#error!,2,3,21,23,NA,NA,NA,NA
2021-02-16,vms_01,vuma_south,kenya,acanthuridae,acanthurus_nigrofuscus,#error!,2,4,11,13,NA,NA,NA,NA
2021-02-16,vms_01,vuma_south,kenya,acanthuridae,ctenochaetus_binotatus,#error!,2,10,11,13,NA,NA,NA,NA
2021-02-16,vms_01,vuma_south,kenya,acanthuridae,acanthurus_nigrofuscus,#error!,3,2,11,13,NA,NA,NA,NA
2021-02-16,vms_01,vuma_south,kenya,acanthuridae,ctenochaetus_binotatus,#error!,3,6,11,13,NA,NA,NA,NA
2021-02-16,vms_02,vuma_south,kenya,acanthuridae,acanthurus_nigricaudus,#error!,4,2,31,33,NA,NA,NA,NA
2021-02-16,vms_02,vuma_south,kenya,acanthuridae,acanthurus_nigrofuscus,#error!,4,6,11,13,NA,NA,NA,NA
2021-02-16,vms_02,vuma_south,kenya,acanthuridae,acanthurus_leucosternon,#error!,4,1,11,13,NA,NA,NA,NA
2021-02-16,vms_02,vuma_south,kenya,acanthuridae,ctenochaetus_binotatus,#error!,4,4,11,13,NA,NA,NA,NA
2021-02-16,vms_02,vuma_south,kenya,acanthuridae,acanthurus_tennentii,#error!,5,2,31,33,NA,NA,NA,NA
2021-02-16,vms_02,vuma_south,kenya,acanthuridae,ctenochaetus_striatus,#error!,5,6,11,13,NA,NA,NA,NA
2020-12-23,was_01,wasini_tengefu,kenya,acanthuridae,acanthurus_nigricaudus,#error!,1,1,21,23,NA,NA,NA,NA
2020-12-23,was_01,wasini_tengefu,kenya,acanthuridae,acanthurus_nigrofuscus,#error!,1,1,11,13,NA,NA,NA,NA
2020-12-23,was_01,wasini_tengefu,kenya,acanthuridae,acanthurus_blochii,#error!,1,2,21,23,NA,NA,NA,NA
2020-12-23,was_01,wasini_tengefu,kenya,acanthuridae,zebrasoma_desjardinii,#error!,1,1,11,13,NA,NA,NA,NA
2020-12-23,was_01,wasini_tengefu,kenya,acanthuridae,acanthurus_blochii,#error!,2,2,21,23,NA,NA,NA,NA
2020-12-23,was_01,wasini_tengefu,kenya,acanthuridae,ctenochaetus_striatus,#error!,2,4,6,8,NA,NA,NA,NA
2020-12-23,was_01,wasini_tengefu,kenya,acanthuridae,acanthurus_nigrofuscus,#error!,3,2,11,13,NA,NA,NA,NA
2020-12-23,was_02,wasini_tengefu,kenya,acanthuridae,acanthurus_thompsoni,#error!,4,2,21,23,NA,NA,NA,NA
2020-12-23,was_02,wasini_tengefu,kenya,acanthuridae,ctenochaetus_striatus,#error!,4,4,6,8,NA,NA,NA,NA
2020-12-23,was_02,wasini_tengefu,kenya,acanthuridae,ctenochaetus_striatus,#error!,5,3,6,8,NA,NA,NA,NA
2021-04-01,wcg_01,watamu_coral_garden,kenya,acanthuridae,acanthurus_blochii,#error!,1,6,26,28,NA,NA,NA,NA
2021-04-01,wcg_01,watamu_coral_garden,kenya,acanthuridae,acanthurus_leucosternon,#error!,1,3,16,18,NA,NA,NA,NA
2021-04-01,wcg_01,watamu_coral_garden,kenya,acanthuridae,acanthurus_leucosternon,#error!,1,1,11,13,NA,NA,NA,NA
2021-04-01,wcg_01,watamu_coral_garden,kenya,acanthuridae,acanthurus_leucosternon,#error!,1,1,21,23,NA,NA,NA,NA
2021-04-01,wcg_01,watamu_coral_garden,kenya,acanthuridae,acanthurus_tennentii,#error!,1,2,26,28,NA,NA,NA,NA
2021-04-01,wcg_01,watamu_coral_garden,kenya,acanthuridae,acanthurus_triostegus,#error!,1,2,11,13,NA,NA,NA,NA
2021-04-01,wcg_01,watamu_coral_garden,kenya,acanthuridae,ctenochaetus_striatus,#error!,1,7,11,13,NA,NA,NA,NA
2021-04-01,wcg_01,watamu_coral_garden,kenya,acanthuridae,ctenochaetus_binotatus,#error!,1,2,11,13,NA,NA,NA,NA
2021-04-01,wcg_01,watamu_coral_garden,kenya,acanthuridae,acanthurus_blochii,#error!,2,1,26,28,NA,NA,NA,NA
2021-04-01,wcg_01,watamu_coral_garden,kenya,acanthuridae,acanthurus_dussumieri,#error!,2,1,26,28,NA,NA,NA,NA
2021-04-01,wcg_01,watamu_coral_garden,kenya,acanthuridae,acanthurus_nigricaudus,#error!,2,1,26,28,NA,NA,NA,NA
2021-04-01,wcg_01,watamu_coral_garden,kenya,acanthuridae,acanthurus_leucosternon,#error!,2,2,21,23,NA,NA,NA,NA
2021-04-01,wcg_01,watamu_coral_garden,kenya,acanthuridae,acanthurus_leucosternon,#error!,2,10,16,18,NA,NA,NA,NA
2021-04-01,wcg_01,watamu_coral_garden,kenya,acanthuridae,acanthurus_leucosternon,#error!,2,6,11,13,NA,NA,NA,NA
2021-04-01,wcg_01,watamu_coral_garden,kenya,acanthuridae,ctenochaetus_striatus,#error!,2,4,11,13,NA,NA,NA,NA
2021-04-01,wcg_01,watamu_coral_garden,kenya,acanthuridae,ctenochaetus_truncatus,#error!,2,15,11,13,NA,NA,NA,NA
2021-04-01,wcg_01,watamu_coral_garden,kenya,acanthuridae,acanthurus_nigricaudus,#error!,3,1,26,28,NA,NA,NA,NA
2021-04-01,wcg_01,watamu_coral_garden,kenya,acanthuridae,acanthurus_leucosternon,#error!,3,14,11,13,NA,NA,NA,NA
2021-04-01,wcg_01,watamu_coral_garden,kenya,acanthuridae,acanthurus_leucosternon,#error!,3,2,21,23,NA,NA,NA,NA
2021-04-01,wcg_01,watamu_coral_garden,kenya,acanthuridae,acanthurus_leucosternon,#error!,3,6,16,18,NA,NA,NA,NA
2021-04-01,wcg_01,watamu_coral_garden,kenya,acanthuridae,acanthurus_leucosternon,#error!,3,1,31,33,NA,NA,NA,NA
2021-04-01,wcg_01,watamu_coral_garden,kenya,acanthuridae,ctenochaetus_striatus,#error!,3,12,11,13,NA,NA,NA,NA
2021-04-01,wcg_01,watamu_coral_garden,kenya,acanthuridae,ctenochaetus_striatus,#error!,3,3,11,13,NA,NA,NA,NA
2022-11-03,wmb_01,wembe,kenya,acanthuridae,acanthurus_tennentii,#error!,1,1,16,18,NA,NA,NA,NA
2022-11-03,wmb_01,wembe,kenya,acanthuridae,acanthurus_leucosternon,#error!,1,1,16,18,NA,NA,NA,NA
2022-11-03,wmb_01,wembe,kenya,acanthuridae,acanthurus_leucosternon,#error!,1,1,21,23,NA,NA,NA,NA
2022-11-03,wmb_01,wembe,kenya,acanthuridae,acanthurus_nigrofuscus,#error!,1,8,11,13,NA,NA,NA,NA
2022-11-03,wmb_01,wembe,kenya,acanthuridae,acanthurus_nigricaudus,#error!,2,2,21,23,NA,NA,NA,NA
2022-11-03,wmb_01,wembe,kenya,acanthuridae,acanthurus_nigrofuscus,#error!,2,5,11,13,NA,NA,NA,NA
2022-11-03,wmb_01,wembe,kenya,acanthuridae,ctenochaetus_striatus,#error!,2,2,11,13,NA,NA,NA,NA
2022-11-03,wmb_01,wembe,kenya,acanthuridae,ctenochaetus_truncatus,#error!,2,5,11,13,NA,NA,NA,NA
2022-11-03,wmb_01,wembe,kenya,acanthuridae,zebrasoma_scopas,#error!,2,1,16,18,NA,NA,NA,NA
2022-11-03,wmb_01,wembe,kenya,acanthuridae,zebrasoma_desjardinii,#error!,2,1,31,33,NA,NA,NA,NA
2022-11-03,wmb_01,wembe,kenya,acanthuridae,zebrasoma_desjardinii,#error!,2,1,26,28,NA,NA,NA,NA
2022-11-03,wmb_02,wembe,kenya,acanthuridae,acanthurus_tennentii,#error!,3,1,16,18,NA,NA,NA,NA
2022-11-03,wmb_02,wembe,kenya,acanthuridae,acanthurus_leucosternon,#error!,3,1,16,18,NA,NA,NA,NA
2022-11-03,wmb_02,wembe,kenya,acanthuridae,acanthurus_leucosternon,#error!,3,1,21,23,NA,NA,NA,NA
2022-11-03,wmb_02,wembe,kenya,acanthuridae,acanthurus_nigrofuscus,#error!,3,13,11,13,NA,NA,NA,NA
2022-11-03,wmb_02,wembe,kenya,acanthuridae,ctenochaetus_striatus,#error!,3,1,11,13,NA,NA,NA,NA
2022-11-03,wmb_02,wembe,kenya,acanthuridae,ctenochaetus_truncatus,#error!,3,7,11,13,NA,NA,NA,NA
2022-11-03,wmb_02,wembe,kenya,acanthuridae,acanthurus_thompsoni,#error!,4,7,16,18,NA,NA,NA,NA
2022-11-03,wmb_02,wembe,kenya,acanthuridae,acanthurus_leucosternon,#error!,4,1,21,23,NA,NA,NA,NA
2022-11-03,wmb_02,wembe,kenya,acanthuridae,acanthurus_nigrofuscus,#error!,4,9,11,13,NA,NA,NA,NA
2022-11-03,wmb_02,wembe,kenya,acanthuridae,ctenochaetus_truncatus,#error!,4,11,11,13,NA,NA,NA,NA
2022-11-03,wmb_02,wembe,kenya,acanthuridae,acanthurus_tennentii,#error!,5,1,31,33,NA,NA,NA,NA
2022-11-03,wmb_02,wembe,kenya,acanthuridae,acanthurus_leucosternon,#error!,5,2,21,23,NA,NA,NA,NA
2022-11-03,wmb_02,wembe,kenya,acanthuridae,acanthurus_leucosternon,#error!,5,1,16,18,NA,NA,NA,NA
2022-11-03,wmb_02,wembe,kenya,acanthuridae,acanthurus_nigrofuscus,#error!,5,5,11,13,NA,NA,NA,NA
2022-11-03,wmb_02,wembe,kenya,acanthuridae,ctenochaetus_truncatus,#error!,5,2,11,13,NA,NA,NA,NA
2022-11-03,wmb_02,wembe,kenya,acanthuridae,zebrasoma_desjardinii,#error!,5,1,21,23,NA,NA,NA,NA
2022-11-19,yuy_01,yuyuni,tanzania,acanthuridae,acanthurus_nigricaudus,#error!,1,2,21,23,NA,NA,NA,NA
2022-11-19,yuy_01,yuyuni,tanzania,acanthuridae,acanthurus_nigrofuscus,#error!,1,6,11,13,NA,NA,NA,NA
2022-11-19,yuy_01,yuyuni,tanzania,acanthuridae,naso_brevirostris,#error!,1,6,26,28,NA,NA,NA,NA
2022-11-19,yuy_01,yuyuni,tanzania,acanthuridae,naso_brevirostris,#error!,1,5,21,23,NA,NA,NA,NA
2022-11-19,yuy_01,yuyuni,tanzania,acanthuridae,naso_hexacanthus_b,#error!,1,2,41,43,NA,NA,NA,NA
2022-11-19,yuy_01,yuyuni,tanzania,acanthuridae,naso_thynnoides,#error!,1,2,11,13,NA,NA,NA,NA
2022-11-19,yuy_01,yuyuni,tanzania,acanthuridae,ctenochaetus_truncatus,#error!,1,8,11,13,NA,NA,NA,NA
2022-11-19,yuy_01,yuyuni,tanzania,acanthuridae,zebrasoma_scopas,#error!,1,6,11,13,NA,NA,NA,NA
2022-11-19,yuy_01,yuyuni,tanzania,acanthuridae,acanthurus_nigricaudus,#error!,2,1,21,23,NA,NA,NA,NA
2022-11-19,yuy_01,yuyuni,tanzania,acanthuridae,acanthurus_leucosternon,#error!,2,1,16,18,NA,NA,NA,NA
2022-11-19,yuy_01,yuyuni,tanzania,acanthuridae,acanthurus_nigrofuscus,#error!,2,5,11,13,NA,NA,NA,NA
2022-11-19,yuy_01,yuyuni,tanzania,acanthuridae,naso_hexacanthus_b,#error!,2,3,16,18,NA,NA,NA,NA
2022-11-19,yuy_01,yuyuni,tanzania,acanthuridae,naso_elegans,#error!,2,1,16,18,NA,NA,NA,NA
2022-11-19,yuy_01,yuyuni,tanzania,acanthuridae,ctenochaetus_truncatus,#error!,2,20,11,13,NA,NA,NA,NA
2022-11-19,yuy_01,yuyuni,tanzania,acanthuridae,zebrasoma_scopas,#error!,2,7,11,13,NA,NA,NA,NA
2022-11-19,yuy_01,yuyuni,tanzania,acanthuridae,acanthurus_nigricaudus,#error!,3,2,16,18,NA,NA,NA,NA
2022-11-19,yuy_01,yuyuni,tanzania,acanthuridae,acanthurus_leucosternon,#error!,3,4,11,13,NA,NA,NA,NA
2022-11-19,yuy_01,yuyuni,tanzania,acanthuridae,acanthurus_nigrofuscus,#error!,3,10,11,13,NA,NA,NA,NA
2022-11-19,yuy_01,yuyuni,tanzania,acanthuridae,naso_vlamingii,#error!,3,1,46,48,NA,NA,NA,NA
2022-11-19,yuy_01,yuyuni,tanzania,acanthuridae,naso_elegans,#error!,3,1,36,38,NA,NA,NA,NA
2022-11-19,yuy_01,yuyuni,tanzania,acanthuridae,naso_elegans,#error!,3,2,31,33,NA,NA,NA,NA
2022-11-19,yuy_01,yuyuni,tanzania,acanthuridae,naso_unicornis,#error!,3,1,46,48,NA,NA,NA,NA
2022-11-19,yuy_01,yuyuni,tanzania,acanthuridae,naso_unicornis,#error!,3,1,41,43,NA,NA,NA,NA
2022-11-19,yuy_01,yuyuni,tanzania,acanthuridae,ctenochaetus_striatus,#error!,3,3,11,13,NA,NA,NA,NA
2022-11-19,yuy_01,yuyuni,tanzania,acanthuridae,ctenochaetus_truncatus,#error!,3,20,11,13,NA,NA,NA,NA
2022-11-19,yuy_01,yuyuni,tanzania,acanthuridae,zebrasoma_scopas,#error!,3,4,11,13,NA,NA,NA,NA
2022-11-19,yuy_02,yuyuni,tanzania,acanthuridae,naso_vlamingii,#error!,4,2,46,48,NA,NA,NA,NA
2022-11-19,yuy_02,yuyuni,tanzania,acanthuridae,naso_vlamingii,#error!,4,1,41,43,NA,NA,NA,NA
2022-11-19,yuy_02,yuyuni,tanzania,acanthuridae,naso_vlamingii,#error!,4,1,31,33,NA,NA,NA,NA
2022-11-19,yuy_02,yuyuni,tanzania,acanthuridae,ctenochaetus_truncatus,#error!,4,18,11,13,NA,NA,NA,NA
2022-11-19,yuy_02,yuyuni,tanzania,acanthuridae,zebrasoma_scopas,#error!,4,7,11,13,NA,NA,NA,NA
2022-11-19,yuy_02,yuyuni,tanzania,acanthuridae,zebrasoma_desjardinii,#error!,4,2,21,23,NA,NA,NA,NA
2022-11-19,yuy_02,yuyuni,tanzania,acanthuridae,acanthurus_nigricaudus,#error!,5,1,16,18,NA,NA,NA,NA
2022-11-19,yuy_02,yuyuni,tanzania,acanthuridae,acanthurus_nigricaudus,#error!,5,1,21,23,NA,NA,NA,NA
2022-11-19,yuy_02,yuyuni,tanzania,acanthuridae,acanthurus_leucosternon,#error!,5,14,16,18,NA,NA,NA,NA
2022-11-19,yuy_02,yuyuni,tanzania,acanthuridae,acanthurus_lineatus,#error!,5,1,16,18,NA,NA,NA,NA
2022-11-19,yuy_02,yuyuni,tanzania,acanthuridae,naso_brevirostris,#error!,5,16,21,23,NA,NA,NA,NA
2022-11-19,yuy_02,yuyuni,tanzania,acanthuridae,naso_elegans,#error!,5,9,21,23,NA,NA,NA,NA
2021-11-23,and_01,andromache,kenya,balistidae,sufflamen_bursa,#error!,2,1,16,18,NA,NA,NA,NA
2021-11-23,and_01,andromache,kenya,balistidae,sufflamen_chrysopterum,#error!,3,1,21,23,NA,NA,NA,NA
2021-11-23,and_01,andromache,kenya,balistidae,sufflamen_chrysopterum,#error!,3,1,16,18,NA,NA,NA,NA
2021-11-23,and_02,andromache,kenya,balistidae,sufflamen_chrysopterum,#error!,5,2,11,13,NA,NA,NA,NA
2021-11-23,and_02,andromache,kenya,balistidae,sufflamen_chrysopterum,#error!,5,1,16,18,NA,NA,NA,NA
2022-04-04,aru_01,arusha,kenya,balistidae,balistapus_undulatus,#error!,1,1,11,13,NA,NA,NA,NA
2022-04-04,aru_01,arusha,kenya,balistidae,sufflamen_chrysopterum,#error!,1,6,16,18,NA,NA,NA,NA
2022-04-04,aru_01,arusha,kenya,balistidae,balistapus_undulatus,#error!,2,1,21,23,NA,NA,NA,NA
2022-04-04,aru_01,arusha,kenya,balistidae,sufflamen_chrysopterum,#error!,2,1,21,23,NA,NA,NA,NA
2022-04-04,aru_01,arusha,kenya,balistidae,sufflamen_chrysopterum,#error!,2,4,16,18,NA,NA,NA,NA
2022-04-04,aru_01,arusha,kenya,balistidae,sufflamen_chrysopterum,#error!,3,6,16,18,NA,NA,NA,NA
2022-04-04,aru_02,arusha,kenya,balistidae,balistapus_undulatus,#error!,4,1,16,18,NA,NA,NA,NA
2022-04-04,aru_02,arusha,kenya,balistidae,balistapus_undulatus,#error!,4,2,21,23,NA,NA,NA,NA
2022-04-04,aru_02,arusha,kenya,balistidae,balistapus_undulatus,#error!,4,1,26,28,NA,NA,NA,NA
2022-04-04,aru_02,arusha,kenya,balistidae,sufflamen_chrysopterum,#error!,4,8,16,18,NA,NA,NA,NA
2022-09-08,bang_01,bangoi,comoros,balistidae,sufflamen_chrysopterum,#error!,1,5,16,18,NA,NA,NA,NA
2022-09-08,bang_01,bangoi,comoros,balistidae,odonus_niger,#error!,1,14,11,13,NA,NA,NA,NA
2022-09-08,bang_01,bangoi,comoros,balistidae,balistapus_undulatus,#error!,2,2,16,18,NA,NA,NA,NA
2022-09-08,bang_01,bangoi,comoros,balistidae,sufflamen_chrysopterum,#error!,2,5,16,18,NA,NA,NA,NA
2022-09-08,bang_01,bangoi,comoros,balistidae,odonus_niger,#error!,2,12,11,13,NA,NA,NA,NA
2022-09-08,bang_02,bangoi,comoros,balistidae,sufflamen_chrysopterum,#error!,3,2,11,13,NA,NA,NA,NA
2022-09-08,bang_02,bangoi,comoros,balistidae,sufflamen_chrysopterum,#error!,3,1,16,18,NA,NA,NA,NA
2022-09-08,bang_02,bangoi,comoros,balistidae,sufflamen_chrysopterum,#error!,4,3,16,18,NA,NA,NA,NA
2022-09-08,bang_02,bangoi,comoros,balistidae,balistapus_undulatus,#error!,4,2,16,18,NA,NA,NA,NA
2022-09-08,bang_02,bangoi,comoros,balistidae,balistapus_undulatus,#error!,4,2,21,23,NA,NA,NA,NA
2022-09-08,bang_02,bangoi,comoros,balistidae,sufflamen_fraenatus,#error!,4,1,16,18,NA,NA,NA,NA
2022-09-08,bang_02,bangoi,comoros,balistidae,sufflamen_chrysopterum,#error!,5,3,16,18,NA,NA,NA,NA
2022-09-08,bang_02,bangoi,comoros,balistidae,sufflamen_chrysopterum,#error!,5,2,11,13,NA,NA,NA,NA
2022-09-08,bang_02,bangoi,comoros,balistidae,balistapus_undulatus,#error!,5,1,11,13,NA,NA,NA,NA
2018-09-30,aj_b_p_sc03,bimbini,comoros,balistidae,sufflamen_bursa,#error!,1,1,16,18,NA,NA,NA,NA
2018-09-30,aj_b_p_sc03,bimbini,comoros,balistidae,balistapus_undulatus,#error!,1,1,16,18,NA,NA,NA,NA
2018-09-30,aj_b_p_sc03,bimbini,comoros,balistidae,balistapus_undulatus,#error!,1,1,11,13,NA,NA,NA,NA
2018-09-30,aj_b_p_sc03,bimbini,comoros,balistidae,balistapus_undulatus,#error!,2,1,11,13,NA,NA,NA,NA
2018-09-30,aj_b_p_sc03,bimbini,comoros,balistidae,balistapus_undulatus,#error!,3,1,16,18,NA,NA,NA,NA
2018-10-01,aj_b_p_sc04,bimbini,comoros,balistidae,balistapus_undulatus,#error!,4,2,16,18,NA,NA,NA,NA
2018-10-01,aj_b_p_sc04,bimbini,comoros,balistidae,balistoides_conspicillum,#error!,4,1,16,18,NA,NA,NA,NA
2018-10-01,aj_b_p_sc04,bimbini,comoros,balistidae,sufflamen_bursa,#error!,5,2,16,18,NA,NA,NA,NA
2018-10-01,aj_b_p_sc04,bimbini,comoros,balistidae,sufflamen_chrysopterum,#error!,6,1,21,23,NA,NA,NA,NA
2018-10-01,aj_b_p_sc04,bimbini,comoros,balistidae,sufflamen_chrysopterum,#error!,6,1,16,18,NA,NA,NA,NA
2022-10-26,brc_01,brain_coral,kenya,balistidae,sufflamen_chrysopterum,#error!,1,1,11,13,NA,NA,NA,NA
2022-10-26,brc_01,brain_coral,kenya,balistidae,odonus_niger,#error!,1,2,31,33,NA,NA,NA,NA
2022-10-26,brc_01,brain_coral,kenya,balistidae,odonus_niger,#error!,1,1,26,28,NA,NA,NA,NA
2022-10-26,brc_01,brain_coral,kenya,balistidae,odonus_niger,#error!,2,1,31,33,NA,NA,NA,NA
2022-10-26,brc_01,brain_coral,kenya,balistidae,sufflamen_bursa,#error!,2,1,61,63,NA,NA,NA,NA
2022-10-26,brc_01,brain_coral,kenya,balistidae,sufflamen_chrysopterum,#error!,3,5,11,13,NA,NA,NA,NA
2022-10-26,brc_01,brain_coral,kenya,balistidae,odonus_niger,#error!,3,2,31,33,NA,NA,NA,NA
2022-10-26,brc_01,brain_coral,kenya,balistidae,sufflamen_bursa,#error!,3,1,16,18,NA,NA,NA,NA
2022-10-26,brc_02,brain_coral,kenya,balistidae,sufflamen_chrysopterum,#error!,4,1,16,18,NA,NA,NA,NA
2022-10-26,brc_02,brain_coral,kenya,balistidae,odonus_niger,#error!,4,7,31,33,NA,NA,NA,NA
2022-10-26,brc_02,brain_coral,kenya,balistidae,odonus_niger,#error!,4,1,36,38,NA,NA,NA,NA
2022-10-26,brc_02,brain_coral,kenya,balistidae,sufflamen_bursa,#error!,4,1,11,13,NA,NA,NA,NA
2022-10-26,brc_02,brain_coral,kenya,balistidae,sufflamen_chrysopterum,#error!,5,3,16,18,NA,NA,NA,NA
2022-10-26,brc_02,brain_coral,kenya,balistidae,sufflamen_bursa,#error!,5,2,16,18,NA,NA,NA,NA
2021-11-17,cha_01,chale,kenya,balistidae,balistapus_undulatus,#error!,1,1,21,23,NA,NA,NA,NA
2021-11-17,cha_01,chale,kenya,balistidae,balistapus_undulatus,#error!,2,1,11,13,NA,NA,NA,NA
2021-11-17,cha_01,chale,kenya,balistidae,balistapus_undulatus,#error!,2,1,21,23,NA,NA,NA,NA
2021-11-17,cha_01,chale,kenya,balistidae,sufflamen_chrysopterum,#error!,2,1,16,18,NA,NA,NA,NA
2021-11-17,cha_01,chale,kenya,balistidae,balistapus_undulatus,#error!,3,2,16,18,NA,NA,NA,NA
2021-11-17,cha_02,chale,kenya,balistidae,sufflamen_chrysopterum,#error!,4,2,16,18,NA,NA,NA,NA
2021-11-17,cha_02,chale,kenya,balistidae,sufflamen_chrysopterum,#error!,5,1,21,23,NA,NA,NA,NA
2021-11-17,cha_02,chale,kenya,balistidae,sufflamen_chrysopterum,#error!,5,1,16,18,NA,NA,NA,NA
2022-09-17,chin_02,chindini,comoros,balistidae,sufflamen_bursa,#error!,3,1,16,18,NA,NA,NA,NA
2022-09-17,chin_02,chindini,comoros,balistidae,sufflamen_chrysopterum,#error!,3,2,16,18,NA,NA,NA,NA
2022-09-17,chin_02,chindini,comoros,balistidae,sufflamen_bursa,#error!,4,3,16,18,NA,NA,NA,NA
2022-09-17,chin_02,chindini,comoros,balistidae,balistapus_undulatus,#error!,4,1,16,18,NA,NA,NA,NA
2022-09-17,chin_02,chindini,comoros,balistidae,sufflamen_chrysopterum,#error!,4,1,16,18,NA,NA,NA,NA
2022-09-12,chin_03,chindini,comoros,balistidae,balistapus_undulatus,#error!,1,2,11,13,NA,NA,NA,NA
2022-09-12,chin_03,chindini,comoros,balistidae,sufflamen_chrysopterum,#error!,1,2,16,18,NA,NA,NA,NA
2022-09-12,chin_03,chindini,comoros,balistidae,balistoides_viridescens,#error!,1,2,36,38,NA,NA,NA,NA
2022-09-12,chin_03,chindini,comoros,balistidae,sufflamen_chrysopterum,#error!,2,3,16,18,NA,NA,NA,NA
2023-03-24,ccb_01,chongo_cha_boso,kenya,balistidae,sufflamen_chrysopterum,#error!,1,7,16,18,NA,NA,NA,NA
2023-03-24,ccb_01,chongo_cha_boso,kenya,balistidae,melichthys_niger,#error!,1,2,16,18,NA,NA,NA,NA
2023-03-24,ccb_01,chongo_cha_boso,kenya,balistidae,sufflamen_bursa,#error!,1,2,16,18,NA,NA,NA,NA
2023-03-24,ccb_01,chongo_cha_boso,kenya,balistidae,sufflamen_chrysopterum,#error!,2,6,16,18,NA,NA,NA,NA
2023-03-21,ccs_01,chongo_cha_sharifu,kenya,balistidae,odonus_niger,#error!,1,33,31,33,NA,NA,NA,NA
2023-03-21,ccs_01,chongo_cha_sharifu,kenya,balistidae,sufflamen_chrysopterum,#error!,1,4,16,18,NA,NA,NA,NA
2023-03-21,ccs_01,chongo_cha_sharifu,kenya,balistidae,melichthys_niger,#error!,1,1,31,33,NA,NA,NA,NA
2023-03-21,ccs_01,chongo_cha_sharifu,kenya,balistidae,sufflamen_chrysopterum,#error!,2,3,16,18,NA,NA,NA,NA
2023-03-21,ccs_01,chongo_cha_sharifu,kenya,balistidae,odonus_niger,#error!,2,30,31,33,NA,NA,NA,NA
2023-03-21,ccs_01,chongo_cha_sharifu,kenya,balistidae,melichthys_niger,#error!,2,1,21,23,NA,NA,NA,NA
2021-11-22,dnr_01,diani_reef,kenya,balistidae,balistapus_undulatus,#error!,1,1,16,18,NA,NA,NA,NA
2021-11-22,dnr_01,diani_reef,kenya,balistidae,balistoides_viridescens,#error!,1,1,46,48,NA,NA,NA,NA
2021-11-22,dnr_01,diani_reef,kenya,balistidae,balistoides_viridescens,#error!,1,1,61,63,NA,NA,NA,NA
2021-11-22,dnr_02,diani_reef,kenya,balistidae,sufflamen_chrysopterum,#error!,4,1,11,13,NA,NA,NA,NA
2021-11-22,dnr_02,diani_reef,kenya,balistidae,sufflamen_chrysopterum,#error!,5,1,11,13,NA,NA,NA,NA
2022-11-18,din_01,dindini,tanzania,balistidae,sufflamen_chrysopterum,#error!,2,1,11,13,NA,NA,NA,NA
2022-11-18,din_01,dindini,tanzania,balistidae,balistapus_undulatus,#error!,2,1,16,18,NA,NA,NA,NA
2022-11-18,din_01,dindini,tanzania,balistidae,balistapus_undulatus,#error!,2,1,11,13,NA,NA,NA,NA
2022-11-18,din_01,dindini,tanzania,balistidae,sufflamen_chrysopterum,#error!,3,4,11,13,NA,NA,NA,NA
2022-11-18,din_01,dindini,tanzania,balistidae,odonus_niger,#error!,3,3,21,23,NA,NA,NA,NA
2022-11-18,din_01,dindini,tanzania,balistidae,odonus_niger,#error!,3,1,26,28,NA,NA,NA,NA
2022-11-18,din_02,dindini,tanzania,balistidae,sufflamen_chrysopterum,#error!,4,4,11,13,NA,NA,NA,NA
2022-11-18,din_02,dindini,tanzania,balistidae,melichthys_indicus,#error!,4,1,11,13,NA,NA,NA,NA
2022-11-18,din_02,dindini,tanzania,balistidae,melichthys_indicus,#error!,4,2,16,18,NA,NA,NA,NA
2022-11-18,din_02,dindini,tanzania,balistidae,sufflamen_chrysopterum,#error!,5,9,16,18,NA,NA,NA,NA
2022-11-18,din_02,dindini,tanzania,balistidae,sufflamen_chrysopterum,#error!,5,6,11,13,NA,NA,NA,NA
2022-11-18,din_02,dindini,tanzania,balistidae,melichthys_indicus,#error!,5,1,16,18,NA,NA,NA,NA
2018-10-13,mw_b_p_sc16,djirani,comoros,balistidae,balistapus_undulatus,#error!,1,1,26,28,NA,NA,NA,NA
2018-10-13,mw_b_p_sc16,djirani,comoros,balistidae,balistapus_undulatus,#error!,1,2,11,13,NA,NA,NA,NA
2018-10-13,mw_b_p_sc16,djirani,comoros,balistidae,balistapus_undulatus,#error!,1,1,16,18,NA,NA,NA,NA
2018-10-13,mw_b_p_sc16,djirani,comoros,balistidae,balistapus_undulatus,#error!,2,1,11,13,NA,NA,NA,NA
2018-10-14,mw_b_p_sc17,djirani,comoros,balistidae,balistapus_undulatus,#error!,4,3,11,13,NA,NA,NA,NA
2018-10-14,mw_b_p_sc17,djirani,comoros,balistidae,balistapus_undulatus,#error!,4,2,16,18,NA,NA,NA,NA
2018-10-14,mw_b_p_sc17,djirani,comoros,balistidae,balistapus_undulatus,#error!,6,1,16,18,NA,NA,NA,NA
2021-03-19,dol_01,dolphin,kenya,balistidae,balistapus_undulatus,#error!,1,1,11,13,NA,NA,NA,NA
2021-03-19,dol_01,dolphin,kenya,balistidae,balistapus_undulatus,#error!,1,1,21,23,NA,NA,NA,NA
2021-03-19,dol_01,dolphin,kenya,balistidae,sufflamen_chrysopterum,#error!,1,4,11,13,NA,NA,NA,NA
2021-03-19,dol_01,dolphin,kenya,balistidae,sufflamen_bursa,#error!,1,2,11,13,NA,NA,NA,NA
2021-03-19,dol_01,dolphin,kenya,balistidae,balistapus_undulatus,#error!,2,1,11,13,NA,NA,NA,NA
2021-03-19,dol_01,dolphin,kenya,balistidae,balistapus_undulatus,#error!,2,1,16,18,NA,NA,NA,NA
2021-03-19,dol_01,dolphin,kenya,balistidae,balistapus_undulatus,#error!,2,1,21,23,NA,NA,NA,NA
2021-03-19,dol_01,dolphin,kenya,balistidae,sufflamen_chrysopterum,#error!,2,1,11,13,NA,NA,NA,NA
2021-03-19,dol_01,dolphin,kenya,balistidae,balistapus_undulatus,#error!,3,2,11,13,NA,NA,NA,NA
2021-03-19,dol_01,dolphin,kenya,balistidae,sufflamen_chrysopterum,#error!,3,4,11,13,NA,NA,NA,NA
2021-03-19,dol_02,dolphin,kenya,balistidae,melichthys_niger,#error!,4,10,26,28,NA,NA,NA,NA
2021-03-19,dol_02,dolphin,kenya,balistidae,balistapus_undulatus,#error!,4,1,11,13,NA,NA,NA,NA
2021-03-19,dol_02,dolphin,kenya,balistidae,melichthys_niger,#error!,5,8,16,18,NA,NA,NA,NA
2021-03-19,dol_02,dolphin,kenya,balistidae,balistapus_undulatus,#error!,5,2,16,18,NA,NA,NA,NA
2021-03-19,dol_02,dolphin,kenya,balistidae,sufflamen_chrysopterum,#error!,5,4,11,13,NA,NA,NA,NA
2021-03-19,dol_02,dolphin,kenya,balistidae,odonus_niger,#error!,5,4,21,23,NA,NA,NA,NA
2021-03-19,dol_02,dolphin,kenya,balistidae,odonus_niger,#error!,5,2,11,13,NA,NA,NA,NA
2023-11-02,fassi1,fassi,comoros,balistidae,sufflamen_chrysopterum,#error!,4,3,11,13,NA,NA,NA,NA
2023-11-02,fassi2,fassi,comoros,balistidae,sufflamen_chrysopterum,#error!,2,3,11,13,NA,NA,NA,NA
2023-11-02,fassi2,fassi,comoros,balistidae,balistapus_undulatus,#error!,2,1,16,18,NA,NA,NA,NA
2018-10-09,mw_e_p_sc09,ferenga,comoros,balistidae,sufflamen_chrysopterum,#error!,1,4,11,13,NA,NA,NA,NA
2018-10-09,mw_e_p_sc09,ferenga,comoros,balistidae,balistapus_undulatus,#error!,1,1,11,13,NA,NA,NA,NA
2018-10-09,mw_e_p_sc09,ferenga,comoros,balistidae,sufflamen_chrysopterum,#error!,2,4,11,13,NA,NA,NA,NA
2018-10-09,mw_e_p_sc09,ferenga,comoros,balistidae,sufflamen_chrysopterum,#error!,3,4,11,13,NA,NA,NA,NA
2018-10-09,mw_e_p_sc09,ferenga,comoros,balistidae,sufflamen_chrysopterum,#error!,3,1,16,18,NA,NA,NA,NA
2018-10-10,mw_e_p_sc10,ferenga,comoros,balistidae,balistapus_undulatus,#error!,4,1,16,18,NA,NA,NA,NA
2018-10-10,mw_e_p_sc10,ferenga,comoros,balistidae,balistapus_undulatus,#error!,4,1,6,8,NA,NA,NA,NA
2018-10-10,mw_e_p_sc10,ferenga,comoros,balistidae,balistoides_conspicillum,#error!,4,2,11,13,NA,NA,NA,NA
2018-10-10,mw_e_p_sc10,ferenga,comoros,balistidae,balistapus_undulatus,#error!,5,1,16,18,NA,NA,NA,NA
2018-10-10,mw_e_p_sc10,ferenga,comoros,balistidae,balistapus_undulatus,#error!,5,1,26,28,NA,NA,NA,NA
2018-10-10,mw_e_p_sc10,ferenga,comoros,balistidae,sufflamen_chrysopterum,#error!,6,1,16,18,NA,NA,NA,NA
2018-10-10,mw_e_p_sc10,ferenga,comoros,balistidae,sufflamen_chrysopterum,#error!,6,1,11,13,NA,NA,NA,NA
2019-11-15,fug_01,fundo_coral_garden,tanzania,balistidae,balistapus_undulatus,#error!,2,1,31,33,NA,NA,NA,NA
2019-11-15,fug_01,fundo_coral_garden,tanzania,balistidae,balistapus_undulatus,#error!,3,2,31,33,NA,NA,NA,NA
2019-11-15,fug_01,fundo_coral_garden,tanzania,balistidae,balistapus_undulatus,#error!,3,2,36,38,NA,NA,NA,NA
2019-11-15,fug_01,fundo_coral_garden,tanzania,balistidae,melichthys_niger,#error!,3,1,21,23,NA,NA,NA,NA
2019-11-14,fuo_01,fundo_outer,tanzania,balistidae,sufflamen_bursa,#error!,1,1,16,18,NA,NA,NA,NA
2019-11-14,fuo_01,fundo_outer,tanzania,balistidae,sufflamen_bursa,#error!,2,1,16,18,NA,NA,NA,NA
2019-11-14,fuo_02,fundo_outer,tanzania,balistidae,sufflamen_bursa,#error!,4,2,16,18,NA,NA,NA,NA
2019-11-14,fuo_02,fundo_outer,tanzania,balistidae,sufflamen_bursa,#error!,5,1,16,18,NA,NA,NA,NA
2022-09-16,ifou_01,ifoundihe_chamboini,comoros,balistidae,sufflamen_bursa,#error!,1,2,16,18,NA,NA,NA,NA
2022-09-16,ifou_01,ifoundihe_chamboini,comoros,balistidae,sufflamen_chrysopterum,#error!,1,2,16,18,NA,NA,NA,NA
2022-09-16,ifou_01,ifoundihe_chamboini,comoros,balistidae,balistapus_undulatus,#error!,1,1,11,13,NA,NA,NA,NA
2022-09-16,ifou_01,ifoundihe_chamboini,comoros,balistidae,balistapus_undulatus,#error!,1,2,16,18,NA,NA,NA,NA
2022-09-16,ifou_01,ifoundihe_chamboini,comoros,balistidae,sufflamen_bursa,#error!,2,2,16,18,NA,NA,NA,NA
2022-09-16,ifou_01,ifoundihe_chamboini,comoros,balistidae,sufflamen_chrysopterum,#error!,2,5,16,18,NA,NA,NA,NA
2022-09-17,ifou_02,ifoundihe_chamboini,comoros,balistidae,balistapus_undulatus,#error!,3,1,11,13,NA,NA,NA,NA
2022-09-17,ifou_02,ifoundihe_chamboini,comoros,balistidae,balistapus_undulatus,#error!,3,1,16,18,NA,NA,NA,NA
2022-09-17,ifou_02,ifoundihe_chamboini,comoros,balistidae,sufflamen_bursa,#error!,3,3,16,18,NA,NA,NA,NA
2022-09-17,ifou_02,ifoundihe_chamboini,comoros,balistidae,sufflamen_chrysopterum,#error!,3,3,16,18,NA,NA,NA,NA
2022-09-17,ifou_02,ifoundihe_chamboini,comoros,balistidae,sufflamen_bursa,#error!,4,2,16,18,NA,NA,NA,NA
2022-09-17,ifou_02,ifoundihe_chamboini,comoros,balistidae,sufflamen_chrysopterum,#error!,4,4,16,18,NA,NA,NA,NA
2022-09-17,ifou_02,ifoundihe_chamboini,comoros,balistidae,balistapus_undulatus,#error!,5,3,11,13,NA,NA,NA,NA
2022-09-17,ifou_02,ifoundihe_chamboini,comoros,balistidae,balistapus_undulatus,#error!,5,2,16,18,NA,NA,NA,NA
2022-09-17,ifou_02,ifoundihe_chamboini,comoros,balistidae,sufflamen_chrysopterum,#error!,5,5,11,13,NA,NA,NA,NA
2022-09-15,itso_01,itsoundzou,comoros,balistidae,sufflamen_bursa,#error!,1,1,16,18,NA,NA,NA,NA
2022-09-15,itso_01,itsoundzou,comoros,balistidae,balistapus_undulatus,#error!,1,2,11,13,NA,NA,NA,NA
2022-09-15,itso_01,itsoundzou,comoros,balistidae,balistapus_undulatus,#error!,2,1,16,18,NA,NA,NA,NA
2022-09-16,itso_02,itsoundzou,comoros,balistidae,balistapus_undulatus,#error!,3,1,11,13,NA,NA,NA,NA
2022-09-16,itso_02,itsoundzou,comoros,balistidae,balistapus_undulatus,#error!,3,2,16,18,NA,NA,NA,NA
2022-09-16,itso_02,itsoundzou,comoros,balistidae,sufflamen_bursa,#error!,3,2,16,18,NA,NA,NA,NA
2022-09-16,itso_02,itsoundzou,comoros,balistidae,sufflamen_chrysopterum,#error!,3,3,16,18,NA,NA,NA,NA
2022-09-16,itso_02,itsoundzou,comoros,balistidae,balistapus_undulatus,#error!,4,4,11,13,NA,NA,NA,NA
2022-09-16,itso_02,itsoundzou,comoros,balistidae,sufflamen_bursa,#error!,4,2,16,18,NA,NA,NA,NA
2022-09-07,ivoi_01,ivoini,comoros,balistidae,sufflamen_chrysopterum,#error!,1,2,16,18,NA,NA,NA,NA
2022-09-07,ivoi_01,ivoini,comoros,balistidae,sufflamen_fraenatus,#error!,1,2,11,13,NA,NA,NA,NA
2022-09-07,ivoi_01,ivoini,comoros,balistidae,sufflamen_chrysopterum,#error!,2,1,16,18,NA,NA,NA,NA
2022-09-07,ivoi_02,ivoini,comoros,balistidae,sufflamen_chrysopterum,#error!,3,2,11,13,NA,NA,NA,NA
2022-09-07,ivoi_02,ivoini,comoros,balistidae,sufflamen_chrysopterum,#error!,3,2,16,18,NA,NA,NA,NA
2022-09-07,ivoi_02,ivoini,comoros,balistidae,sufflamen_chrysopterum,#error!,4,3,16,18,NA,NA,NA,NA
2022-09-07,ivoi_02,ivoini,comoros,balistidae,balistapus_undulatus,#error!,4,1,16,18,NA,NA,NA,NA
2022-09-07,ivoi_02,ivoini,comoros,balistidae,sufflamen_chrysopterum,#error!,5,7,16,18,NA,NA,NA,NA
2022-09-07,ivoi_02,ivoini,comoros,balistidae,sufflamen_chrysopterum,#error!,5,3,11,13,NA,NA,NA,NA
2021-03-29,jac_01,jacaranda,kenya,balistidae,sufflamen_chrysopterum,#error!,1,1,11,13,NA,NA,NA,NA
2021-03-29,jac_01,jacaranda,kenya,balistidae,sufflamen_chrysopterum,#error!,2,6,11,13,NA,NA,NA,NA
2021-03-29,jac_01,jacaranda,kenya,balistidae,sufflamen_chrysopterum,#error!,3,1,11,13,NA,NA,NA,NA
2021-03-29,jac_02,jacaranda,kenya,balistidae,pseudobalistes_fuscus,#error!,4,1,11,13,NA,NA,NA,NA
2021-03-29,jac_02,jacaranda,kenya,balistidae,sufflamen_bursa,#error!,4,1,11,13,NA,NA,NA,NA
2021-03-29,jac_02,jacaranda,kenya,balistidae,balistoides_viridescens,#error!,4,1,16,18,NA,NA,NA,NA
2021-03-29,jac_02,jacaranda,kenya,balistidae,sufflamen_bursa,#error!,5,4,11,13,NA,NA,NA,NA
2022-03-31,jmk_01,jamba_wa_kwale,kenya,balistidae,sufflamen_chrysopterum,#error!,2,1,16,18,NA,NA,NA,NA
2022-03-31,jmk_01,jamba_wa_kwale,kenya,balistidae,balistapus_undulatus,#error!,3,1,21,23,NA,NA,NA,NA
2022-03-31,jmk_01,jamba_wa_kwale,kenya,balistidae,sufflamen_chrysopterum,#error!,3,1,16,18,NA,NA,NA,NA
2022-03-31,jmk_02,jamba_wa_kwale,kenya,balistidae,balistapus_undulatus,#error!,4,1,21,23,NA,NA,NA,NA
2022-03-31,jmk_02,jamba_wa_kwale,kenya,balistidae,balistapus_undulatus,#error!,5,1,16,18,NA,NA,NA,NA
2022-03-31,jmk_02,jamba_wa_kwale,kenya,balistidae,balistapus_undulatus,#error!,5,1,26,28,NA,NA,NA,NA
2022-03-31,jmk_02,jamba_wa_kwale,kenya,balistidae,sufflamen_chrysopterum,#error!,5,1,16,18,NA,NA,NA,NA
2022-10-25,jbr_01,jumbo_ruins,kenya,balistidae,sufflamen_chrysopterum,#error!,1,2,21,23,NA,NA,NA,NA
2022-10-25,jbr_01,jumbo_ruins,kenya,balistidae,sufflamen_chrysopterum,#error!,2,1,21,23,NA,NA,NA,NA
2022-10-25,jbr_01,jumbo_ruins,kenya,balistidae,sufflamen_chrysopterum,#error!,3,1,26,28,NA,NA,NA,NA
2022-10-25,jbr_02,jumbo_ruins,kenya,balistidae,sufflamen_chrysopterum,#error!,4,1,21,23,NA,NA,NA,NA
2022-10-25,jbr_02,jumbo_ruins,kenya,balistidae,rhinecanthus_rectangulus,#error!,4,1,21,23,NA,NA,NA,NA
2022-10-25,jbr_02,jumbo_ruins,kenya,balistidae,sufflamen_chrysopterum,#error!,5,4,21,23,NA,NA,NA,NA
2022-10-25,jbr_02,jumbo_ruins,kenya,balistidae,balistapus_undulatus,#error!,5,1,21,23,NA,NA,NA,NA
2022-02-04,kanz_01,kanzoni,comoros,balistidae,balistapus_undulatus,#error!,1,1,11,13,NA,NA,NA,NA
2022-02-04,kanz_01,kanzoni,comoros,balistidae,balistapus_undulatus,#error!,1,1,16,18,NA,NA,NA,NA
2022-02-04,kanz_01,kanzoni,comoros,balistidae,balistapus_undulatus,#error!,3,1,11,13,NA,NA,NA,NA
2022-02-04,kanz_01,kanzoni,comoros,balistidae,sufflamen_chrysopterum,#error!,3,1,11,13,NA,NA,NA,NA
2022-02-05,kanz_02,kanzoni,comoros,balistidae,balistapus_undulatus,#error!,4,1,11,13,NA,NA,NA,NA
2021-03-25,kas_01,kasa,kenya,balistidae,sufflamen_bursa,#error!,1,1,11,13,NA,NA,NA,NA
2021-03-25,kas_01,kasa,kenya,balistidae,balistapus_undulatus,#error!,2,1,16,18,NA,NA,NA,NA
2021-03-25,kas_01,kasa,kenya,balistidae,sufflamen_bursa,#error!,2,1,11,13,NA,NA,NA,NA
2021-03-25,kas_01,kasa,kenya,balistidae,sufflamen_chrysopterum,#error!,2,1,16,18,NA,NA,NA,NA
2021-03-25,kas_01,kasa,kenya,balistidae,odonus_niger,#error!,2,1,16,18,NA,NA,NA,NA
2021-03-25,kas_01,kasa,kenya,balistidae,sufflamen_chrysopterum,#error!,3,2,11,13,NA,NA,NA,NA
2021-03-25,kas_01,kasa,kenya,balistidae,melichthys_niger,#error!,3,1,16,18,NA,NA,NA,NA
2021-03-25,kas_02,kasa,kenya,balistidae,sufflamen_chrysopterum,#error!,4,1,11,13,NA,NA,NA,NA
2021-03-25,kas_02,kasa,kenya,balistidae,balistapus_undulatus,#error!,4,2,11,13,NA,NA,NA,NA
2021-03-25,kas_02,kasa,kenya,balistidae,melichthys_niger,#error!,4,2,21,23,NA,NA,NA,NA
2021-03-25,kas_02,kasa,kenya,balistidae,odonus_niger,#error!,4,10,31,33,NA,NA,NA,NA
2021-03-25,kas_02,kasa,kenya,balistidae,sufflamen_chrysopterum,#error!,5,1,11,13,NA,NA,NA,NA
2021-03-25,kas_02,kasa,kenya,balistidae,balistapus_undulatus,#error!,5,1,11,13,NA,NA,NA,NA
2021-11-18,ksm_01,kaya_similani,kenya,balistidae,sufflamen_chrysopterum,#error!,1,4,16,18,NA,NA,NA,NA
2021-11-18,ksm_01,kaya_similani,kenya,balistidae,sufflamen_bursa,#error!,1,1,11,13,NA,NA,NA,NA
2021-11-21,kkd_02,kikadini,kenya,balistidae,balistapus_undulatus,#error!,4,1,16,18,NA,NA,NA,NA
2021-11-21,kkd_02,kikadini,kenya,balistidae,balistapus_undulatus,#error!,5,1,16,18,NA,NA,NA,NA
2021-11-21,kkd_02,kikadini,kenya,balistidae,sufflamen_chrysopterum,#error!,5,1,16,18,NA,NA,NA,NA
2021-03-16,kiln_01,kilifi_north,kenya,balistidae,sufflamen_bursa,#error!,1,2,11,13,NA,NA,NA,NA
2021-03-16,kiln_01,kilifi_north,kenya,balistidae,sufflamen_bursa,#error!,3,2,11,13,NA,NA,NA,NA
2021-03-16,kiln_02,kilifi_north,kenya,balistidae,sufflamen_chrysopterum,#error!,4,1,11,13,NA,NA,NA,NA
2021-11-20,kmo_01,kinondo_makonde,kenya,balistidae,odonus_niger,#error!,1,20,16,18,NA,NA,NA,NA
2021-11-20,kmo_01,kinondo_makonde,kenya,balistidae,odonus_niger,#error!,1,30,21,23,NA,NA,NA,NA
2021-11-20,kmo_01,kinondo_makonde,kenya,balistidae,odonus_niger,#error!,1,17,26,28,NA,NA,NA,NA
2021-11-20,kmo_01,kinondo_makonde,kenya,balistidae,odonus_niger,#error!,2,5,16,18,NA,NA,NA,NA
2021-11-20,kmo_01,kinondo_makonde,kenya,balistidae,odonus_niger,#error!,2,2,21,23,NA,NA,NA,NA
2021-11-20,kmo_01,kinondo_makonde,kenya,balistidae,sufflamen_bursa,#error!,2,1,16,18,NA,NA,NA,NA
2021-11-20,kmo_01,kinondo_makonde,kenya,balistidae,odonus_niger,#error!,3,3,21,23,NA,NA,NA,NA
2021-11-20,kmo_01,kinondo_makonde,kenya,balistidae,balistapus_undulatus,#error!,3,1,16,18,NA,NA,NA,NA
2022-03-03,kny_01,kinyika_inner,kenya,balistidae,sufflamen_chrysopterum,#error!,1,1,11,13,NA,NA,NA,NA
2022-03-03,kny_01,kinyika_inner,kenya,balistidae,sufflamen_chrysopterum,#error!,1,3,16,18,NA,NA,NA,NA
2022-03-03,kny_01,kinyika_inner,kenya,balistidae,melichthys_niger,#error!,2,1,21,23,NA,NA,NA,NA
2022-03-03,kny_01,kinyika_inner,kenya,balistidae,sufflamen_chrysopterum,#error!,2,4,21,23,NA,NA,NA,NA
2022-03-03,kny_01,kinyika_inner,kenya,balistidae,sufflamen_chrysopterum,#error!,3,1,21,23,NA,NA,NA,NA
2022-03-03,kny_01,kinyika_inner,kenya,balistidae,sufflamen_chrysopterum,#error!,3,1,16,18,NA,NA,NA,NA
2022-03-03,kny_01,kinyika_inner,kenya,balistidae,sufflamen_chrysopterum,#error!,4,3,21,23,NA,NA,NA,NA
2022-03-03,kny_01,kinyika_inner,kenya,balistidae,sufflamen_chrysopterum,#error!,4,1,16,18,NA,NA,NA,NA
2022-03-05,knyo_01,kinyika_outer,kenya,balistidae,sufflamen_chrysopterum,#error!,2,2,16,18,NA,NA,NA,NA
2022-03-05,knyo_01,kinyika_outer,kenya,balistidae,melichthys_niger,#error!,2,1,36,38,NA,NA,NA,NA
2022-03-05,knyo_01,kinyika_outer,kenya,balistidae,sufflamen_chrysopterum,#error!,3,3,16,18,NA,NA,NA,NA
2022-03-05,knyo_01,kinyika_outer,kenya,balistidae,sufflamen_chrysopterum,#error!,3,1,21,23,NA,NA,NA,NA
2022-03-05,knyo_01,kinyika_outer,kenya,balistidae,sufflamen_chrysopterum,#error!,4,2,21,23,NA,NA,NA,NA
2022-03-05,knyo_01,kinyika_outer,kenya,balistidae,sufflamen_chrysopterum,#error!,4,1,21,23,NA,NA,NA,NA
2021-04-13,kse_01,kisite_east,kenya,balistidae,balistoides_conspicillum,#error!,1,1,26,28,NA,NA,NA,NA
2021-04-13,kse_01,kisite_east,kenya,balistidae,balistoides_conspicillum,#error!,1,1,21,23,NA,NA,NA,NA
2021-04-13,kse_01,kisite_east,kenya,balistidae,balistapus_undulatus,#error!,1,1,16,18,NA,NA,NA,NA
2021-04-13,kse_01,kisite_east,kenya,balistidae,balistapus_undulatus,#error!,1,1,21,23,NA,NA,NA,NA
2021-04-13,kse_01,kisite_east,kenya,balistidae,balistapus_undulatus,#error!,1,1,11,13,NA,NA,NA,NA
2021-04-13,kse_01,kisite_east,kenya,balistidae,sufflamen_chrysopterum,#error!,1,1,11,13,NA,NA,NA,NA
2021-04-13,kse_01,kisite_east,kenya,balistidae,balistapus_undulatus,#error!,2,2,16,18,NA,NA,NA,NA
2021-04-13,kse_01,kisite_east,kenya,balistidae,balistapus_undulatus,#error!,2,1,26,28,NA,NA,NA,NA
2021-04-13,kse_01,kisite_east,kenya,balistidae,sufflamen_chrysopterum,#error!,2,12,11,13,NA,NA,NA,NA
2021-04-13,kse_01,kisite_east,kenya,balistidae,balistoides_viridescens,#error!,2,1,36,38,NA,NA,NA,NA
2021-04-13,kse_01,kisite_east,kenya,balistidae,balistapus_undulatus,#error!,3,4,21,23,NA,NA,NA,NA
2021-04-13,kse_01,kisite_east,kenya,balistidae,balistapus_undulatus,#error!,3,1,16,18,NA,NA,NA,NA
2021-04-13,kse_01,kisite_east,kenya,balistidae,sufflamen_chrysopterum,#error!,3,4,11,13,NA,NA,NA,NA
2021-04-13,kse_02,kisite_east,kenya,balistidae,balistapus_undulatus,#error!,4,1,21,23,NA,NA,NA,NA
2021-04-13,kse_02,kisite_east,kenya,balistidae,balistoides_viridescens,#error!,4,1,16,18,NA,NA,NA,NA
2021-04-13,kse_02,kisite_east,kenya,balistidae,sufflamen_chrysopterum,#error!,4,1,41,43,NA,NA,NA,NA
2021-04-13,kse_02,kisite_east,kenya,balistidae,balistapus_undulatus,#error!,5,2,16,18,NA,NA,NA,NA
2021-04-13,kse_02,kisite_east,kenya,balistidae,sufflamen_chrysopterum,#error!,5,1,11,13,NA,NA,NA,NA
2022-11-17,kik_01,kisiwa_kikubwa,tanzania,balistidae,sufflamen_chrysopterum,#error!,4,2,11,13,NA,NA,NA,NA
2022-11-17,kik_01,kisiwa_kikubwa,tanzania,balistidae,balistapus_undulatus,#error!,4,1,16,18,NA,NA,NA,NA
2022-11-17,kik_01,kisiwa_kikubwa,tanzania,balistidae,sufflamen_chrysopterum,#error!,5,2,11,13,NA,NA,NA,NA
2022-11-17,kik_01,kisiwa_kikubwa,tanzania,balistidae,rhinecanthus_aculeatus,#error!,5,2,16,18,NA,NA,NA,NA
2022-11-17,msu_01,kisiwa_kikubwa,tanzania,balistidae,balistapus_undulatus,#error!,1,3,16,18,NA,NA,NA,NA
2022-11-17,msu_01,kisiwa_kikubwa,tanzania,balistidae,sufflamen_chrysopterum,#error!,2,2,11,13,NA,NA,NA,NA
2022-11-21,kitout_01,kitutia_outer,tanzania,balistidae,sufflamen_chrysopterum,#error!,1,2,11,13,NA,NA,NA,NA
2022-11-21,kitout_02,kitutia_outer,tanzania,balistidae,sufflamen_chrysopterum,#error!,3,2,11,13,NA,NA,NA,NA
2022-11-21,kitout_02,kitutia_outer,tanzania,balistidae,melichthys_niger,#error!,3,4,21,23,NA,NA,NA,NA
2022-11-21,kitout_02,kitutia_outer,tanzania,balistidae,sufflamen_chrysopterum,#error!,4,4,11,13,NA,NA,NA,NA
2022-11-21,kitout_02,kitutia_outer,tanzania,balistidae,balistapus_undulatus,#error!,4,1,16,18,NA,NA,NA,NA
2019-11-16,kug_01,kokota_uvinje_gap,tanzania,balistidae,balistapus_undulatus,#error!,1,1,21,23,NA,NA,NA,NA
2019-11-16,kug_01,kokota_uvinje_gap,tanzania,balistidae,balistapus_undulatus,#error!,3,1,26,28,NA,NA,NA,NA
2021-03-24,lev_01,leven,kenya,balistidae,balistapus_undulatus,#error!,1,1,11,13,NA,NA,NA,NA
2021-03-24,lev_01,leven,kenya,balistidae,sufflamen_bursa,#error!,1,4,11,13,NA,NA,NA,NA
2021-03-24,lev_01,leven,kenya,balistidae,balistapus_undulatus,#error!,3,1,11,13,NA,NA,NA,NA
2021-03-24,lev_01,leven,kenya,balistidae,sufflamen_chrysopterum,#error!,3,1,11,13,NA,NA,NA,NA
2021-03-24,lev_01,leven,kenya,balistidae,sufflamen_bursa,#error!,3,1,11,13,NA,NA,NA,NA
2021-03-24,lev_02,leven,kenya,balistidae,balistapus_undulatus,#error!,4,1,11,13,NA,NA,NA,NA
2021-03-24,lev_02,leven,kenya,balistidae,sufflamen_chrysopterum,#error!,4,1,11,13,NA,NA,NA,NA
2021-03-24,lev_02,leven,kenya,balistidae,balistapus_undulatus,#error!,5,2,11,13,NA,NA,NA,NA
2021-03-24,lev_02,leven,kenya,balistidae,sufflamen_chrysopterum,#error!,5,2,11,13,NA,NA,NA,NA
2022-10-27,lbb_01,lobster_bank,kenya,balistidae,sufflamen_chrysopterum,#error!,1,1,11,13,NA,NA,NA,NA
2022-10-27,lbb_01,lobster_bank,kenya,balistidae,odonus_niger,#error!,1,6,26,28,NA,NA,NA,NA
2022-10-27,lbb_01,lobster_bank,kenya,balistidae,odonus_niger,#error!,1,5,31,33,NA,NA,NA,NA
2022-10-27,lbb_01,lobster_bank,kenya,balistidae,sufflamen_chrysopterum,#error!,2,5,11,13,NA,NA,NA,NA
2022-10-27,lbb_01,lobster_bank,kenya,balistidae,odonus_niger,#error!,2,2,36,38,NA,NA,NA,NA
2022-10-27,lbb_01,lobster_bank,kenya,balistidae,odonus_niger,#error!,3,2,36,38,NA,NA,NA,NA
2022-10-27,lbb_01,lobster_bank,kenya,balistidae,odonus_niger,#error!,3,2,31,33,NA,NA,NA,NA
2022-10-27,lbb_02,lobster_bank,kenya,balistidae,balistapus_undulatus,#error!,4,2,16,18,NA,NA,NA,NA
2022-10-27,lbb_02,lobster_bank,kenya,balistidae,sufflamen_chrysopterum,#error!,5,1,11,13,NA,NA,NA,NA
2022-10-27,lbb_02,lobster_bank,kenya,balistidae,sufflamen_chrysopterum,#error!,5,4,16,18,NA,NA,NA,NA
2022-10-27,lbb_02,lobster_bank,kenya,balistidae,balistapus_undulatus,#error!,5,1,21,23,NA,NA,NA,NA
2021-11-19,mgd_01,magandia,kenya,balistidae,sufflamen_chrysopterum,#error!,1,4,16,18,NA,NA,NA,NA
2021-11-19,mgd_01,magandia,kenya,balistidae,sufflamen_chrysopterum,#error!,2,4,16,18,NA,NA,NA,NA
2021-11-19,mgd_02,magandia,kenya,balistidae,sufflamen_chrysopterum,#error!,4,1,16,18,NA,NA,NA,NA
2021-11-19,mgd_02,magandia,kenya,balistidae,sufflamen_chrysopterum,#error!,5,4,16,18,NA,NA,NA,NA
2021-04-12,mkk_01,makokokwe,kenya,balistidae,sufflamen_chrysopterum,#error!,1,1,11,13,NA,NA,NA,NA
2021-04-12,mkk_01,makokokwe,kenya,balistidae,sufflamen_chrysopterum,#error!,2,3,11,13,NA,NA,NA,NA
2021-04-12,mkk_01,makokokwe,kenya,balistidae,balistapus_undulatus,#error!,3,1,11,13,NA,NA,NA,NA
2021-04-12,mkk_02,makokokwe,kenya,balistidae,sufflamen_chrysopterum,#error!,5,2,11,13,NA,NA,NA,NA
2021-04-12,mkk_02,makokokwe,kenya,balistidae,balistoides_conspicillum,#error!,5,1,26,28,NA,NA,NA,NA
2022-09-13,male_03,male,comoros,balistidae,balistapus_undulatus,#error!,1,1,16,18,NA,NA,NA,NA
2022-09-13,male_03,male,comoros,balistidae,sufflamen_chrysopterum,#error!,1,5,16,18,NA,NA,NA,NA
2022-09-13,male_03,male,comoros,balistidae,balistapus_undulatus,#error!,2,1,16,18,NA,NA,NA,NA
2022-09-13,male_04,male,comoros,balistidae,balistapus_undulatus,#error!,3,2,11,13,NA,NA,NA,NA
2022-09-13,male_04,male,comoros,balistidae,sufflamen_chrysopterum,#error!,3,1,16,18,NA,NA,NA,NA
2022-09-13,male_04,male,comoros,balistidae,sufflamen_bursa,#error!,3,4,16,18,NA,NA,NA,NA
2022-09-13,male_04,male,comoros,balistidae,sufflamen_bursa,#error!,4,4,16,18,NA,NA,NA,NA
2021-03-31,mlcg_01,malindi_coral_garden,kenya,balistidae,sufflamen_chrysopterum,#error!,4,2,16,18,NA,NA,NA,NA
2021-03-31,mlcg_02,malindi_coral_garden,kenya,balistidae,sufflamen_chrysopterum,#error!,1,1,16,18,NA,NA,NA,NA
2021-03-31,mlcg_02,malindi_coral_garden,kenya,balistidae,sufflamen_chrysopterum,#error!,1,1,11,13,NA,NA,NA,NA
2021-03-31,mlcg_02,malindi_coral_garden,kenya,balistidae,balistoides_viridescens,#error!,2,1,26,28,NA,NA,NA,NA
2021-03-31,mlcg_02,malindi_coral_garden,kenya,balistidae,sufflamen_chrysopterum,#error!,2,4,11,13,NA,NA,NA,NA
2021-03-31,mlcg_02,malindi_coral_garden,kenya,balistidae,sufflamen_chrysopterum,#error!,2,2,16,18,NA,NA,NA,NA
2021-03-31,mlcg_02,malindi_coral_garden,kenya,balistidae,balistoides_viridescens,#error!,3,1,21,23,NA,NA,NA,NA
2021-03-31,mlcg_02,malindi_coral_garden,kenya,balistidae,balistoides_viridescens,#error!,3,1,26,28,NA,NA,NA,NA
2021-03-31,mlcg_02,malindi_coral_garden,kenya,balistidae,sufflamen_chrysopterum,#error!,3,4,11,13,NA,NA,NA,NA
2021-03-31,mlcg_02,malindi_coral_garden,kenya,balistidae,pseudobalistes_fuscus,#error!,3,1,16,18,NA,NA,NA,NA
2019-11-12,man_01,mandela,tanzania,balistidae,sufflamen_bursa,#error!,1,1,11,13,NA,NA,NA,NA
2019-11-12,man_01,mandela,tanzania,balistidae,sufflamen_bursa,#error!,1,1,16,18,NA,NA,NA,NA
2019-11-12,man_01,mandela,tanzania,balistidae,balistapus_undulatus,#error!,1,1,21,23,NA,NA,NA,NA
2019-11-12,man_01,mandela,tanzania,balistidae,sufflamen_bursa,#error!,2,1,16,18,NA,NA,NA,NA
2019-11-12,man_02,mandela,tanzania,balistidae,sufflamen_bursa,#error!,4,1,11,13,NA,NA,NA,NA
2019-11-12,man_02,mandela,tanzania,balistidae,sufflamen_bursa,#error!,4,1,16,18,NA,NA,NA,NA
2022-11-15,mgein_01,mange_inner,tanzania,balistidae,balistapus_undulatus,#error!,3,1,16,18,NA,NA,NA,NA
2022-11-22,mgeout_01,mange_outer,tanzania,balistidae,sufflamen_bursa,#error!,1,1,11,13,NA,NA,NA,NA
2022-11-22,mgeout_01,mange_outer,tanzania,balistidae,sufflamen_chrysopterum,#error!,3,2,11,13,NA,NA,NA,NA
2022-11-22,mgeout_01,mange_outer,tanzania,balistidae,balistapus_undulatus,#error!,3,1,16,18,NA,NA,NA,NA
2022-11-22,mgeout_02,mange_outer,tanzania,balistidae,balistapus_undulatus,#error!,4,1,16,18,NA,NA,NA,NA
2022-10-19,mps_02,mapasi,kenya,balistidae,sufflamen_chrysopterum,#error!,4,1,16,18,NA,NA,NA,NA
2022-10-19,mps_02,mapasi,kenya,balistidae,sufflamen_chrysopterum,#error!,5,1,16,18,NA,NA,NA,NA
2022-10-19,mps_01,mapasi,kenya,balistidae,sufflamen_chrysopterum,#error!,1,2,16,18,NA,NA,NA,NA
2018-10-07,gc_a_p_sc07,mbachile_napabo,comoros,balistidae,odonus_niger,#error!,1,8,16,18,NA,NA,NA,NA
2018-10-07,gc_a_p_sc07,mbachile_napabo,comoros,balistidae,sufflamen_bursa,#error!,1,5,16,18,NA,NA,NA,NA
2018-10-07,gc_a_p_sc07,mbachile_napabo,comoros,balistidae,sufflamen_bursa,#error!,1,1,11,13,NA,NA,NA,NA
2018-10-07,gc_a_p_sc07,mbachile_napabo,comoros,balistidae,balistapus_undulatus,#error!,1,1,11,13,NA,NA,NA,NA
2018-10-07,gc_a_p_sc07,mbachile_napabo,comoros,balistidae,balistapus_undulatus,#error!,1,1,21,23,NA,NA,NA,NA
2018-10-07,gc_a_p_sc07,mbachile_napabo,comoros,balistidae,balistapus_undulatus,#error!,1,1,16,18,NA,NA,NA,NA
2018-10-07,gc_a_p_sc07,mbachile_napabo,comoros,balistidae,sufflamen_chrysopterum,#error!,1,2,16,18,NA,NA,NA,NA
2018-10-07,gc_a_p_sc07,mbachile_napabo,comoros,balistidae,sufflamen_chrysopterum,#error!,1,1,11,13,NA,NA,NA,NA
2018-10-07,gc_a_p_sc07,mbachile_napabo,comoros,balistidae,balistapus_undulatus,#error!,2,1,16,18,NA,NA,NA,NA
2018-10-07,gc_a_p_sc07,mbachile_napabo,comoros,balistidae,sufflamen_bursa,#error!,2,1,11,13,NA,NA,NA,NA
2018-10-07,gc_a_p_sc07,mbachile_napabo,comoros,balistidae,sufflamen_bursa,#error!,2,1,16,18,NA,NA,NA,NA
2018-10-07,gc_a_p_sc07,mbachile_napabo,comoros,balistidae,sufflamen_chrysopterum,#error!,2,1,11,13,NA,NA,NA,NA
2018-10-07,gc_a_p_sc07,mbachile_napabo,comoros,balistidae,balistoides_viridescens,#error!,2,1,36,38,NA,NA,NA,NA
2018-10-07,gc_a_p_sc07,mbachile_napabo,comoros,balistidae,balistoides_viridescens,#error!,2,1,41,43,NA,NA,NA,NA
2018-10-07,gc_a_p_sc07,mbachile_napabo,comoros,balistidae,balistapus_undulatus,#error!,3,1,11,13,NA,NA,NA,NA
2018-10-07,gc_a_p_sc07,mbachile_napabo,comoros,balistidae,sufflamen_chrysopterum,#error!,3,3,11,13,NA,NA,NA,NA
2018-10-07,gc_a_p_sc07,mbachile_napabo,comoros,balistidae,balistoides_viridescens,#error!,3,2,41,43,NA,NA,NA,NA
2018-10-08,gc_a_p_sc08,mbachile_napabo,comoros,balistidae,balistapus_undulatus,#error!,4,1,26,28,NA,NA,NA,NA
2018-10-08,gc_a_p_sc08,mbachile_napabo,comoros,balistidae,balistapus_undulatus,#error!,4,1,11,13,NA,NA,NA,NA
2018-10-08,gc_a_p_sc08,mbachile_napabo,comoros,balistidae,balistapus_undulatus,#error!,4,1,16,18,NA,NA,NA,NA
2018-10-08,gc_a_p_sc08,mbachile_napabo,comoros,balistidae,sufflamen_chrysopterum,#error!,4,2,11,13,NA,NA,NA,NA
2018-10-08,gc_a_p_sc08,mbachile_napabo,comoros,balistidae,odonus_niger,#error!,4,55,11,13,NA,NA,NA,NA
2018-10-08,gc_a_p_sc08,mbachile_napabo,comoros,balistidae,odonus_niger,#error!,4,25,16,18,NA,NA,NA,NA
2018-10-08,gc_a_p_sc08,mbachile_napabo,comoros,balistidae,sufflamen_bursa,#error!,5,1,16,18,NA,NA,NA,NA
2018-10-08,gc_a_p_sc08,mbachile_napabo,comoros,balistidae,balistapus_undulatus,#error!,5,1,16,18,NA,NA,NA,NA
2018-10-08,gc_a_p_sc08,mbachile_napabo,comoros,balistidae,balistapus_undulatus,#error!,5,4,11,13,NA,NA,NA,NA
2018-10-08,gc_a_p_sc08,mbachile_napabo,comoros,balistidae,balistapus_undulatus,#error!,5,1,26,28,NA,NA,NA,NA
2018-10-08,gc_a_p_sc08,mbachile_napabo,comoros,balistidae,sufflamen_chrysopterum,#error!,5,4,16,18,NA,NA,NA,NA
2018-10-08,gc_a_p_sc08,mbachile_napabo,comoros,balistidae,sufflamen_chrysopterum,#error!,6,3,11,13,NA,NA,NA,NA
2018-10-08,gc_a_p_sc08,mbachile_napabo,comoros,balistidae,sufflamen_chrysopterum,#error!,6,5,16,18,NA,NA,NA,NA
2022-04-02,mbo_01,mboe,kenya,balistidae,balistapus_undulatus,#error!,1,1,16,18,NA,NA,NA,NA
2022-04-02,mbo_01,mboe,kenya,balistidae,sufflamen_chrysopterum,#error!,1,4,16,18,NA,NA,NA,NA
2022-04-02,mbo_01,mboe,kenya,balistidae,sufflamen_chrysopterum,#error!,2,1,16,18,NA,NA,NA,NA
2022-04-02,mbo_01,mboe,kenya,balistidae,balistapus_undulatus,#error!,2,1,16,18,NA,NA,NA,NA
2022-04-02,mbo_01,mboe,kenya,balistidae,sufflamen_chrysopterum,#error!,3,1,16,18,NA,NA,NA,NA
2022-04-02,mbo_02,mboe,kenya,balistidae,sufflamen_chrysopterum,#error!,4,4,16,18,NA,NA,NA,NA
2022-04-02,mbo_02,mboe,kenya,balistidae,sufflamen_chrysopterum,#error!,4,1,21,23,NA,NA,NA,NA
2022-04-02,mbo_02,mboe,kenya,balistidae,balistapus_undulatus,#error!,4,1,11,13,NA,NA,NA,NA
2022-04-02,mbo_02,mboe,kenya,balistidae,balistapus_undulatus,#error!,5,2,11,13,NA,NA,NA,NA
2022-04-02,mbo_02,mboe,kenya,balistidae,balistapus_undulatus,#error!,5,1,16,18,NA,NA,NA,NA
2022-04-05,mek_01,mekka,kenya,balistidae,sufflamen_chrysopterum,#error!,1,1,16,18,NA,NA,NA,NA
2022-04-05,mek_01,mekka,kenya,balistidae,sufflamen_chrysopterum,#error!,3,2,16,18,NA,NA,NA,NA
2022-04-05,mek_02,mekka,kenya,balistidae,sufflamen_chrysopterum,#error!,4,1,16,18,NA,NA,NA,NA
2022-04-05,mek_02,mekka,kenya,balistidae,sufflamen_chrysopterum,#error!,5,4,16,18,NA,NA,NA,NA
2022-09-10,mimo_01,memboiboini,comoros,balistidae,sufflamen_chrysopterum,#error!,1,3,11,13,NA,NA,NA,NA
2022-09-10,mimo_02,memboiboini,comoros,balistidae,balistapus_undulatus,#error!,2,3,16,18,NA,NA,NA,NA
2022-09-10,mimo_02,memboiboini,comoros,balistidae,sufflamen_chrysopterum,#error!,2,2,16,18,NA,NA,NA,NA
2022-09-10,mimo_02,memboiboini,comoros,balistidae,balistapus_undulatus,#error!,3,1,16,18,NA,NA,NA,NA
2022-09-10,mimo_02,memboiboini,comoros,balistidae,sufflamen_chrysopterum,#error!,3,2,16,18,NA,NA,NA,NA
2022-09-10,mimo_02,memboiboini,comoros,balistidae,balistapus_undulatus,#error!,4,1,6,8,NA,NA,NA,NA
2022-09-10,mimo_02,memboiboini,comoros,balistidae,sufflamen_chrysopterum,#error!,4,2,16,18,NA,NA,NA,NA
2018-10-11,mw_d_p_sc13,mirereni,comoros,balistidae,balistapus_undulatus,#error!,2,2,11,13,NA,NA,NA,NA
2018-10-12,mw_d_p_sc14,mirereni,comoros,balistidae,melichthys_niger,#error!,4,2,16,18,NA,NA,NA,NA
2018-10-12,mw_d_p_sc14,mirereni,comoros,balistidae,balistapus_undulatus,#error!,4,3,11,13,NA,NA,NA,NA
2018-10-12,mw_d_p_sc14,mirereni,comoros,balistidae,balistapus_undulatus,#error!,5,1,11,13,NA,NA,NA,NA
2018-10-13,mw_b_p_sc15,miringoni,comoros,balistidae,balistapus_undulatus,#error!,1,1,11,13,NA,NA,NA,NA
2018-10-13,mw_b_p_sc15,miringoni,comoros,balistidae,balistapus_undulatus,#error!,3,1,11,13,NA,NA,NA,NA
2018-10-14,mw_b_p_sc18,miringoni,comoros,balistidae,sufflamen_bursa,#error!,6,1,11,13,NA,NA,NA,NA
2018-10-14,mw_b_p_sc18,miringoni,comoros,balistidae,sufflamen_chrysopterum,#error!,4,1,11,13,NA,NA,NA,NA
2018-10-14,mw_b_p_sc18,miringoni,comoros,balistidae,balistapus_undulatus,#error!,4,1,16,18,NA,NA,NA,NA
2018-10-14,mw_b_p_sc18,miringoni,comoros,balistidae,balistapus_undulatus,#error!,5,1,11,13,NA,NA,NA,NA
2019-11-10,mis_01,misali,tanzania,balistidae,balistapus_undulatus,#error!,1,1,16,18,NA,NA,NA,NA
2019-11-10,mis_01,misali,tanzania,balistidae,melichthys_indicus,#error!,1,1,21,23,NA,NA,NA,NA
2019-11-10,mis_01,misali,tanzania,balistidae,balistapus_undulatus,#error!,3,1,16,18,NA,NA,NA,NA
2019-11-10,mis_02,misali,tanzania,balistidae,balistapus_undulatus,#error!,4,1,16,18,NA,NA,NA,NA
2018-10-05,gc_a_p_sc05,mitsamiouli,comoros,balistidae,sufflamen_chrysopterum,#error!,1,5,16,18,NA,NA,NA,NA
2018-10-05,gc_a_p_sc05,mitsamiouli,comoros,balistidae,balistapus_undulatus,#error!,1,2,11,13,NA,NA,NA,NA
2018-10-05,gc_a_p_sc05,mitsamiouli,comoros,balistidae,sufflamen_chrysopterum,#error!,3,2,16,18,NA,NA,NA,NA
2018-10-05,gc_a_p_sc05,mitsamiouli,comoros,balistidae,sufflamen_bursa,#error!,3,1,16,18,NA,NA,NA,NA
2018-10-06,gc_a_p_sc06,mitsamiouli,comoros,balistidae,sufflamen_bursa,#error!,4,2,16,18,NA,NA,NA,NA
2018-10-06,gc_a_p_sc06,mitsamiouli,comoros,balistidae,sufflamen_bursa,#error!,6,1,16,18,NA,NA,NA,NA
2023-11-01,mitsam2,mitsamiouli,comoros,balistidae,sufflamen_chrysopterum,#error!,1,1,11,13,NA,NA,NA,NA
2023-11-01,mitsam2,mitsamiouli,comoros,balistidae,balistapus_undulatus,#error!,1,1,11,13,NA,NA,NA,NA
2023-11-01,mitsam2,mitsamiouli,comoros,balistidae,sufflamen_chrysopterum,#error!,2,3,11,13,NA,NA,NA,NA
2023-11-01,mitsam2,mitsamiouli,comoros,balistidae,balistapus_undulatus,#error!,2,5,11,13,NA,NA,NA,NA
2023-11-01,mitsam2,mitsamiouli,comoros,balistidae,pseudobalistes_flavimarginatus,#error!,2,1,41,43,NA,NA,NA,NA
2023-11-01,mitsam3,mitsamiouli,comoros,balistidae,balistapus_undulatus,#error!,3,4,11,13,NA,NA,NA,NA
2023-11-01,mitsam3,mitsamiouli,comoros,balistidae,sufflamen_bursa,#error!,3,1,11,13,NA,NA,NA,NA
2023-11-01,mitsam3,mitsamiouli,comoros,balistidae,balistapus_undulatus,#error!,4,1,11,13,NA,NA,NA,NA
2023-02-13,mkcg_01,mkokoni_coral_garden,kenya,balistidae,balistapus_undulatus,#error!,2,2,16,18,NA,NA,NA,NA
2023-02-13,mkcg_01,mkokoni_coral_garden,kenya,balistidae,balistapus_undulatus,#error!,3,1,11,13,NA,NA,NA,NA
2022-04-01,mli_01,mliani,kenya,balistidae,balistapus_undulatus,#error!,2,1,21,23,NA,NA,NA,NA
2022-10-28,mbcg_01,mombasa_coral_garden,kenya,balistidae,balistapus_undulatus,#error!,1,2,16,18,NA,NA,NA,NA
2022-10-28,mbcg_01,mombasa_coral_garden,kenya,balistidae,balistoides_viridescens,#error!,1,1,36,38,NA,NA,NA,NA
2021-03-18,mor_01,moray,kenya,balistidae,balistapus_undulatus,#error!,1,1,16,18,NA,NA,NA,NA
2021-03-18,mor_01,moray,kenya,balistidae,odonus_niger,#error!,1,8,21,23,NA,NA,NA,NA
2021-03-18,mor_01,moray,kenya,balistidae,sufflamen_bursa,#error!,1,2,11,13,NA,NA,NA,NA
2021-03-18,mor_01,moray,kenya,balistidae,sufflamen_chrysopterum,#error!,1,2,11,13,NA,NA,NA,NA
2021-03-18,mor_01,moray,kenya,balistidae,melichthys_niger,#error!,1,4,11,13,NA,NA,NA,NA
2021-03-18,mor_01,moray,kenya,balistidae,balistoides_conspicillum,#error!,2,1,31,33,NA,NA,NA,NA
2021-03-18,mor_01,moray,kenya,balistidae,balistapus_undulatus,#error!,2,2,26,28,NA,NA,NA,NA
2021-03-18,mor_01,moray,kenya,balistidae,odonus_niger,#error!,2,14,16,18,NA,NA,NA,NA
2021-03-18,mor_01,moray,kenya,balistidae,sufflamen_bursa,#error!,2,6,11,13,NA,NA,NA,NA
2021-03-18,mor_01,moray,kenya,balistidae,melichthys_niger,#error!,2,6,16,18,NA,NA,NA,NA
2021-03-18,mor_01,moray,kenya,balistidae,odonus_niger,#error!,3,3,21,23,NA,NA,NA,NA
2021-03-18,mor_01,moray,kenya,balistidae,sufflamen_chrysopterum,#error!,3,2,11,13,NA,NA,NA,NA
2021-03-18,mor_01,moray,kenya,balistidae,melichthys_niger,#error!,3,4,16,18,NA,NA,NA,NA
2021-03-18,mor_02,moray,kenya,balistidae,odonus_niger,#error!,4,18,21,23,NA,NA,NA,NA
2021-03-18,mor_02,moray,kenya,balistidae,odonus_niger,#error!,4,4,16,18,NA,NA,NA,NA
2021-03-18,mor_02,moray,kenya,balistidae,balistapus_undulatus,#error!,4,1,16,18,NA,NA,NA,NA
2021-03-18,mor_02,moray,kenya,balistidae,sufflamen_bursa,#error!,4,1,11,13,NA,NA,NA,NA
2021-03-18,mor_02,moray,kenya,balistidae,sufflamen_chrysopterum,#error!,5,2,16,18,NA,NA,NA,NA
2021-03-18,mor_02,moray,kenya,balistidae,balistapus_undulatus,#error!,5,1,16,18,NA,NA,NA,NA
2021-03-18,mor_02,moray,kenya,balistidae,sufflamen_bursa,#error!,5,1,11,13,NA,NA,NA,NA
2021-03-18,mor_02,moray,kenya,balistidae,sufflamen_chrysopterum,#error!,5,1,11,13,NA,NA,NA,NA
2020-11-24,mrd_01,mradi_tengefu,kenya,balistidae,rhinecanthus_aculeatus,#error!,2,1,16,18,NA,NA,NA,NA
2020-11-24,mrd_01,mradi_tengefu,kenya,balistidae,balistapus_undulatus,#error!,2,1,31,33,NA,NA,NA,NA
2020-11-24,mrd_01,mradi_tengefu,kenya,balistidae,balistapus_undulatus,#error!,5,2,11,13,NA,NA,NA,NA
2021-11-16,mvu_01,mvureni,kenya,balistidae,sufflamen_chrysopterum,#error!,1,1,11,13,NA,NA,NA,NA
2021-11-16,mvu_01,mvureni,kenya,balistidae,balistapus_undulatus,#error!,1,1,16,18,NA,NA,NA,NA
2021-11-16,mvu_01,mvureni,kenya,balistidae,sufflamen_chrysopterum,#error!,2,1,16,18,NA,NA,NA,NA
2021-11-16,mvu_01,mvureni,kenya,balistidae,sufflamen_chrysopterum,#error!,2,1,21,23,NA,NA,NA,NA
2022-04-03,mwk_01,mwakinyavu,kenya,balistidae,sufflamen_chrysopterum,#error!,1,3,16,18,NA,NA,NA,NA
2022-04-03,mwk_01,mwakinyavu,kenya,balistidae,balistapus_undulatus,#error!,1,2,16,18,NA,NA,NA,NA
2022-04-03,mwk_01,mwakinyavu,kenya,balistidae,sufflamen_chrysopterum,#error!,2,2,21,23,NA,NA,NA,NA
2022-04-03,mwk_01,mwakinyavu,kenya,balistidae,balistapus_undulatus,#error!,2,1,16,18,NA,NA,NA,NA
2022-04-03,mwk_01,mwakinyavu,kenya,balistidae,balistapus_undulatus,#error!,2,1,11,13,NA,NA,NA,NA
2022-04-03,mwk_01,mwakinyavu,kenya,balistidae,balistapus_undulatus,#error!,3,1,6,8,NA,NA,NA,NA
2022-04-03,mwk_02,mwakinyavu,kenya,balistidae,sufflamen_chrysopterum,#error!,4,1,21,23,NA,NA,NA,NA
2022-04-03,mwk_02,mwakinyavu,kenya,balistidae,sufflamen_chrysopterum,#error!,4,1,16,18,NA,NA,NA,NA
2022-04-03,mwk_02,mwakinyavu,kenya,balistidae,sufflamen_chrysopterum,#error!,5,1,16,18,NA,NA,NA,NA
2023-02-12,mwy_01,mwamba_yee,kenya,balistidae,sufflamen_chrysopterum,#error!,1,2,16,18,NA,NA,NA,NA
2023-02-12,mwy_01,mwamba_yee,kenya,balistidae,sufflamen_chrysopterum,#error!,1,2,11,13,NA,NA,NA,NA
2023-02-12,mwy_01,mwamba_yee,kenya,balistidae,sufflamen_chrysopterum,#error!,2,6,16,18,NA,NA,NA,NA
2023-11-04,ndje_01,ndjelezi,comoros,balistidae,sufflamen_chrysopterum,#error!,1,1,11,13,NA,NA,NA,NA
2023-11-04,ndje_01,ndjelezi,comoros,balistidae,odonus_niger,#error!,1,5,16,18,NA,NA,NA,NA
2023-11-04,ndje_01,ndjelezi,comoros,balistidae,pterocaesio_marri,#error!,1,4,16,18,NA,NA,NA,NA
2023-11-04,ndje_01,ndjelezi,comoros,balistidae,sufflamen_chrysopterum,#error!,2,1,11,13,NA,NA,NA,NA
2023-11-04,ndje_02,ndjelezi,comoros,balistidae,sufflamen_chrysopterum,#error!,3,1,11,13,NA,NA,NA,NA
2023-11-04,ndje_02,ndjelezi,comoros,balistidae,sufflamen_bursa,#error!,4,2,11,13,NA,NA,NA,NA
2023-11-04,ndje_02,ndjelezi,comoros,balistidae,sufflamen_chrysopterum,#error!,4,2,11,13,NA,NA,NA,NA
2023-11-04,ndje_02,ndjelezi,comoros,balistidae,pseudobalistes_flavimarginatus,#error!,4,1,46,48,NA,NA,NA,NA
2023-11-04,ndje_02,ndjelezi,comoros,balistidae,pseudobalistes_flavimarginatus,#error!,4,1,51,53,NA,NA,NA,NA
2023-11-04,ndje_02,ndjelezi,comoros,balistidae,balistoides_viridescens,#error!,4,1,36,38,NA,NA,NA,NA
2022-09-06,ndro_02,ndroude,comoros,balistidae,sufflamen_chrysopterum,#error!,3,4,11,13,NA,NA,NA,NA
2022-09-06,ndro_02,ndroude,comoros,balistidae,sufflamen_chrysopterum,#error!,3,2,16,18,NA,NA,NA,NA
2022-09-06,ndro_02,ndroude,comoros,balistidae,sufflamen_chrysopterum,#error!,3,2,6,8,NA,NA,NA,NA
2022-09-06,ndro_02,ndroude,comoros,balistidae,sufflamen_chrysopterum,#error!,4,3,11,13,NA,NA,NA,NA
2022-09-06,ndro_02,ndroude,comoros,balistidae,sufflamen_chrysopterum,#error!,4,2,16,18,NA,NA,NA,NA
2019-11-09,njc_01,njao_coral_garden,tanzania,balistidae,balistapus_undulatus,#error!,1,2,16,18,NA,NA,NA,NA
2019-11-06,njg_01,njao_gap,tanzania,balistidae,sufflamen_bursa,#error!,1,2,16,18,NA,NA,NA,NA
2019-11-06,njg_01,njao_gap,tanzania,balistidae,balistapus_undulatus,#error!,3,1,21,23,NA,NA,NA,NA
2019-11-06,njg_01,njao_gap,tanzania,balistidae,balistapus_undulatus,#error!,3,1,11,13,NA,NA,NA,NA
2019-11-06,njg_01,njao_gap,tanzania,balistidae,balistapus_undulatus,#error!,4,1,16,18,NA,NA,NA,NA
2021-03-30,nor_01,north_reef,kenya,balistidae,balistapus_undulatus,#error!,2,2,11,13,NA,NA,NA,NA
2021-03-30,nor_01,north_reef,kenya,balistidae,sufflamen_chrysopterum,#error!,2,2,26,28,NA,NA,NA,NA
2021-03-30,nor_01,north_reef,kenya,balistidae,sufflamen_chrysopterum,#error!,2,1,11,13,NA,NA,NA,NA
2021-03-30,nor_01,north_reef,kenya,balistidae,sufflamen_chrysopterum,#error!,3,2,16,18,NA,NA,NA,NA
2021-03-30,nor_01,north_reef,kenya,balistidae,sufflamen_chrysopterum,#error!,3,2,11,13,NA,NA,NA,NA
2021-03-30,nor_02,north_reef,kenya,balistidae,balistapus_undulatus,#error!,4,1,16,18,NA,NA,NA,NA
2021-03-30,nor_02,north_reef,kenya,balistidae,sufflamen_chrysopterum,#error!,4,1,11,13,NA,NA,NA,NA
2021-03-30,nor_02,north_reef,kenya,balistidae,balistapus_undulatus,#error!,5,1,16,18,NA,NA,NA,NA
2022-11-14,nyn_01,nyamalile_north,tanzania,balistidae,sufflamen_chrysopterum,#error!,2,1,16,18,NA,NA,NA,NA
2022-11-14,nyn_01,nyamalile_north,tanzania,balistidae,balistapus_undulatus,#error!,3,1,16,18,NA,NA,NA,NA
2022-11-14,nyn_01,nyamalile_north,tanzania,balistidae,balistapus_undulatus,#error!,4,1,11,13,NA,NA,NA,NA
2022-11-14,nys_01,nyamalile_south,tanzania,balistidae,sufflamen_bursa,#error!,1,1,16,18,NA,NA,NA,NA
2022-11-14,nys_01,nyamalile_south,tanzania,balistidae,balistapus_undulatus,#error!,1,2,16,18,NA,NA,NA,NA
2022-11-14,nys_01,nyamalile_south,tanzania,balistidae,sufflamen_chrysopterum,#error!,2,1,16,18,NA,NA,NA,NA
2018-09-27,aj_a_p_sc01,ouani,comoros,balistidae,sufflamen_chrysopterum,#error!,1,1,21,23,NA,NA,NA,NA
2018-09-27,aj_a_p_sc01,ouani,comoros,balistidae,balistapus_undulatus,#error!,1,1,21,23,NA,NA,NA,NA
2018-09-27,aj_a_p_sc01,ouani,comoros,balistidae,balistapus_undulatus,#error!,1,1,11,13,NA,NA,NA,NA
2018-09-28,aj_a_p_sc02,ouani,comoros,balistidae,balistapus_undulatus,#error!,2,2,11,13,NA,NA,NA,NA
2018-09-28,aj_a_p_sc02,ouani,comoros,balistidae,xanthichthys_auromarginatus,#error!,2,1,16,18,NA,NA,NA,NA
2018-09-28,aj_a_p_sc02,ouani,comoros,balistidae,balistapus_undulatus,#error!,3,1,16,18,NA,NA,NA,NA
2020-11-19,pap_01,papa_reef,kenya,balistidae,balistapus_undulatus,#error!,1,1,16,18,NA,NA,NA,NA
2020-11-19,pap_01,papa_reef,kenya,balistidae,sufflamen_chrysopterum,#error!,1,1,11,13,NA,NA,NA,NA
2020-11-19,pap_01,papa_reef,kenya,balistidae,balistapus_undulatus,#error!,2,1,21,23,NA,NA,NA,NA
2020-11-19,pap_01,papa_reef,kenya,balistidae,sufflamen_chrysopterum,#error!,2,3,11,13,NA,NA,NA,NA
2020-11-19,pap_01,papa_reef,kenya,balistidae,sufflamen_bursa,#error!,2,2,11,13,NA,NA,NA,NA
2020-11-19,pap_01,papa_reef,kenya,balistidae,balistapus_undulatus,#error!,3,2,21,23,NA,NA,NA,NA
2020-11-19,pap_01,papa_reef,kenya,balistidae,sufflamen_chrysopterum,#error!,3,4,16,18,NA,NA,NA,NA
2020-11-19,pap_01,papa_reef,kenya,balistidae,sufflamen_chrysopterum,#error!,3,6,11,13,NA,NA,NA,NA
2020-11-19,pap_02,papa_reef,kenya,balistidae,balistapus_undulatus,#error!,4,1,16,18,NA,NA,NA,NA
2020-11-19,pap_02,papa_reef,kenya,balistidae,sufflamen_chrysopterum,#error!,4,3,11,13,NA,NA,NA,NA
2020-11-19,pap_02,papa_reef,kenya,balistidae,sufflamen_chrysopterum,#error!,4,8,16,18,NA,NA,NA,NA
2020-11-19,pap_02,papa_reef,kenya,balistidae,sufflamen_chrysopterum,#error!,4,5,21,23,NA,NA,NA,NA
2019-11-07,par_01,paradise,tanzania,balistidae,balistapus_undulatus,#error!,5,1,21,23,NA,NA,NA,NA
2019-11-07,par_01,paradise,tanzania,balistidae,sufflamen_chrysopterum,#error!,5,1,11,13,NA,NA,NA,NA
2018-10-15,mw_a_p_sc19,point_ouani,comoros,balistidae,sufflamen_bursa,#error!,1,1,11,13,NA,NA,NA,NA
2018-10-16,mw_a_p_sc20,point_ouani,comoros,balistidae,sufflamen_chrysopterum,#error!,4,1,11,13,NA,NA,NA,NA
2018-10-16,mw_a_p_sc20,point_ouani,comoros,balistidae,sufflamen_chrysopterum,#error!,6,1,11,13,NA,NA,NA,NA
2018-10-10,mw_e_p_sc11,sambia,comoros,balistidae,sufflamen_chrysopterum,#error!,2,3,11,13,NA,NA,NA,NA
2018-10-11,mw_e_p_sc12,sambia,comoros,balistidae,balistapus_undulatus,#error!,6,1,11,13,NA,NA,NA,NA
2019-11-05,scs_01,scorpions_secret,tanzania,balistidae,balistoides_viridescens,#error!,3,1,41,43,NA,NA,NA,NA
2019-11-05,scs_01,scorpions_secret,tanzania,balistidae,melichthys_niger,#error!,3,4,16,18,NA,NA,NA,NA
2019-11-05,scs_01,scorpions_secret,tanzania,balistidae,melichthys_niger,#error!,3,1,21,23,NA,NA,NA,NA
2019-11-05,scs_02,scorpions_secret,tanzania,balistidae,balistapus_undulatus,#error!,4,1,16,18,NA,NA,NA,NA
2019-11-08,shi_01,shimba,tanzania,balistidae,odonus_niger,#error!,2,2,21,23,NA,NA,NA,NA
2019-11-08,shi_01,shimba,tanzania,balistidae,balistoides_viridescens,#error!,2,1,46,48,NA,NA,NA,NA
2019-11-08,shi_02,shimba,tanzania,balistidae,balistapus_undulatus,#error!,4,2,16,18,NA,NA,NA,NA
2019-11-08,shi_02,shimba,tanzania,balistidae,sufflamen_bursa,#error!,4,2,11,13,NA,NA,NA,NA
2019-11-08,shi_02,shimba,tanzania,balistidae,sufflamen_chrysopterum,#error!,5,2,11,13,NA,NA,NA,NA
2019-11-08,shi_02,shimba,tanzania,balistidae,balistapus_undulatus,#error!,5,1,21,23,NA,NA,NA,NA
2023-03-24,str_01,starfish,kenya,balistidae,rhinecanthus_aculeatus,#error!,1,2,21,23,NA,NA,NA,NA
2023-03-24,str_01,starfish,kenya,balistidae,rhinecanthus_aculeatus,#error!,2,1,21,23,NA,NA,NA,NA
2023-03-24,str_01,starfish,kenya,balistidae,rhinecanthus_aculeatus,#error!,2,1,16,18,NA,NA,NA,NA
2023-03-24,str_01,starfish,kenya,balistidae,sufflamen_chrysopterum,#error!,3,2,16,18,NA,NA,NA,NA
2022-11-04,tkg_01,takaungu,kenya,balistidae,sufflamen_chrysopterum,#error!,1,1,16,18,NA,NA,NA,NA
2022-11-04,tkg_01,takaungu,kenya,balistidae,sufflamen_chrysopterum,#error!,1,1,21,23,NA,NA,NA,NA
2022-11-04,tkg_01,takaungu,kenya,balistidae,sufflamen_chrysopterum,#error!,2,3,21,23,NA,NA,NA,NA
2022-11-04,tkg_01,takaungu,kenya,balistidae,sufflamen_chrysopterum,#error!,2,7,16,18,NA,NA,NA,NA
2022-11-04,tkg_01,takaungu,kenya,balistidae,sufflamen_chrysopterum,#error!,3,3,16,18,NA,NA,NA,NA
2020-11-20,tur_01,turtle_reef,kenya,balistidae,sufflamen_chrysopterum,#error!,1,1,11,13,NA,NA,NA,NA
2020-11-20,tur_02,turtle_reef,kenya,balistidae,sufflamen_chrysopterum,#error!,3,2,16,18,NA,NA,NA,NA
2020-11-20,tur_02,turtle_reef,kenya,balistidae,sufflamen_chrysopterum,#error!,3,2,11,13,NA,NA,NA,NA
2020-11-20,tur_02,turtle_reef,kenya,balistidae,sufflamen_chrysopterum,#error!,4,1,11,13,NA,NA,NA,NA
2020-11-20,tur_02,turtle_reef,kenya,balistidae,rhinecanthus_aculeatus,#error!,4,1,11,13,NA,NA,NA,NA
2021-04-15,ump_01,upper_mpunguti,kenya,balistidae,balistapus_undulatus,#error!,3,2,16,18,NA,NA,NA,NA
2021-04-15,ump_01,upper_mpunguti,kenya,balistidae,sufflamen_chrysopterum,#error!,3,1,6,8,NA,NA,NA,NA
2021-04-15,ump_02,upper_mpunguti,kenya,balistidae,balistapus_undulatus,#error!,4,8,11,13,NA,NA,NA,NA
2021-04-15,ump_02,upper_mpunguti,kenya,balistidae,balistapus_undulatus,#error!,4,2,16,18,NA,NA,NA,NA
2021-04-15,ump_02,upper_mpunguti,kenya,balistidae,balistapus_undulatus,#error!,4,4,6,8,NA,NA,NA,NA
2021-04-15,ump_02,upper_mpunguti,kenya,balistidae,balistapus_undulatus,#error!,5,2,6,8,NA,NA,NA,NA
2021-04-15,ump_02,upper_mpunguti,kenya,balistidae,balistapus_undulatus,#error!,5,1,16,18,NA,NA,NA,NA
2022-11-13,mil_01,utumbi,tanzania,balistidae,balistapus_undulatus,#error!,3,4,16,18,NA,NA,NA,NA
2022-11-13,mil_01,utumbi,tanzania,balistidae,sufflamen_chrysopterum,#error!,3,1,16,18,NA,NA,NA,NA
2022-11-13,mil_01,utumbi,tanzania,balistidae,sufflamen_chrysopterum,#error!,4,1,16,18,NA,NA,NA,NA
2022-11-13,mil_01,utumbi,tanzania,balistidae,balistoides_viridescens,#error!,4,1,41,43,NA,NA,NA,NA
2021-03-17,uyo_01,uyombo,kenya,balistidae,sufflamen_chrysopterum,#error!,1,1,11,13,NA,NA,NA,NA
2021-03-17,uyo_01,uyombo,kenya,balistidae,melichthys_niger,#error!,2,1,16,18,NA,NA,NA,NA
2021-02-15,vmn_01,vuma_north,kenya,balistidae,balistapus_undulatus,#error!,1,1,16,18,NA,NA,NA,NA
2021-02-15,vmn_01,vuma_north,kenya,balistidae,sufflamen_chrysopterum,#error!,1,2,16,18,NA,NA,NA,NA
2021-02-15,vmn_01,vuma_north,kenya,balistidae,sufflamen_chrysopterum,#error!,3,1,11,13,NA,NA,NA,NA
2021-02-15,vmn_01,vuma_north,kenya,balistidae,sufflamen_chrysopterum,#error!,3,1,16,18,NA,NA,NA,NA
2021-02-15,vmn_02,vuma_north,kenya,balistidae,sufflamen_chrysopterum,#error!,4,6,11,13,NA,NA,NA,NA
2021-02-16,vms_01,vuma_south,kenya,balistidae,melichthys_niger,#error!,1,1,16,18,NA,NA,NA,NA
2021-02-16,vms_01,vuma_south,kenya,balistidae,sufflamen_chrysopterum,#error!,1,13,11,13,NA,NA,NA,NA
2021-02-16,vms_01,vuma_south,kenya,balistidae,balistapus_undulatus,#error!,1,1,16,18,NA,NA,NA,NA
2021-02-16,vms_01,vuma_south,kenya,balistidae,sufflamen_chrysopterum,#error!,2,4,16,18,NA,NA,NA,NA
2021-02-16,vms_01,vuma_south,kenya,balistidae,melichthys_niger,#error!,3,1,16,18,NA,NA,NA,NA
2021-02-16,vms_01,vuma_south,kenya,balistidae,sufflamen_chrysopterum,#error!,3,3,11,13,NA,NA,NA,NA
2021-02-16,vms_02,vuma_south,kenya,balistidae,melichthys_niger,#error!,4,3,16,18,NA,NA,NA,NA
2021-02-16,vms_02,vuma_south,kenya,balistidae,odonus_niger,#error!,4,13,31,33,NA,NA,NA,NA
2021-02-16,vms_02,vuma_south,kenya,balistidae,odonus_niger,#error!,4,3,26,28,NA,NA,NA,NA
2021-02-16,vms_02,vuma_south,kenya,balistidae,sufflamen_chrysopterum,#error!,4,7,11,13,NA,NA,NA,NA
2021-02-16,vms_02,vuma_south,kenya,balistidae,sufflamen_chrysopterum,#error!,5,3,11,13,NA,NA,NA,NA
2020-12-23,was_01,wasini_tengefu,kenya,balistidae,sufflamen_chrysopterum,#error!,1,1,16,18,NA,NA,NA,NA
2020-12-23,was_01,wasini_tengefu,kenya,balistidae,sufflamen_chrysopterum,#error!,1,1,11,13,NA,NA,NA,NA
2020-12-23,was_01,wasini_tengefu,kenya,balistidae,balistoides_conspicillum,#error!,2,2,36,38,NA,NA,NA,NA
2020-12-23,was_01,wasini_tengefu,kenya,balistidae,balistoides_conspicillum,#error!,2,1,41,43,NA,NA,NA,NA
2020-12-23,was_01,wasini_tengefu,kenya,balistidae,sufflamen_chrysopterum,#error!,2,3,11,13,NA,NA,NA,NA
2020-12-23,was_02,wasini_tengefu,kenya,balistidae,sufflamen_chrysopterum,#error!,4,1,11,13,NA,NA,NA,NA
2020-12-23,was_02,wasini_tengefu,kenya,balistidae,balistapus_undulatus,#error!,4,1,11,13,NA,NA,NA,NA
2020-12-23,was_02,wasini_tengefu,kenya,balistidae,sufflamen_chrysopterum,#error!,5,1,16,18,NA,NA,NA,NA
2021-04-01,wcg_01,watamu_coral_garden,kenya,balistidae,rhinecanthus_aculeatus,#error!,1,1,11,13,NA,NA,NA,NA
2021-04-01,wcg_01,watamu_coral_garden,kenya,balistidae,balistapus_undulatus,#error!,3,1,16,18,NA,NA,NA,NA
2022-11-03,wmb_01,wembe,kenya,balistidae,sufflamen_chrysopterum,#error!,2,2,16,18,NA,NA,NA,NA
2022-11-03,wmb_02,wembe,kenya,balistidae,balistapus_undulatus,#error!,4,1,16,18,NA,NA,NA,NA
2022-11-03,wmb_02,wembe,kenya,balistidae,sufflamen_chrysopterum,#error!,4,2,16,18,NA,NA,NA,NA
2022-11-03,wmb_02,wembe,kenya,balistidae,sufflamen_bursa,#error!,4,1,21,23,NA,NA,NA,NA
2022-11-03,wmb_02,wembe,kenya,balistidae,sufflamen_chrysopterum,#error!,5,1,21,23,NA,NA,NA,NA
2022-11-03,wmb_02,wembe,kenya,balistidae,melichthys_niger,#error!,5,2,26,28,NA,NA,NA,NA
2022-11-19,yuy_01,yuyuni,tanzania,balistidae,balistoides_viridescens,#error!,1,1,51,53,NA,NA,NA,NA
2022-11-19,yuy_01,yuyuni,tanzania,balistidae,odonus_niger,#error!,1,1,16,18,NA,NA,NA,NA
2022-11-19,yuy_01,yuyuni,tanzania,balistidae,sufflamen_bursa,#error!,1,1,16,18,NA,NA,NA,NA
2022-11-19,yuy_01,yuyuni,tanzania,balistidae,balistapus_undulatus,#error!,1,1,16,18,NA,NA,NA,NA
2022-11-19,yuy_01,yuyuni,tanzania,balistidae,odonus_niger,#error!,2,9,16,18,NA,NA,NA,NA
2022-11-19,yuy_01,yuyuni,tanzania,balistidae,odonus_niger,#error!,2,3,21,23,NA,NA,NA,NA
2022-11-19,yuy_01,yuyuni,tanzania,balistidae,balistapus_undulatus,#error!,2,1,21,23,NA,NA,NA,NA
2022-11-19,yuy_01,yuyuni,tanzania,balistidae,melichthys_niger,#error!,2,1,16,18,NA,NA,NA,NA
2022-11-19,yuy_01,yuyuni,tanzania,balistidae,sufflamen_bursa,#error!,2,1,11,13,NA,NA,NA,NA
2022-11-19,yuy_01,yuyuni,tanzania,balistidae,balistoides_viridescens,#error!,3,1,46,48,NA,NA,NA,NA
2022-11-19,yuy_01,yuyuni,tanzania,balistidae,odonus_niger,#error!,3,15,16,18,NA,NA,NA,NA
2022-11-19,yuy_01,yuyuni,tanzania,balistidae,odonus_niger,#error!,3,2,21,23,NA,NA,NA,NA
2022-11-19,yuy_01,yuyuni,tanzania,balistidae,balistapus_undulatus,#error!,3,1,16,18,NA,NA,NA,NA
2022-11-19,yuy_01,yuyuni,tanzania,balistidae,balistapus_undulatus,#error!,3,1,11,13,NA,NA,NA,NA
2022-11-19,yuy_01,yuyuni,tanzania,balistidae,melichthys_niger,#error!,3,2,16,18,NA,NA,NA,NA
2022-11-19,yuy_02,yuyuni,tanzania,balistidae,melichthys_niger,#error!,4,1,16,18,NA,NA,NA,NA
2022-11-19,yuy_02,yuyuni,tanzania,balistidae,melichthys_niger,#error!,5,3,16,18,NA,NA,NA,NA
2022-11-19,yuy_02,yuyuni,tanzania,balistidae,melichthys_niger,#error!,5,1,21,23,NA,NA,NA,NA
2021-11-23,and_01,andromache,kenya,caesionidae,caesio_caerulaurea,#error!,1,21,16,18,NA,NA,NA,NA
2021-11-23,and_01,andromache,kenya,caesionidae,caesio_caerulaurea,#error!,1,5,16,18,NA,NA,NA,NA
2021-11-23,and_01,andromache,kenya,caesionidae,caesio_caerulaurea,#error!,2,1,16,18,NA,NA,NA,NA
2021-11-23,and_01,andromache,kenya,caesionidae,caesio_caerulaurea,#error!,3,18,16,18,NA,NA,NA,NA
2021-11-23,and_01,andromache,kenya,caesionidae,caesio_caerulaurea,#error!,3,2,21,23,NA,NA,NA,NA
2022-04-04,aru_02,arusha,kenya,caesionidae,caesio_lunaris,#error!,4,1,16,18,NA,NA,NA,NA
2018-10-01,aj_b_p_sc04,bimbini,comoros,caesionidae,pterocaesio_tile,#error!,4,20,16,18,NA,NA,NA,NA
2018-10-01,aj_b_p_sc04,bimbini,comoros,caesionidae,pterocaesio_tile,#error!,4,6,21,23,NA,NA,NA,NA
2023-03-25,bos_01,boso,kenya,caesionidae,caesio_lunaris,#error!,1,11,21,23,NA,NA,NA,NA
2022-10-26,brc_01,brain_coral,kenya,caesionidae,caesio_xanthonota,#error!,1,20,16,18,NA,NA,NA,NA
2022-10-26,brc_01,brain_coral,kenya,caesionidae,caesio_xanthonota,#error!,2,8,16,18,NA,NA,NA,NA
2021-11-17,cha_01,chale,kenya,caesionidae,caesio_caerulaurea,#error!,1,6,16,18,NA,NA,NA,NA
2021-11-17,cha_01,chale,kenya,caesionidae,caesio_caerulaurea,#error!,2,10,16,18,NA,NA,NA,NA
2021-11-17,cha_02,chale,kenya,caesionidae,caesio_caerulaurea,#error!,4,6,16,18,NA,NA,NA,NA
2023-03-24,ccb_01,chongo_cha_boso,kenya,caesionidae,caesio_xanthonota,#error!,2,2,11,13,NA,NA,NA,NA
2023-03-24,ccb_01,chongo_cha_boso,kenya,caesionidae,caesio_caerulaurea,#error!,2,6,16,18,NA,NA,NA,NA
2023-03-21,ccs_01,chongo_cha_sharifu,kenya,caesionidae,caesio_xanthonota,#error!,1,3,16,18,NA,NA,NA,NA
2023-03-21,ccs_01,chongo_cha_sharifu,kenya,caesionidae,caesio_xanthonota,#error!,2,5,16,18,NA,NA,NA,NA
2021-11-22,dnr_01,diani_reef,kenya,caesionidae,pterocaesio_tile,#error!,1,5,11,13,NA,NA,NA,NA
2022-11-18,din_01,dindini,tanzania,caesionidae,caesio_xanthonota,#error!,1,2,11,13,NA,NA,NA,NA
2022-11-18,din_01,dindini,tanzania,caesionidae,pterocaesio_tile,#error!,2,60,16,18,NA,NA,NA,NA
2022-11-18,din_02,dindini,tanzania,caesionidae,pterocaesio_pisang,#error!,4,6,11,13,NA,NA,NA,NA
2021-03-19,dol_01,dolphin,kenya,caesionidae,caesio_lunaris,#error!,1,5,16,18,NA,NA,NA,NA
2021-03-19,dol_01,dolphin,kenya,caesionidae,caesio_xanthonota,#error!,1,20,11,13,NA,NA,NA,NA
2019-11-15,fug_01,fundo_coral_garden,tanzania,caesionidae,pterocaesio_tile,#error!,2,2,16,18,NA,NA,NA,NA
2019-11-13,fgi_02,fundo_gap_inner,tanzania,caesionidae,caesio_xanthonota,#error!,3,3,16,18,NA,NA,NA,NA
2019-11-13,fgi_02,fundo_gap_inner,tanzania,caesionidae,caesio_xanthonota,#error!,4,12,16,18,NA,NA,NA,NA
2019-11-14,fuo_01,fundo_outer,tanzania,caesionidae,pterocaesio_pisang,#error!,2,5,11,13,NA,NA,NA,NA
2019-11-14,fuo_01,fundo_outer,tanzania,caesionidae,pterocaesio_tile,#error!,3,10,16,18,NA,NA,NA,NA
2022-03-04,iwe_01,iweni,kenya,caesionidae,caesio_lunaris,#error!,3,1,16,18,NA,NA,NA,NA
2022-03-04,iwe_01,iweni,kenya,caesionidae,caesio_caerulaurea,#error!,4,4,11,13,NA,NA,NA,NA
2021-03-29,jac_01,jacaranda,kenya,caesionidae,caesio_lunaris,#error!,3,15,16,18,NA,NA,NA,NA
2021-03-29,jac_01,jacaranda,kenya,caesionidae,caesio_caerulaurea,#error!,3,20,11,13,NA,NA,NA,NA
2022-03-31,jmk_01,jamba_wa_kwale,kenya,caesionidae,caesio_caerulaurea,#error!,1,6,16,18,NA,NA,NA,NA
2022-03-31,jmk_01,jamba_wa_kwale,kenya,caesionidae,caesio_caerulaurea,#error!,2,1,16,18,NA,NA,NA,NA
2022-03-31,jmk_01,jamba_wa_kwale,kenya,caesionidae,caesio_lunaris,#error!,3,4,21,23,NA,NA,NA,NA
2022-03-31,jmk_01,jamba_wa_kwale,kenya,caesionidae,caesio_caerulaurea,#error!,3,2,16,18,NA,NA,NA,NA
2022-10-25,jbr_01,jumbo_ruins,kenya,caesionidae,caesio_caerulaurea,#error!,2,1,16,18,NA,NA,NA,NA
2021-03-25,kas_01,kasa,kenya,caesionidae,pterocaesio_tile,#error!,1,60,11,13,NA,NA,NA,NA
2021-03-25,kas_01,kasa,kenya,caesionidae,caesio_caerulaurea,#error!,1,20,16,18,NA,NA,NA,NA
2021-03-25,kas_01,kasa,kenya,caesionidae,caesio_xanthonota,#error!,1,25,16,18,NA,NA,NA,NA
2021-03-25,kas_02,kasa,kenya,caesionidae,caesio_xanthonota,#error!,5,40,16,18,NA,NA,NA,NA
2021-03-25,kas_02,kasa,kenya,caesionidae,caesio_caerulaurea,#error!,5,50,16,18,NA,NA,NA,NA
2022-11-16,kif_01,kifinge,tanzania,caesionidae,pterocaesio_tile,#error!,1,15,16,18,NA,NA,NA,NA
2022-11-16,kif_01,kifinge,tanzania,caesionidae,pterocaesio_marri,#error!,1,3,16,18,NA,NA,NA,NA
2022-11-16,kif_01,kifinge,tanzania,caesionidae,caesio_xanthonota,#error!,1,22,16,18,NA,NA,NA,NA
2022-11-16,kif_01,kifinge,tanzania,caesionidae,pterocaesio_tile,#error!,3,2,16,18,NA,NA,NA,NA
2022-11-16,kif_02,kifinge,tanzania,caesionidae,caesio_xanthonota,#error!,4,13,16,18,NA,NA,NA,NA
2021-11-21,kkd_01,kikadini,kenya,caesionidae,pterocaesio_tile,#error!,1,60,11,13,NA,NA,NA,NA
2021-11-21,kkd_02,kikadini,kenya,caesionidae,caesio_caerulaurea,#error!,4,1,11,13,NA,NA,NA,NA
2021-11-21,kkd_02,kikadini,kenya,caesionidae,caesio_caerulaurea,#error!,4,3,16,18,NA,NA,NA,NA
2021-03-16,kiln_01,kilifi_north,kenya,caesionidae,caesio_lunaris,#error!,1,5,16,18,NA,NA,NA,NA
2021-03-16,kiln_01,kilifi_north,kenya,caesionidae,caesio_lunaris,#error!,1,10,11,13,NA,NA,NA,NA
2021-03-16,kiln_01,kilifi_north,kenya,caesionidae,caesio_caerulaurea,#error!,2,1,16,18,NA,NA,NA,NA
2021-03-16,kiln_01,kilifi_north,kenya,caesionidae,caesio_caerulaurea,#error!,3,2,16,18,NA,NA,NA,NA
2021-03-16,kiln_01,kilifi_north,kenya,caesionidae,caesio_xanthonota,#error!,3,1,21,23,NA,NA,NA,NA
2021-11-20,kmo_02,kinondo_makonde,kenya,caesionidae,caesio_caerulaurea,#error!,5,2,16,18,NA,NA,NA,NA
2022-03-03,kny_01,kinyika_inner,kenya,caesionidae,caesio_xanthonota,#error!,3,1,26,28,NA,NA,NA,NA
2022-03-03,kny_01,kinyika_inner,kenya,caesionidae,caesio_xanthonota,#error!,4,10,11,13,NA,NA,NA,NA
2021-04-13,kse_01,kisite_east,kenya,caesionidae,caesio_xanthonota,#error!,1,30,11,13,NA,NA,NA,NA
2021-04-13,kse_01,kisite_east,kenya,caesionidae,caesio_lunaris,#error!,1,4,16,18,NA,NA,NA,NA
2021-04-13,kse_01,kisite_east,kenya,caesionidae,caesio_lunaris,#error!,2,5,16,18,NA,NA,NA,NA
2022-11-17,kik_01,kisiwa_kikubwa,tanzania,caesionidae,caesio_lunaris,#error!,4,21,16,18,NA,NA,NA,NA
2022-11-20,kitin_01,kitutia_inner,tanzania,caesionidae,caesio_xanthonota,#error!,1,5,16,18,NA,NA,NA,NA
2022-11-20,kitin_01,kitutia_inner,tanzania,caesionidae,caesio_teres,#error!,1,80,16,18,NA,NA,NA,NA
2022-11-20,kitin_01,kitutia_inner,tanzania,caesionidae,pterocaesio_tile,#error!,1,25,16,18,NA,NA,NA,NA
2019-11-16,kug_01,kokota_uvinje_gap,tanzania,caesionidae,paracaesio_sordidus,#error!,1,11,16,18,NA,NA,NA,NA
2019-11-16,kug_01,kokota_uvinje_gap,tanzania,caesionidae,pterocaesio_tile,#error!,1,22,16,18,NA,NA,NA,NA
2019-11-16,kug_01,kokota_uvinje_gap,tanzania,caesionidae,pterocaesio_tile,#error!,2,1,16,18,NA,NA,NA,NA
2019-11-16,kug_01,kokota_uvinje_gap,tanzania,caesionidae,pterocaesio_marri,#error!,3,1,21,23,NA,NA,NA,NA
2019-11-16,kug_01,kokota_uvinje_gap,tanzania,caesionidae,caesio_caerulaurea,#error!,3,1,21,23,NA,NA,NA,NA
2022-10-27,lbb_01,lobster_bank,kenya,caesionidae,caesio_xanthonota,#error!,1,3,16,18,NA,NA,NA,NA
2022-10-27,lbb_02,lobster_bank,kenya,caesionidae,pterocaesio_tile,#error!,4,26,21,23,NA,NA,NA,NA
2022-10-27,lbb_02,lobster_bank,kenya,caesionidae,caesio_caerulaurea,#error!,4,5,16,18,NA,NA,NA,NA
2021-04-14,lmp_01,lower_mpunguti,kenya,caesionidae,caesio_caerulaurea,#error!,1,10,16,18,NA,NA,NA,NA
2021-04-14,lmp_01,lower_mpunguti,kenya,caesionidae,caesio_caerulaurea,#error!,2,5,16,18,NA,NA,NA,NA
2021-11-19,mgd_01,magandia,kenya,caesionidae,caesio_xanthonota,#error!,2,24,16,18,NA,NA,NA,NA
2021-11-19,mgd_01,magandia,kenya,caesionidae,caesio_lunaris,#error!,2,2,16,18,NA,NA,NA,NA
2021-04-12,mkk_01,makokokwe,kenya,caesionidae,caesio_lunaris,#error!,3,4,16,18,NA,NA,NA,NA
2021-04-12,mkk_02,makokokwe,kenya,caesionidae,caesio_lunaris,#error!,4,5,16,18,NA,NA,NA,NA
2021-04-12,mkk_02,makokokwe,kenya,caesionidae,caesio_caerulaurea,#error!,5,1,16,18,NA,NA,NA,NA
2021-03-31,mlcg_01,malindi_coral_garden,kenya,caesionidae,caesio_caerulaurea,#error!,4,6,16,18,NA,NA,NA,NA
2021-03-31,mlcg_02,malindi_coral_garden,kenya,caesionidae,caesio_caerulaurea,#error!,1,19,11,13,NA,NA,NA,NA
2021-03-31,mlcg_02,malindi_coral_garden,kenya,caesionidae,caesio_caerulaurea,#error!,1,5,16,18,NA,NA,NA,NA
2021-03-31,mlcg_02,malindi_coral_garden,kenya,caesionidae,caesio_caerulaurea,#error!,2,4,16,18,NA,NA,NA,NA
2021-03-31,mlcg_02,malindi_coral_garden,kenya,caesionidae,caesio_caerulaurea,#error!,3,20,11,13,NA,NA,NA,NA
2022-04-02,mbo_02,mboe,kenya,caesionidae,caesio_caerulaurea,#error!,4,2,16,18,NA,NA,NA,NA
2022-04-05,mek_01,mekka,kenya,caesionidae,caesio_xanthonota,#error!,3,1,11,13,NA,NA,NA,NA
2022-04-05,mek_02,mekka,kenya,caesionidae,caesio_xanthonota,#error!,5,12,16,18,NA,NA,NA,NA
2018-10-12,mw_d_p_sc14,mirereni,comoros,caesionidae,caesio_caerulaurea,#error!,3,20,16,18,NA,NA,NA,NA
2018-10-12,mw_d_p_sc14,mirereni,comoros,caesionidae,caesio_xanthonota,#error!,3,6,11,13,NA,NA,NA,NA
2018-10-13,mw_b_p_sc15,miringoni,comoros,caesionidae,caesio_xanthonota,#error!,1,36,16,18,NA,NA,NA,NA
2018-10-05,gc_a_p_sc05,mitsamiouli,comoros,caesionidae,caesio_teres,#error!,1,8,16,18,NA,NA,NA,NA
2018-10-06,gc_a_p_sc06,mitsamiouli,comoros,caesionidae,pterocaesio_tile,#error!,4,25,16,18,NA,NA,NA,NA
2018-10-06,gc_a_p_sc06,mitsamiouli,comoros,caesionidae,pterocaesio_tile,#error!,4,15,21,23,NA,NA,NA,NA
2018-10-06,gc_a_p_sc06,mitsamiouli,comoros,caesionidae,pterocaesio_marri,#error!,4,15,16,18,NA,NA,NA,NA
2023-11-01,mitsam2,mitsamiouli,comoros,caesionidae,pterocaesio_tile,#error!,2,16,11,13,NA,NA,NA,NA
2023-11-01,mitsam3,mitsamiouli,comoros,caesionidae,pterocaesio_tile,#error!,3,5,16,18,NA,NA,NA,NA
2023-11-01,mitsam3,mitsamiouli,comoros,caesionidae,pterocaesio_tile,#error!,3,40,11,13,NA,NA,NA,NA
2023-11-01,mitsam3,mitsamiouli,comoros,caesionidae,caesio_caerulaurea,#error!,3,20,16,18,NA,NA,NA,NA
2023-11-01,mitsam3,mitsamiouli,comoros,caesionidae,caesio_xanthonota,#error!,3,5,11,13,NA,NA,NA,NA
2022-04-01,mli_01,mliani,kenya,caesionidae,caesio_caerulaurea,#error!,1,6,16,18,NA,NA,NA,NA
2022-04-01,mli_01,mliani,kenya,caesionidae,caesio_xanthonota,#error!,1,1,26,28,NA,NA,NA,NA
2022-04-01,mli_01,mliani,kenya,caesionidae,caesio_xanthonota,#error!,1,4,21,23,NA,NA,NA,NA
2022-04-01,mli_01,mliani,kenya,caesionidae,caesio_caerulaurea,#error!,2,4,11,13,NA,NA,NA,NA
2022-04-01,mli_01,mliani,kenya,caesionidae,caesio_xanthonota,#error!,2,4,26,28,NA,NA,NA,NA
2021-03-18,mor_01,moray,kenya,caesionidae,caesio_xanthonota,#error!,1,50,21,23,NA,NA,NA,NA
2021-03-18,mor_01,moray,kenya,caesionidae,caesio_xanthonota,#error!,2,3,16,18,NA,NA,NA,NA
2021-03-18,mor_01,moray,kenya,caesionidae,caesio_xanthonota,#error!,2,7,21,23,NA,NA,NA,NA
2021-03-18,mor_01,moray,kenya,caesionidae,caesio_caerulaurea,#error!,2,40,16,18,NA,NA,NA,NA
2021-03-18,mor_02,moray,kenya,caesionidae,caesio_xanthonota,#error!,4,20,16,18,NA,NA,NA,NA
2021-03-18,mor_02,moray,kenya,caesionidae,caesio_xanthonota,#error!,5,60,11,13,NA,NA,NA,NA
2021-03-18,mor_02,moray,kenya,caesionidae,caesio_xanthonota,#error!,5,10,16,18,NA,NA,NA,NA
2021-03-18,mor_02,moray,kenya,caesionidae,caesio_caerulaurea,#error!,5,20,11,13,NA,NA,NA,NA
2023-03-20,mhd_01,muhindi,kenya,caesionidae,caesio_lunaris,#error!,1,2,11,13,NA,NA,NA,NA
2023-03-20,mhd_01,muhindi,kenya,caesionidae,caesio_lunaris,#error!,2,1,11,13,NA,NA,NA,NA
2021-11-16,mvu_01,mvureni,kenya,caesionidae,caesio_caerulaurea,#error!,1,4,16,18,NA,NA,NA,NA
2021-11-16,mvu_01,mvureni,kenya,caesionidae,caesio_caerulaurea,#error!,3,4,16,18,NA,NA,NA,NA
2022-04-03,mwk_02,mwakinyavu,kenya,caesionidae,caesio_caerulaurea,#error!,4,4,11,13,NA,NA,NA,NA
2022-04-03,mwk_02,mwakinyavu,kenya,caesionidae,caesio_caerulaurea,#error!,5,2,16,18,NA,NA,NA,NA
2023-11-04,ndje_02,ndjelezi,comoros,caesionidae,pterocaesio_tile,#error!,3,70,16,18,NA,NA,NA,NA
2023-11-04,ndje_02,ndjelezi,comoros,caesionidae,caesio_xanthonota,#error!,3,5,16,18,NA,NA,NA,NA
2019-11-09,njc_01,njao_coral_garden,tanzania,caesionidae,caesio_xanthonota,#error!,1,2,16,18,NA,NA,NA,NA
2019-11-09,njc_02,njao_coral_garden,tanzania,caesionidae,pterocaesio_tile,#error!,3,6,16,18,NA,NA,NA,NA
2019-11-09,njc_02,njao_coral_garden,tanzania,caesionidae,pterocaesio_tile,#error!,4,15,16,18,NA,NA,NA,NA
2019-11-09,njc_02,njao_coral_garden,tanzania,caesionidae,pterocaesio_tile,#error!,5,12,16,18,NA,NA,NA,NA
2019-11-06,njg_01,njao_gap,tanzania,caesionidae,caesio_xanthonota,#error!,1,1,11,13,NA,NA,NA,NA
2019-11-06,njg_01,njao_gap,tanzania,caesionidae,paracaesio_sordidus,#error!,3,17,16,18,NA,NA,NA,NA
2021-03-30,nor_02,north_reef,kenya,caesionidae,caesio_xanthonota,#error!,4,40,16,18,NA,NA,NA,NA
2021-03-30,nor_02,north_reef,kenya,caesionidae,caesio_xanthonota,#error!,4,6,11,13,NA,NA,NA,NA
2021-03-30,nor_02,north_reef,kenya,caesionidae,caesio_caerulaurea,#error!,4,2,11,13,NA,NA,NA,NA
2022-11-14,nyn_01,nyamalile_north,tanzania,caesionidae,caesio_caerulaurea,#error!,1,16,16,18,NA,NA,NA,NA
2022-11-14,nys_01,nyamalile_south,tanzania,caesionidae,caesio_caerulaurea,#error!,1,25,16,18,NA,NA,NA,NA
2018-10-15,mw_a_p_sc19,point_ouani,comoros,caesionidae,pterocaesio_tile,#error!,2,45,16,18,NA,NA,NA,NA
2018-10-15,mw_a_p_sc19,point_ouani,comoros,caesionidae,caesio_xanthonota,#error!,2,2,11,13,NA,NA,NA,NA
2018-10-16,mw_a_p_sc20,point_ouani,comoros,caesionidae,caesio_caerulaurea,#error!,4,10,16,18,NA,NA,NA,NA
2018-10-16,mw_a_p_sc20,point_ouani,comoros,caesionidae,caesio_xanthonota,#error!,5,7,16,18,NA,NA,NA,NA
2018-10-16,mw_a_p_sc20,point_ouani,comoros,caesionidae,pterocaesio_tile,#error!,5,51,16,18,NA,NA,NA,NA
2018-10-16,mw_a_p_sc20,point_ouani,comoros,caesionidae,caesio_caerulaurea,#error!,5,10,16,18,NA,NA,NA,NA
2018-10-16,mw_a_p_sc20,point_ouani,comoros,caesionidae,caesio_lunaris,#error!,5,5,16,18,NA,NA,NA,NA
2018-10-10,mw_e_p_sc11,sambia,comoros,caesionidae,pterocaesio_marri,#error!,2,6,16,18,NA,NA,NA,NA
2018-10-11,mw_e_p_sc12,sambia,comoros,caesionidae,caesio_xanthonota,#error!,5,40,16,18,NA,NA,NA,NA
2018-10-11,mw_e_p_sc12,sambia,comoros,caesionidae,pterocaesio_chrysozona,#error!,5,30,16,18,NA,NA,NA,NA
2018-10-11,mw_e_p_sc12,sambia,comoros,caesionidae,pterocaesio_marri,#error!,5,6,16,18,NA,NA,NA,NA
2018-10-11,mw_e_p_sc12,sambia,comoros,caesionidae,caesio_caerulaurea,#error!,5,15,16,18,NA,NA,NA,NA
2020-11-20,tur_01,turtle_reef,kenya,caesionidae,caesio_lunaris,#error!,1,4,16,18,NA,NA,NA,NA
2020-11-20,tur_02,turtle_reef,kenya,caesionidae,caesio_lunaris,#error!,3,6,16,18,NA,NA,NA,NA
2021-04-15,ump_01,upper_mpunguti,kenya,caesionidae,caesio_xanthonota,#error!,1,12,11,13,NA,NA,NA,NA
2021-04-15,ump_01,upper_mpunguti,kenya,caesionidae,caesio_xanthonota,#error!,3,10,11,13,NA,NA,NA,NA
2021-04-15,ump_01,upper_mpunguti,kenya,caesionidae,caesio_caerulaurea,#error!,3,10,11,13,NA,NA,NA,NA
2021-04-15,ump_02,upper_mpunguti,kenya,caesionidae,caesio_xanthonota,#error!,5,22,11,13,NA,NA,NA,NA
2022-11-13,utm_01,utumbi,tanzania,caesionidae,caesio_xanthonota,#error!,1,16,11,13,NA,NA,NA,NA
2022-11-13,utm_01,utumbi,tanzania,caesionidae,caesio_xanthonota,#error!,2,40,16,18,NA,NA,NA,NA
2022-11-13,utm_01,utumbi,tanzania,caesionidae,pterocaesio_tile,#error!,2,20,16,18,NA,NA,NA,NA
2021-03-17,uyo_01,uyombo,kenya,caesionidae,caesio_xanthonota,#error!,1,15,11,13,NA,NA,NA,NA
2021-03-17,uyo_01,uyombo,kenya,caesionidae,caesio_xanthonota,#error!,1,1,21,23,NA,NA,NA,NA
2021-03-17,uyo_01,uyombo,kenya,caesionidae,caesio_caerulaurea,#error!,1,25,11,13,NA,NA,NA,NA
2021-03-17,uyo_02,uyombo,kenya,caesionidae,caesio_lunaris,#error!,4,20,16,18,NA,NA,NA,NA
2021-03-17,uyo_02,uyombo,kenya,caesionidae,pterocaesio_tile,#error!,4,17,16,18,NA,NA,NA,NA
2021-03-17,uyo_02,uyombo,kenya,caesionidae,caesio_teres,#error!,4,10,11,13,NA,NA,NA,NA
2021-03-17,uyo_02,uyombo,kenya,caesionidae,caesio_lunaris,#error!,5,12,16,18,NA,NA,NA,NA
2021-03-17,uyo_02,uyombo,kenya,caesionidae,caesio_caerulaurea,#error!,5,1,16,18,NA,NA,NA,NA
2021-02-15,vmn_01,vuma_north,kenya,caesionidae,pterocaesio_tile,#error!,1,5,16,18,NA,NA,NA,NA
2021-02-15,vmn_01,vuma_north,kenya,caesionidae,caesio_xanthonota,#error!,1,12,16,18,NA,NA,NA,NA
2021-02-15,vmn_01,vuma_north,kenya,caesionidae,pterocaesio_tile,#error!,2,35,16,18,NA,NA,NA,NA
2021-02-15,vmn_01,vuma_north,kenya,caesionidae,caesio_xanthonota,#error!,2,25,16,18,NA,NA,NA,NA
2021-02-15,vmn_01,vuma_north,kenya,caesionidae,caesio_xanthonota,#error!,3,7,16,18,NA,NA,NA,NA
2021-02-15,vmn_01,vuma_north,kenya,caesionidae,caesio_caerulaurea,#error!,3,5,16,18,NA,NA,NA,NA
2021-02-15,vmn_01,vuma_north,kenya,caesionidae,pterocaesio_tile,#error!,3,50,16,18,NA,NA,NA,NA
2021-02-15,vmn_02,vuma_north,kenya,caesionidae,pterocaesio_chrysozona,#error!,4,10,11,13,NA,NA,NA,NA
2021-02-16,vms_01,vuma_south,kenya,caesionidae,caesio_caerulaurea,#error!,1,15,11,13,NA,NA,NA,NA
2021-02-16,vms_01,vuma_south,kenya,caesionidae,caesio_xanthonota,#error!,1,30,11,13,NA,NA,NA,NA
2021-02-16,vms_01,vuma_south,kenya,caesionidae,caesio_xanthonota,#error!,2,15,16,18,NA,NA,NA,NA
2021-02-16,vms_02,vuma_south,kenya,caesionidae,caesio_xanthonota,#error!,4,10,11,13,NA,NA,NA,NA
2020-12-23,was_02,wasini_tengefu,kenya,caesionidae,caesio_spp.,#error!,4,1,16,18,NA,NA,NA,NA
2020-12-23,was_02,wasini_tengefu,kenya,caesionidae,caesio_xanthonota,#error!,4,1,16,18,NA,NA,NA,NA
2022-11-03,wmb_01,wembe,kenya,caesionidae,caesio_xanthonota,#error!,2,30,21,23,NA,NA,NA,NA
2022-11-03,wmb_02,wembe,kenya,caesionidae,caesio_xanthonota,#error!,5,50,21,23,NA,NA,NA,NA
2022-11-03,wmb_02,wembe,kenya,caesionidae,caesio_caerulaurea,#error!,5,90,21,23,NA,NA,NA,NA
2022-11-19,yuy_02,yuyuni,tanzania,caesionidae,pterocaesio_tile,#error!,4,50,16,18,NA,NA,NA,NA
2022-11-19,yuy_02,yuyuni,tanzania,caesionidae,caesio_caerulaurea,#error!,4,20,16,18,NA,NA,NA,NA
2022-11-19,yuy_02,yuyuni,tanzania,caesionidae,caesio_caerulaurea,#error!,5,34,16,18,NA,NA,NA,NA
2022-11-19,yuy_02,yuyuni,tanzania,caesionidae,caesio_caerulaurea,#error!,5,10,21,23,NA,NA,NA,NA
2021-11-23,and_01,andromache,kenya,chaetodontidae,chaetodon_guttatissimus,#error!,1,2,11,13,NA,NA,NA,NA
2021-11-23,and_01,andromache,kenya,chaetodontidae,chaetodon_kleinii,#error!,1,4,11,13,NA,NA,NA,NA
2021-11-23,and_01,andromache,kenya,chaetodontidae,chaetodon_trifasciatus,#error!,1,6,11,13,NA,NA,NA,NA
2021-11-23,and_01,andromache,kenya,chaetodontidae,chaetodon_kleinii,#error!,2,2,11,13,NA,NA,NA,NA
2021-11-23,and_01,andromache,kenya,chaetodontidae,chaetodon_trifasciatus,#error!,2,2,11,13,NA,NA,NA,NA
2021-11-23,and_01,andromache,kenya,chaetodontidae,chaetodon_trifascialis,#error!,3,1,11,13,NA,NA,NA,NA
2021-11-23,and_01,andromache,kenya,chaetodontidae,chaetodon_trifasciatus,#error!,3,2,11,13,NA,NA,NA,NA
2021-11-23,and_02,andromache,kenya,chaetodontidae,chaetodon_kleinii,#error!,4,3,11,13,NA,NA,NA,NA
2022-04-04,aru_01,arusha,kenya,chaetodontidae,chaetodon_kleinii,#error!,1,1,11,13,NA,NA,NA,NA
2022-04-04,aru_01,arusha,kenya,chaetodontidae,chaetodon_guttatissimus,#error!,2,1,11,13,NA,NA,NA,NA
2022-04-04,aru_01,arusha,kenya,chaetodontidae,chaetodon_trifasciatus,#error!,2,1,11,13,NA,NA,NA,NA
2022-04-04,aru_01,arusha,kenya,chaetodontidae,chaetodon_madagaskariensis,#error!,2,1,11,13,NA,NA,NA,NA
2022-04-04,aru_01,arusha,kenya,chaetodontidae,chaetodon_trifasciatus,#error!,3,2,11,13,NA,NA,NA,NA
2022-04-04,aru_01,arusha,kenya,chaetodontidae,chaetodon_guttatissimus,#error!,4,2,11,13,NA,NA,NA,NA
2022-04-04,aru_02,arusha,kenya,chaetodontidae,chaetodon_kleinii,#error!,4,3,11,13,NA,NA,NA,NA
2022-04-04,aru_02,arusha,kenya,chaetodontidae,chaetodon_guttatissimus,#error!,5,1,11,13,NA,NA,NA,NA
2022-04-04,aru_02,arusha,kenya,chaetodontidae,chaetodon_trifasciatus,#error!,5,2,11,13,NA,NA,NA,NA
2022-09-08,bang_01,bangoi,comoros,chaetodontidae,chaetodon_guttatissimus,#error!,1,1,11,13,NA,NA,NA,NA
2022-09-08,bang_01,bangoi,comoros,chaetodontidae,chaetodon_madagaskariensis,#error!,1,1,11,13,NA,NA,NA,NA
2022-09-08,bang_01,bangoi,comoros,chaetodontidae,chaetodon_kleinii,#error!,1,3,11,13,NA,NA,NA,NA
2022-09-08,bang_01,bangoi,comoros,chaetodontidae,chaetodon_guttatissimus,#error!,2,3,11,13,NA,NA,NA,NA
2022-09-08,bang_01,bangoi,comoros,chaetodontidae,chaetodon_kleinii,#error!,2,4,11,13,NA,NA,NA,NA
2022-09-08,bang_01,bangoi,comoros,chaetodontidae,chaetodon_madagaskariensis,#error!,2,2,11,13,NA,NA,NA,NA
2022-09-08,bang_02,bangoi,comoros,chaetodontidae,chaetodon_guttatissimus,#error!,3,7,11,13,NA,NA,NA,NA
2022-09-08,bang_02,bangoi,comoros,chaetodontidae,chaetodon_kleinii,#error!,3,2,11,13,NA,NA,NA,NA
2022-09-08,bang_02,bangoi,comoros,chaetodontidae,forcipiger_longirostris,#error!,3,2,11,13,NA,NA,NA,NA
2022-09-08,bang_02,bangoi,comoros,chaetodontidae,chaetodon_meyeri,#error!,3,2,11,13,NA,NA,NA,NA
2022-09-08,bang_02,bangoi,comoros,chaetodontidae,chaetodon_meyeri,#error!,4,1,11,13,NA,NA,NA,NA
2022-09-08,bang_02,bangoi,comoros,chaetodontidae,chaetodon_guttatissimus,#error!,4,2,11,13,NA,NA,NA,NA
2022-09-08,bang_02,bangoi,comoros,chaetodontidae,chaetodon_kleinii,#error!,4,6,11,13,NA,NA,NA,NA
2022-09-08,bang_02,bangoi,comoros,chaetodontidae,forcipiger_longirostris,#error!,4,1,11,13,NA,NA,NA,NA
2022-09-08,bang_02,bangoi,comoros,chaetodontidae,chaetodon_madagaskariensis,#error!,4,3,11,13,NA,NA,NA,NA
2022-09-08,bang_02,bangoi,comoros,chaetodontidae,chaetodon_auriga,#error!,5,1,11,13,NA,NA,NA,NA
2022-09-08,bang_02,bangoi,comoros,chaetodontidae,chaetodon_guttatissimus,#error!,5,4,11,13,NA,NA,NA,NA
2022-09-08,bang_02,bangoi,comoros,chaetodontidae,chaetodon_kleinii,#error!,5,2,11,13,NA,NA,NA,NA
2022-09-08,bang_02,bangoi,comoros,chaetodontidae,forcipiger_longirostris,#error!,5,2,11,13,NA,NA,NA,NA
2022-09-08,bang_02,bangoi,comoros,chaetodontidae,chaetodon_madagaskariensis,#error!,5,4,11,13,NA,NA,NA,NA
2018-09-30,aj_b_p_sc03,bimbini,comoros,chaetodontidae,chaetodon_guttatissimus,#error!,1,2,6,8,NA,NA,NA,NA
2018-09-30,aj_b_p_sc03,bimbini,comoros,chaetodontidae,chaetodon_kleinii,#error!,1,2,6,8,NA,NA,NA,NA
2018-09-30,aj_b_p_sc03,bimbini,comoros,chaetodontidae,forcipiger_longirostris,#error!,1,1,6,8,NA,NA,NA,NA
2018-09-30,aj_b_p_sc03,bimbini,comoros,chaetodontidae,heniochus_monoceros,#error!,1,1,16,18,NA,NA,NA,NA
2018-09-30,aj_b_p_sc03,bimbini,comoros,chaetodontidae,chaetodon_auriga,#error!,2,1,6,8,NA,NA,NA,NA
2018-09-30,aj_b_p_sc03,bimbini,comoros,chaetodontidae,chaetodon_meyeri,#error!,2,1,6,8,NA,NA,NA,NA
2018-09-30,aj_b_p_sc03,bimbini,comoros,chaetodontidae,chaetodon_kleinii,#error!,2,3,6,8,NA,NA,NA,NA
2018-09-30,aj_b_p_sc03,bimbini,comoros,chaetodontidae,chaetodon_madagaskariensis,#error!,2,2,6,8,NA,NA,NA,NA
2018-09-30,aj_b_p_sc03,bimbini,comoros,chaetodontidae,chaetodon_trifascialis,#error!,2,2,6,8,NA,NA,NA,NA
2018-09-30,aj_b_p_sc03,bimbini,comoros,chaetodontidae,chaetodon_trifasciatus,#error!,2,1,6,8,NA,NA,NA,NA
2018-09-30,aj_b_p_sc03,bimbini,comoros,chaetodontidae,heniochus_monoceros,#error!,2,2,21,23,NA,NA,NA,NA
2018-09-30,aj_b_p_sc03,bimbini,comoros,chaetodontidae,chaetodon_guttatissimus,#error!,3,3,6,8,NA,NA,NA,NA
2018-09-30,aj_b_p_sc03,bimbini,comoros,chaetodontidae,chaetodon_madagaskariensis,#error!,3,5,6,8,NA,NA,NA,NA
2018-09-30,aj_b_p_sc03,bimbini,comoros,chaetodontidae,chaetodon_trifasciatus,#error!,3,1,6,8,NA,NA,NA,NA
2018-10-01,aj_b_p_sc04,bimbini,comoros,chaetodontidae,chaetodon_madagaskariensis,#error!,4,2,6,8,NA,NA,NA,NA
2018-10-01,aj_b_p_sc04,bimbini,comoros,chaetodontidae,chaetodon_guttatissimus,#error!,4,2,6,8,NA,NA,NA,NA
2018-10-01,aj_b_p_sc04,bimbini,comoros,chaetodontidae,chaetodon_kleinii,#error!,4,1,6,8,NA,NA,NA,NA
2018-10-01,aj_b_p_sc04,bimbini,comoros,chaetodontidae,chaetodon_trifascialis,#error!,4,2,6,8,NA,NA,NA,NA
2018-10-01,aj_b_p_sc04,bimbini,comoros,chaetodontidae,chaetodon_trifasciatus,#error!,4,2,6,8,NA,NA,NA,NA
2018-10-01,aj_b_p_sc04,bimbini,comoros,chaetodontidae,forcipiger_longirostris,#error!,4,7,6,8,NA,NA,NA,NA
2018-10-01,aj_b_p_sc04,bimbini,comoros,chaetodontidae,chaetodon_auriga,#error!,5,3,6,8,NA,NA,NA,NA
2018-10-01,aj_b_p_sc04,bimbini,comoros,chaetodontidae,chaetodon_guttatissimus,#error!,5,6,6,8,NA,NA,NA,NA
2018-10-01,aj_b_p_sc04,bimbini,comoros,chaetodontidae,chaetodon_interruptus,#error!,5,1,6,8,NA,NA,NA,NA
2018-10-01,aj_b_p_sc04,bimbini,comoros,chaetodontidae,chaetodon_trifascialis,#error!,5,1,6,8,NA,NA,NA,NA
2018-10-01,aj_b_p_sc04,bimbini,comoros,chaetodontidae,forcipiger_longirostris,#error!,5,2,6,8,NA,NA,NA,NA
2018-10-01,aj_b_p_sc04,bimbini,comoros,chaetodontidae,chaetodon_madagaskariensis,#error!,6,4,6,8,NA,NA,NA,NA
2018-10-01,aj_b_p_sc04,bimbini,comoros,chaetodontidae,chaetodon_trifasciatus,#error!,6,2,6,8,NA,NA,NA,NA
2022-10-26,brc_01,brain_coral,kenya,chaetodontidae,chaetodon_auriga,#error!,1,2,11,13,NA,NA,NA,NA
2022-10-26,brc_01,brain_coral,kenya,chaetodontidae,chaetodon_melannotus,#error!,1,1,11,13,NA,NA,NA,NA
2022-10-26,brc_01,brain_coral,kenya,chaetodontidae,chaetodon_guttatissimus,#error!,2,3,11,13,NA,NA,NA,NA
2022-10-26,brc_01,brain_coral,kenya,chaetodontidae,chaetodon_kleinii,#error!,2,2,11,13,NA,NA,NA,NA
2022-10-26,brc_01,brain_coral,kenya,chaetodontidae,chaetodon_guttatissimus,#error!,3,3,11,13,NA,NA,NA,NA
2022-10-26,brc_01,brain_coral,kenya,chaetodontidae,chaetodon_melannotus,#error!,3,2,11,13,NA,NA,NA,NA
2022-10-26,brc_01,brain_coral,kenya,chaetodontidae,chaetodon_interruptus,#error!,3,1,11,13,NA,NA,NA,NA
2022-10-26,brc_02,brain_coral,kenya,chaetodontidae,chaetodon_kleinii,#error!,5,4,11,13,NA,NA,NA,NA
2022-10-26,brc_02,brain_coral,kenya,chaetodontidae,chaetodon_trifasciatus,#error!,5,2,11,13,NA,NA,NA,NA
2022-10-27,brc_02,brain_coral,kenya,chaetodontidae,chaetodon_guttatissimus,#error!,1,4,11,13,NA,NA,NA,NA
2021-11-17,cha_01,chale,kenya,chaetodontidae,chaetodon_guttatissimus,#error!,1,2,11,13,NA,NA,NA,NA
2021-11-17,cha_01,chale,kenya,chaetodontidae,chaetodon_madagaskariensis,#error!,1,2,11,13,NA,NA,NA,NA
2021-11-17,cha_01,chale,kenya,chaetodontidae,chaetodon_kleinii,#error!,2,2,11,13,NA,NA,NA,NA
2021-11-17,cha_01,chale,kenya,chaetodontidae,chaetodon_guttatissimus,#error!,3,2,11,13,NA,NA,NA,NA
2021-11-17,cha_02,chale,kenya,chaetodontidae,chaetodon_guttatissimus,#error!,4,2,11,13,NA,NA,NA,NA
2021-11-17,cha_02,chale,kenya,chaetodontidae,chaetodon_kleinii,#error!,4,2,11,13,NA,NA,NA,NA
2021-11-17,cha_02,chale,kenya,chaetodontidae,chaetodon_kleinii,#error!,5,2,11,13,NA,NA,NA,NA
2023-02-18,chm_01,chambani,kenya,chaetodontidae,chaetodon_auriga,#error!,1,2,11,13,NA,NA,NA,NA
2023-02-18,chm_01,chambani,kenya,chaetodontidae,chaetodon_lunula,#error!,2,1,11,13,NA,NA,NA,NA
2023-02-18,chm_01,chambani,kenya,chaetodontidae,chaetodon_lunula,#error!,3,1,11,13,NA,NA,NA,NA
2022-09-17,chin_02,chindini,comoros,chaetodontidae,chaetodon_auriga,#error!,3,1,11,13,NA,NA,NA,NA
2022-09-17,chin_02,chindini,comoros,chaetodontidae,chaetodon_guttatissimus,#error!,3,3,11,13,NA,NA,NA,NA
2022-09-17,chin_02,chindini,comoros,chaetodontidae,chaetodon_trifascialis,#error!,3,1,11,13,NA,NA,NA,NA
2022-09-17,chin_02,chindini,comoros,chaetodontidae,forcipiger_longirostris,#error!,3,6,11,13,NA,NA,NA,NA
2022-09-17,chin_02,chindini,comoros,chaetodontidae,chaetodon_madagaskariensis,#error!,3,1,11,13,NA,NA,NA,NA
2022-09-17,chin_02,chindini,comoros,chaetodontidae,chaetodon_auriga,#error!,4,1,11,13,NA,NA,NA,NA
2022-09-17,chin_02,chindini,comoros,chaetodontidae,chaetodon_meyeri,#error!,4,1,11,13,NA,NA,NA,NA
2022-09-17,chin_02,chindini,comoros,chaetodontidae,chaetodon_guttatissimus,#error!,4,4,11,13,NA,NA,NA,NA
2022-09-17,chin_02,chindini,comoros,chaetodontidae,chaetodon_lunula,#error!,4,1,11,13,NA,NA,NA,NA
2022-09-17,chin_02,chindini,comoros,chaetodontidae,chaetodon_melannotus,#error!,4,2,11,13,NA,NA,NA,NA
2022-09-17,chin_02,chindini,comoros,chaetodontidae,forcipiger_longirostris,#error!,4,4,11,13,NA,NA,NA,NA
2022-09-12,chin_03,chindini,comoros,chaetodontidae,chaetodon_auriga,#error!,1,1,11,13,NA,NA,NA,NA
2022-09-12,chin_03,chindini,comoros,chaetodontidae,chaetodon_meyeri,#error!,1,5,11,13,NA,NA,NA,NA
2022-09-12,chin_03,chindini,comoros,chaetodontidae,chaetodon_guttatissimus,#error!,1,5,11,13,NA,NA,NA,NA
2022-09-12,chin_03,chindini,comoros,chaetodontidae,chaetodon_melannotus,#error!,1,1,11,13,NA,NA,NA,NA
2022-09-12,chin_03,chindini,comoros,chaetodontidae,chaetodon_trifasciatus,#error!,1,1,11,13,NA,NA,NA,NA
2022-09-12,chin_03,chindini,comoros,chaetodontidae,chaetodon_madagaskariensis,#error!,1,1,11,13,NA,NA,NA,NA
2022-09-12,chin_03,chindini,comoros,chaetodontidae,forcipiger_longirostris,#error!,1,1,11,13,NA,NA,NA,NA
2022-09-12,chin_03,chindini,comoros,chaetodontidae,chaetodon_auriga,#error!,2,1,11,13,NA,NA,NA,NA
2022-09-12,chin_03,chindini,comoros,chaetodontidae,chaetodon_meyeri,#error!,2,6,11,13,NA,NA,NA,NA
2022-09-12,chin_03,chindini,comoros,chaetodontidae,chaetodon_guttatissimus,#error!,2,3,11,13,NA,NA,NA,NA
2022-09-12,chin_03,chindini,comoros,chaetodontidae,chaetodon_lunula,#error!,2,3,11,13,NA,NA,NA,NA
2022-09-12,chin_03,chindini,comoros,chaetodontidae,chaetodon_trifasciatus,#error!,2,2,11,13,NA,NA,NA,NA
2022-09-12,chin_03,chindini,comoros,chaetodontidae,forcipiger_longirostris,#error!,2,4,11,13,NA,NA,NA,NA
2022-09-12,chin_03,chindini,comoros,chaetodontidae,chaetodon_madagaskariensis,#error!,2,2,11,13,NA,NA,NA,NA
2022-09-12,chin_03,chindini,comoros,chaetodontidae,chaetodon_interruptus,#error!,2,2,11,13,NA,NA,NA,NA
2023-02-11,chp_01,chipopo,kenya,chaetodontidae,chaetodon_auriga,#error!,1,9,11,13,NA,NA,NA,NA
2023-02-11,chp_01,chipopo,kenya,chaetodontidae,chaetodon_lunula,#error!,1,3,11,13,NA,NA,NA,NA
2023-02-11,chp_01,chipopo,kenya,chaetodontidae,chaetodon_melannotus,#error!,1,5,11,13,NA,NA,NA,NA
2023-02-11,chp_01,chipopo,kenya,chaetodontidae,chaetodon_xanthocephalus,#error!,1,2,11,13,NA,NA,NA,NA
2023-02-11,chp_01,chipopo,kenya,chaetodontidae,heniochus_acuminatus,#error!,1,2,11,13,NA,NA,NA,NA
2023-02-11,chp_01,chipopo,kenya,chaetodontidae,chaetodon_auriga,#error!,2,26,11,13,NA,NA,NA,NA
2023-02-11,chp_01,chipopo,kenya,chaetodontidae,chaetodon_lineolatus,#error!,2,2,11,13,NA,NA,NA,NA
2023-02-11,chp_01,chipopo,kenya,chaetodontidae,chaetodon_lunula,#error!,2,5,11,13,NA,NA,NA,NA
2023-02-11,chp_01,chipopo,kenya,chaetodontidae,chaetodon_falcula,#error!,2,1,11,13,NA,NA,NA,NA
2023-02-11,chp_01,chipopo,kenya,chaetodontidae,chaetodon_auriga,#error!,3,58,11,13,NA,NA,NA,NA
2023-02-11,chp_01,chipopo,kenya,chaetodontidae,chaetodon_lineolatus,#error!,3,1,11,13,NA,NA,NA,NA
2023-02-11,chp_01,chipopo,kenya,chaetodontidae,chaetodon_lunula,#error!,3,9,11,13,NA,NA,NA,NA
2023-02-11,chp_01,chipopo,kenya,chaetodontidae,chaetodon_trifasciatus,#error!,3,3,11,13,NA,NA,NA,NA
2023-02-11,chp_01,chipopo,kenya,chaetodontidae,chaetodon_melannotus,#error!,3,38,11,13,NA,NA,NA,NA
2023-02-11,chp_01,chipopo,kenya,chaetodontidae,chaetodon_xanthocephalus,#error!,3,5,11,13,NA,NA,NA,NA
2023-03-20,cho_01,chole,kenya,chaetodontidae,chaetodon_lunula,#error!,1,4,11,13,NA,NA,NA,NA
2023-03-20,cho_01,chole,kenya,chaetodontidae,heniochus_monoceros,#error!,1,11,6,8,NA,NA,NA,NA
2023-03-20,cho_01,chole,kenya,chaetodontidae,chaetodon_auriga,#error!,1,2,11,13,NA,NA,NA,NA
2023-03-20,cho_01,chole,kenya,chaetodontidae,chaetodon_lunula,#error!,2,7,16,18,NA,NA,NA,NA
2023-03-20,cho_01,chole,kenya,chaetodontidae,heniochus_monoceros,#error!,2,1,11,13,NA,NA,NA,NA
2023-03-20,cho_01,chole,kenya,chaetodontidae,chaetodon_auriga,#error!,2,2,11,13,NA,NA,NA,NA
2023-03-20,cho_01,chole,kenya,chaetodontidae,chaetodon_lunula,#error!,3,1,16,18,NA,NA,NA,NA
2023-03-24,ccb_01,chongo_cha_boso,kenya,chaetodontidae,chaetodon_madagaskariensis,#error!,2,1,11,13,NA,NA,NA,NA
2023-03-24,ccb_01,chongo_cha_boso,kenya,chaetodontidae,chaetodon_kleinii,#error!,2,2,11,13,NA,NA,NA,NA
2023-03-22,ccc_01,chongo_cha_chano,kenya,chaetodontidae,chaetodon_leucopleura,#error!,1,1,16,18,NA,NA,NA,NA
2023-03-22,ccc_01,chongo_cha_chano,kenya,chaetodontidae,chaetodon_auriga,#error!,2,2,16,18,NA,NA,NA,NA
2023-03-21,ccs_01,chongo_cha_sharifu,kenya,chaetodontidae,chaetodon_kleinii,#error!,1,2,11,13,NA,NA,NA,NA
2023-03-21,ccs_01,chongo_cha_sharifu,kenya,chaetodontidae,chaetodon_zanzibarensis,#error!,1,4,11,13,NA,NA,NA,NA
2023-03-21,ccs_01,chongo_cha_sharifu,kenya,chaetodontidae,chaetodon_guttatissimus,#error!,2,1,11,13,NA,NA,NA,NA
2023-03-21,ccs_01,chongo_cha_sharifu,kenya,chaetodontidae,chaetodon_leucopleura,#error!,2,3,16,18,NA,NA,NA,NA
2023-03-21,ccs_01,chongo_cha_sharifu,kenya,chaetodontidae,chaetodon_vagabundus,#error!,2,1,21,23,NA,NA,NA,NA
2023-03-26,dzi_01,dhiwa_za_ishakani,kenya,chaetodontidae,chaetodon_auriga,#error!,1,2,16,18,NA,NA,NA,NA
2023-03-26,dzi_01,dhiwa_za_ishakani,kenya,chaetodontidae,chaetodon_lunula,#error!,2,1,16,18,NA,NA,NA,NA
2021-11-22,dnr_01,diani_reef,kenya,chaetodontidae,chaetodon_guttatissimus,#error!,2,2,11,13,NA,NA,NA,NA
2021-11-22,dnr_01,diani_reef,kenya,chaetodontidae,chaetodon_kleinii,#error!,2,2,11,13,NA,NA,NA,NA
2021-11-22,dnr_01,diani_reef,kenya,chaetodontidae,chaetodon_lunula,#error!,2,2,11,13,NA,NA,NA,NA
2021-11-22,dnr_01,diani_reef,kenya,chaetodontidae,chaetodon_madagaskariensis,#error!,2,2,11,13,NA,NA,NA,NA
2021-11-22,dnr_01,diani_reef,kenya,chaetodontidae,chaetodon_trifasciatus,#error!,2,1,11,13,NA,NA,NA,NA
2021-11-22,dnr_01,diani_reef,kenya,chaetodontidae,chaetodon_guttatissimus,#error!,3,4,11,13,NA,NA,NA,NA
2021-11-22,dnr_01,diani_reef,kenya,chaetodontidae,chaetodon_kleinii,#error!,3,2,11,13,NA,NA,NA,NA
2021-11-22,dnr_01,diani_reef,kenya,chaetodontidae,chaetodon_trifasciatus,#error!,3,2,11,13,NA,NA,NA,NA
2022-11-18,din_01,dindini,tanzania,chaetodontidae,chaetodon_auriga,#error!,1,1,11,13,NA,NA,NA,NA
2022-11-18,din_01,dindini,tanzania,chaetodontidae,chaetodon_guttatissimus,#error!,1,2,11,13,NA,NA,NA,NA
2022-11-18,din_01,dindini,tanzania,chaetodontidae,chaetodon_kleinii,#error!,1,17,11,13,NA,NA,NA,NA
2022-11-18,din_01,dindini,tanzania,chaetodontidae,forcipiger_longirostris,#error!,1,2,11,13,NA,NA,NA,NA
2022-11-18,din_01,dindini,tanzania,chaetodontidae,heniochus_acuminatus,#error!,1,4,11,13,NA,NA,NA,NA
2022-11-18,din_01,dindini,tanzania,chaetodontidae,chaetodon_guttatissimus,#error!,2,5,11,13,NA,NA,NA,NA
2022-11-18,din_01,dindini,tanzania,chaetodontidae,chaetodon_kleinii,#error!,2,7,11,13,NA,NA,NA,NA
2022-11-18,din_01,dindini,tanzania,chaetodontidae,chaetodon_madagaskariensis,#error!,2,1,11,13,NA,NA,NA,NA
2022-11-18,din_01,dindini,tanzania,chaetodontidae,chaetodon_guttatissimus,#error!,3,2,11,13,NA,NA,NA,NA
2022-11-18,din_01,dindini,tanzania,chaetodontidae,chaetodon_kleinii,#error!,3,27,11,13,NA,NA,NA,NA
2022-11-18,din_02,dindini,tanzania,chaetodontidae,chaetodon_kleinii,#error!,4,13,11,13,NA,NA,NA,NA
2022-11-18,din_02,dindini,tanzania,chaetodontidae,chaetodon_kleinii,#error!,5,26,11,13,NA,NA,NA,NA
2018-10-13,mw_b_p_sc16,djirani,comoros,chaetodontidae,chaetodon_meyeri,#error!,1,1,6,8,NA,NA,NA,NA
2018-10-13,mw_b_p_sc16,djirani,comoros,chaetodontidae,chaetodon_kleinii,#error!,1,1,6,8,NA,NA,NA,NA
2018-10-13,mw_b_p_sc16,djirani,comoros,chaetodontidae,chaetodon_trifasciatus,#error!,1,4,6,8,NA,NA,NA,NA
2018-10-13,mw_b_p_sc16,djirani,comoros,chaetodontidae,forcipiger_longirostris,#error!,1,1,6,8,NA,NA,NA,NA
2018-10-13,mw_b_p_sc16,djirani,comoros,chaetodontidae,chaetodon_auriga,#error!,2,1,6,8,NA,NA,NA,NA
2018-10-13,mw_b_p_sc16,djirani,comoros,chaetodontidae,chaetodon_meyeri,#error!,2,2,6,8,NA,NA,NA,NA
2018-10-13,mw_b_p_sc16,djirani,comoros,chaetodontidae,chaetodon_kleinii,#error!,2,1,6,8,NA,NA,NA,NA
2018-10-13,mw_b_p_sc16,djirani,comoros,chaetodontidae,chaetodon_vagabundus,#error!,2,1,6,8,NA,NA,NA,NA
2018-10-13,mw_b_p_sc16,djirani,comoros,chaetodontidae,chaetodon_trifasciatus,#error!,3,1,6,8,NA,NA,NA,NA
2018-10-14,mw_b_p_sc17,djirani,comoros,chaetodontidae,chaetodon_kleinii,#error!,4,4,6,8,NA,NA,NA,NA
2018-10-14,mw_b_p_sc17,djirani,comoros,chaetodontidae,chaetodon_lunula,#error!,4,2,6,8,NA,NA,NA,NA
2018-10-14,mw_b_p_sc17,djirani,comoros,chaetodontidae,forcipiger_longirostris,#error!,4,2,6,8,NA,NA,NA,NA
2018-10-14,mw_b_p_sc17,djirani,comoros,chaetodontidae,chaetodon_auriga,#error!,5,2,6,8,NA,NA,NA,NA
2018-10-14,mw_b_p_sc17,djirani,comoros,chaetodontidae,chaetodon_kleinii,#error!,5,1,6,8,NA,NA,NA,NA
2018-10-14,mw_b_p_sc17,djirani,comoros,chaetodontidae,chaetodon_lunula,#error!,5,2,6,8,NA,NA,NA,NA
2018-10-14,mw_b_p_sc17,djirani,comoros,chaetodontidae,forcipiger_longirostris,#error!,5,2,6,8,NA,NA,NA,NA
2018-10-14,mw_b_p_sc17,djirani,comoros,chaetodontidae,hemitaurichthys_zoster,#error!,5,1,6,8,NA,NA,NA,NA
2018-10-14,mw_b_p_sc17,djirani,comoros,chaetodontidae,chaetodon_meyeri,#error!,6,1,6,8,NA,NA,NA,NA
2018-10-14,mw_b_p_sc17,djirani,comoros,chaetodontidae,chaetodon_melannotus,#error!,6,1,6,8,NA,NA,NA,NA
2018-10-14,mw_b_p_sc17,djirani,comoros,chaetodontidae,forcipiger_longirostris,#error!,6,1,6,8,NA,NA,NA,NA
2021-03-19,dol_01,dolphin,kenya,chaetodontidae,chaetodon_meyeri,#error!,1,1,11,13,NA,NA,NA,NA
2021-03-19,dol_01,dolphin,kenya,chaetodontidae,chaetodon_guttatissimus,#error!,1,2,11,13,NA,NA,NA,NA
2021-03-19,dol_01,dolphin,kenya,chaetodontidae,chaetodon_kleinii,#error!,1,6,11,13,NA,NA,NA,NA
2021-03-19,dol_01,dolphin,kenya,chaetodontidae,chaetodon_madagaskariensis,#error!,1,2,11,13,NA,NA,NA,NA
2021-03-19,dol_01,dolphin,kenya,chaetodontidae,heniochus_diphreutes,#error!,1,1,11,13,NA,NA,NA,NA
2021-03-19,dol_01,dolphin,kenya,chaetodontidae,chaetodon_interruptus,#error!,2,2,11,13,NA,NA,NA,NA
2021-03-19,dol_01,dolphin,kenya,chaetodontidae,chaetodon_guttatissimus,#error!,2,1,11,13,NA,NA,NA,NA
2021-03-19,dol_01,dolphin,kenya,chaetodontidae,chaetodon_kleinii,#error!,2,2,11,13,NA,NA,NA,NA
2021-03-19,dol_01,dolphin,kenya,chaetodontidae,chaetodon_melannotus,#error!,2,4,11,13,NA,NA,NA,NA
2021-03-19,dol_01,dolphin,kenya,chaetodontidae,chaetodon_xanthocephalus,#error!,2,2,11,13,NA,NA,NA,NA
2021-03-19,dol_01,dolphin,kenya,chaetodontidae,chaetodon_guttatissimus,#error!,3,2,11,13,NA,NA,NA,NA
2021-03-19,dol_02,dolphin,kenya,chaetodontidae,chaetodon_auriga,#error!,4,1,11,13,NA,NA,NA,NA
2021-03-19,dol_02,dolphin,kenya,chaetodontidae,hemitaurichthys_zoster,#error!,4,2,11,13,NA,NA,NA,NA
2021-03-19,dol_02,dolphin,kenya,chaetodontidae,chaetodon_melannotus,#error!,4,7,11,13,NA,NA,NA,NA
2021-03-19,dol_02,dolphin,kenya,chaetodontidae,chaetodon_madagaskariensis,#error!,5,2,11,13,NA,NA,NA,NA
2021-03-19,dol_02,dolphin,kenya,chaetodontidae,chaetodon_guttatissimus,#error!,5,2,11,13,NA,NA,NA,NA
2021-03-19,dol_02,dolphin,kenya,chaetodontidae,hemitaurichthys_zoster,#error!,5,4,11,13,NA,NA,NA,NA
2021-03-19,dol_02,dolphin,kenya,chaetodontidae,chaetodon_falcula,#error!,5,2,11,13,NA,NA,NA,NA
2023-11-02,fassi1,fassi,comoros,chaetodontidae,chaetodon_auriga,#error!,3,1,11,13,NA,NA,NA,NA
2023-11-02,fassi1,fassi,comoros,chaetodontidae,chaetodon_meyeri,#error!,3,1,11,13,NA,NA,NA,NA
2023-11-02,fassi1,fassi,comoros,chaetodontidae,chaetodon_guttatissimus,#error!,3,3,11,13,NA,NA,NA,NA
2023-11-02,fassi1,fassi,comoros,chaetodontidae,chaetodon_kleinii,#error!,3,3,11,13,NA,NA,NA,NA
2023-11-02,fassi1,fassi,comoros,chaetodontidae,forcipiger_longirostris,#error!,3,4,11,13,NA,NA,NA,NA
2023-11-02,fassi1,fassi,comoros,chaetodontidae,chaetodon_madagaskariensis,#error!,3,4,11,13,NA,NA,NA,NA
2023-11-02,fassi1,fassi,comoros,chaetodontidae,chaetodon_guttatissimus,#error!,4,7,11,13,NA,NA,NA,NA
2023-11-02,fassi1,fassi,comoros,chaetodontidae,chaetodon_kleinii,#error!,4,11,11,13,NA,NA,NA,NA
2023-11-02,fassi1,fassi,comoros,chaetodontidae,forcipiger_longirostris,#error!,4,2,11,13,NA,NA,NA,NA
2023-11-02,fassi2,fassi,comoros,chaetodontidae,chaetodon_guttatissimus,#error!,1,4,11,13,NA,NA,NA,NA
2023-11-02,fassi2,fassi,comoros,chaetodontidae,chaetodon_kleinii,#error!,1,4,11,13,NA,NA,NA,NA
2023-11-02,fassi2,fassi,comoros,chaetodontidae,forcipiger_longirostris,#error!,1,5,11,13,NA,NA,NA,NA
2023-11-02,fassi2,fassi,comoros,chaetodontidae,chaetodon_auriga,#error!,1,1,11,13,NA,NA,NA,NA
2023-11-02,fassi2,fassi,comoros,chaetodontidae,chaetodon_guttatissimus,#error!,1,4,11,13,NA,NA,NA,NA
2023-11-02,fassi2,fassi,comoros,chaetodontidae,chaetodon_kleinii,#error!,1,1,11,13,NA,NA,NA,NA
2023-11-02,fassi2,fassi,comoros,chaetodontidae,chaetodon_madagaskariensis,#error!,1,1,11,13,NA,NA,NA,NA
2018-10-09,mw_e_p_sc09,ferenga,comoros,chaetodontidae,chaetodon_kleinii,#error!,1,4,6,8,NA,NA,NA,NA
2018-10-09,mw_e_p_sc09,ferenga,comoros,chaetodontidae,chaetodon_lunula,#error!,1,2,6,8,NA,NA,NA,NA
2018-10-09,mw_e_p_sc09,ferenga,comoros,chaetodontidae,chaetodon_trifasciatus,#error!,1,2,6,8,NA,NA,NA,NA
2018-10-09,mw_e_p_sc09,ferenga,comoros,chaetodontidae,chaetodon_xanthocephalus,#error!,1,1,16,18,NA,NA,NA,NA
2018-10-09,mw_e_p_sc09,ferenga,comoros,chaetodontidae,heniochus_monoceros,#error!,1,1,16,18,NA,NA,NA,NA
2018-10-09,mw_e_p_sc09,ferenga,comoros,chaetodontidae,chaetodon_auriga,#error!,2,3,6,8,NA,NA,NA,NA
2018-10-09,mw_e_p_sc09,ferenga,comoros,chaetodontidae,chaetodon_kleinii,#error!,2,2,6,8,NA,NA,NA,NA
2018-10-09,mw_e_p_sc09,ferenga,comoros,chaetodontidae,chaetodon_lunula,#error!,2,2,6,8,NA,NA,NA,NA
2018-10-09,mw_e_p_sc09,ferenga,comoros,chaetodontidae,heniochus_acuminatus,#error!,2,2,21,23,NA,NA,NA,NA
2018-10-09,mw_e_p_sc09,ferenga,comoros,chaetodontidae,chaetodon_xanthocephalus,#error!,2,2,16,18,NA,NA,NA,NA
2018-10-09,mw_e_p_sc09,ferenga,comoros,chaetodontidae,chaetodon_auriga,#error!,3,2,6,8,NA,NA,NA,NA
2018-10-09,mw_e_p_sc09,ferenga,comoros,chaetodontidae,chaetodon_guttatissimus,#error!,3,1,6,8,NA,NA,NA,NA
2018-10-09,mw_e_p_sc09,ferenga,comoros,chaetodontidae,chaetodon_trifascialis,#error!,3,1,6,8,NA,NA,NA,NA
2018-10-09,mw_e_p_sc09,ferenga,comoros,chaetodontidae,chaetodon_trifasciatus,#error!,3,1,6,8,NA,NA,NA,NA
2018-10-09,mw_e_p_sc09,ferenga,comoros,chaetodontidae,forcipiger_longirostris,#error!,3,2,6,8,NA,NA,NA,NA
2018-10-10,mw_e_p_sc10,ferenga,comoros,chaetodontidae,chaetodon_kleinii,#error!,4,5,6,8,NA,NA,NA,NA
2018-10-10,mw_e_p_sc10,ferenga,comoros,chaetodontidae,chaetodon_trifascialis,#error!,4,2,6,8,NA,NA,NA,NA
2018-10-10,mw_e_p_sc10,ferenga,comoros,chaetodontidae,chaetodon_trifasciatus,#error!,4,6,6,8,NA,NA,NA,NA
2018-10-10,mw_e_p_sc10,ferenga,comoros,chaetodontidae,chaetodon_auriga,#error!,5,4,6,8,NA,NA,NA,NA
2018-10-10,mw_e_p_sc10,ferenga,comoros,chaetodontidae,chaetodon_meyeri,#error!,5,1,6,8,NA,NA,NA,NA
2018-10-10,mw_e_p_sc10,ferenga,comoros,chaetodontidae,chaetodon_guttatissimus,#error!,5,2,6,8,NA,NA,NA,NA
2018-10-10,mw_e_p_sc10,ferenga,comoros,chaetodontidae,chaetodon_trifascialis,#error!,5,2,6,8,NA,NA,NA,NA
2018-10-10,mw_e_p_sc10,ferenga,comoros,chaetodontidae,chaetodon_trifasciatus,#error!,5,5,6,8,NA,NA,NA,NA
2018-10-10,mw_e_p_sc10,ferenga,comoros,chaetodontidae,chaetodon_auriga,#error!,6,3,6,8,NA,NA,NA,NA
2018-10-10,mw_e_p_sc10,ferenga,comoros,chaetodontidae,chaetodon_trifascialis,#error!,6,3,6,8,NA,NA,NA,NA
2018-10-10,mw_e_p_sc10,ferenga,comoros,chaetodontidae,chaetodon_trifasciatus,#error!,6,7,6,8,NA,NA,NA,NA
2019-11-15,fug_01,fundo_coral_garden,tanzania,chaetodontidae,chaetodon_guttatissimus,#error!,1,1,6,8,NA,NA,NA,NA
2019-11-15,fug_01,fundo_coral_garden,tanzania,chaetodontidae,chaetodon_kleinii,#error!,1,6,6,8,NA,NA,NA,NA
2019-11-15,fug_01,fundo_coral_garden,tanzania,chaetodontidae,chaetodon_trifascialis,#error!,1,1,6,8,NA,NA,NA,NA
2019-11-15,fug_01,fundo_coral_garden,tanzania,chaetodontidae,chaetodon_trifasciatus,#error!,1,8,6,8,NA,NA,NA,NA
2019-11-15,fug_01,fundo_coral_garden,tanzania,chaetodontidae,forcipiger_longirostris,#error!,1,7,6,8,NA,NA,NA,NA
2019-11-15,fug_01,fundo_coral_garden,tanzania,chaetodontidae,hemitaurichthys_zoster,#error!,2,1,6,8,NA,NA,NA,NA
2019-11-15,fug_01,fundo_coral_garden,tanzania,chaetodontidae,chaetodon_melannotus,#error!,2,2,6,8,NA,NA,NA,NA
2019-11-15,fug_01,fundo_coral_garden,tanzania,chaetodontidae,chaetodon_guttatissimus,#error!,2,4,6,8,NA,NA,NA,NA
2019-11-15,fug_01,fundo_coral_garden,tanzania,chaetodontidae,chaetodon_kleinii,#error!,2,6,6,8,NA,NA,NA,NA
2019-11-15,fug_01,fundo_coral_garden,tanzania,chaetodontidae,chaetodon_meyeri,#error!,2,1,6,8,NA,NA,NA,NA
2019-11-15,fug_01,fundo_coral_garden,tanzania,chaetodontidae,chaetodon_trifascialis,#error!,2,3,6,8,NA,NA,NA,NA
2019-11-15,fug_01,fundo_coral_garden,tanzania,chaetodontidae,forcipiger_longirostris,#error!,2,3,6,8,NA,NA,NA,NA
2019-11-15,fug_01,fundo_coral_garden,tanzania,chaetodontidae,hemitaurichthys_zoster,#error!,3,1,6,8,NA,NA,NA,NA
2019-11-15,fug_01,fundo_coral_garden,tanzania,chaetodontidae,chaetodon_guttatissimus,#error!,3,2,6,8,NA,NA,NA,NA
2019-11-15,fug_01,fundo_coral_garden,tanzania,chaetodontidae,chaetodon_kleinii,#error!,3,9,6,8,NA,NA,NA,NA
2019-11-15,fug_01,fundo_coral_garden,tanzania,chaetodontidae,chaetodon_trifascialis,#error!,3,3,6,8,NA,NA,NA,NA
2019-11-15,fug_01,fundo_coral_garden,tanzania,chaetodontidae,chaetodon_trifasciatus,#error!,3,5,6,8,NA,NA,NA,NA
2019-11-15,fug_01,fundo_coral_garden,tanzania,chaetodontidae,forcipiger_longirostris,#error!,3,4,6,8,NA,NA,NA,NA
2019-11-17,fug_03,fundo_coral_garden,tanzania,chaetodontidae,chaetodon_madagaskariensis,#error!,4,2,6,8,NA,NA,NA,NA
2019-11-17,fug_03,fundo_coral_garden,tanzania,chaetodontidae,chaetodon_guttatissimus,#error!,4,7,6,8,NA,NA,NA,NA
2019-11-17,fug_03,fundo_coral_garden,tanzania,chaetodontidae,chaetodon_kleinii,#error!,4,23,6,8,NA,NA,NA,NA
2019-11-17,fug_03,fundo_coral_garden,tanzania,chaetodontidae,forcipiger_longirostris,#error!,4,4,6,8,NA,NA,NA,NA
2019-11-17,fug_03,fundo_coral_garden,tanzania,chaetodontidae,chaetodon_guttatissimus,#error!,5,2,6,8,NA,NA,NA,NA
2019-11-17,fug_03,fundo_coral_garden,tanzania,chaetodontidae,chaetodon_kleinii,#error!,5,7,6,8,NA,NA,NA,NA
2019-11-17,fug_03,fundo_coral_garden,tanzania,chaetodontidae,chaetodon_melannotus,#error!,5,2,6,8,NA,NA,NA,NA
2019-11-17,fug_03,fundo_coral_garden,tanzania,chaetodontidae,chaetodon_trifasciatus,#error!,5,2,6,8,NA,NA,NA,NA
2019-11-17,fug_03,fundo_coral_garden,tanzania,chaetodontidae,forcipiger_longirostris,#error!,5,1,6,8,NA,NA,NA,NA
2019-11-13,fgi_01,fundo_gap_inner,tanzania,chaetodontidae,chaetodon_auriga,#error!,1,2,6,8,NA,NA,NA,NA
2019-11-13,fgi_01,fundo_gap_inner,tanzania,chaetodontidae,chaetodon_madagaskariensis,#error!,1,1,6,8,NA,NA,NA,NA
2019-11-13,fgi_01,fundo_gap_inner,tanzania,chaetodontidae,chaetodon_guttatissimus,#error!,1,5,6,8,NA,NA,NA,NA
2019-11-13,fgi_01,fundo_gap_inner,tanzania,chaetodontidae,chaetodon_kleinii,#error!,1,1,6,8,NA,NA,NA,NA
2019-11-13,fgi_01,fundo_gap_inner,tanzania,chaetodontidae,chaetodon_melannotus,#error!,1,1,6,8,NA,NA,NA,NA
2019-11-13,fgi_01,fundo_gap_inner,tanzania,chaetodontidae,chaetodon_trifasciatus,#error!,1,2,6,8,NA,NA,NA,NA
2019-11-13,fgi_01,fundo_gap_inner,tanzania,chaetodontidae,chaetodon_auriga,#error!,2,2,6,8,NA,NA,NA,NA
2019-11-13,fgi_01,fundo_gap_inner,tanzania,chaetodontidae,chaetodon_madagaskariensis,#error!,2,2,6,8,NA,NA,NA,NA
2019-11-13,fgi_01,fundo_gap_inner,tanzania,chaetodontidae,chaetodon_guttatissimus,#error!,2,2,6,8,NA,NA,NA,NA
2019-11-13,fgi_01,fundo_gap_inner,tanzania,chaetodontidae,chaetodon_kleinii,#error!,2,12,6,8,NA,NA,NA,NA
2019-11-13,fgi_01,fundo_gap_inner,tanzania,chaetodontidae,chaetodon_melannotus,#error!,2,1,6,8,NA,NA,NA,NA
2019-11-13,fgi_01,fundo_gap_inner,tanzania,chaetodontidae,chaetodon_trifascialis,#error!,2,4,6,8,NA,NA,NA,NA
2019-11-13,fgi_02,fundo_gap_inner,tanzania,chaetodontidae,chaetodon_madagaskariensis,#error!,3,2,6,8,NA,NA,NA,NA
2019-11-13,fgi_02,fundo_gap_inner,tanzania,chaetodontidae,chaetodon_meyeri,#error!,3,2,6,8,NA,NA,NA,NA
2019-11-13,fgi_02,fundo_gap_inner,tanzania,chaetodontidae,chaetodon_kleinii,#error!,3,3,6,8,NA,NA,NA,NA
2019-11-13,fgi_02,fundo_gap_inner,tanzania,chaetodontidae,chaetodon_trifasciatus,#error!,3,3,6,8,NA,NA,NA,NA
2019-11-13,fgi_02,fundo_gap_inner,tanzania,chaetodontidae,forcipiger_longirostris,#error!,3,1,6,8,NA,NA,NA,NA
2019-11-13,fgi_02,fundo_gap_inner,tanzania,chaetodontidae,chaetodon_kleinii,#error!,4,9,6,8,NA,NA,NA,NA
2019-11-13,fgi_02,fundo_gap_inner,tanzania,chaetodontidae,chaetodon_melannotus,#error!,4,1,6,8,NA,NA,NA,NA
2019-11-13,fgi_02,fundo_gap_inner,tanzania,chaetodontidae,chaetodon_trifasciatus,#error!,4,15,6,8,NA,NA,NA,NA
2019-11-14,fuo_01,fundo_outer,tanzania,chaetodontidae,chaetodon_auriga,#error!,1,4,6,8,NA,NA,NA,NA
2019-11-14,fuo_01,fundo_outer,tanzania,chaetodontidae,hemitaurichthys_zoster,#error!,1,4,6,8,NA,NA,NA,NA
2019-11-14,fuo_01,fundo_outer,tanzania,chaetodontidae,chaetodon_guttatissimus,#error!,1,6,6,8,NA,NA,NA,NA
2019-11-14,fuo_01,fundo_outer,tanzania,chaetodontidae,chaetodon_kleinii,#error!,1,22,6,8,NA,NA,NA,NA
2019-11-14,fuo_01,fundo_outer,tanzania,chaetodontidae,chaetodon_lunula,#error!,1,1,6,8,NA,NA,NA,NA
2019-11-14,fuo_01,fundo_outer,tanzania,chaetodontidae,chaetodon_madagaskariensis,#error!,1,5,6,8,NA,NA,NA,NA
2019-11-14,fuo_01,fundo_outer,tanzania,chaetodontidae,forcipiger_longirostris,#error!,1,3,6,8,NA,NA,NA,NA
2019-11-14,fuo_01,fundo_outer,tanzania,chaetodontidae,hemitaurichthys_zoster,#error!,2,3,6,8,NA,NA,NA,NA
2019-11-14,fuo_01,fundo_outer,tanzania,chaetodontidae,chaetodon_guttatissimus,#error!,2,5,6,8,NA,NA,NA,NA
2019-11-14,fuo_01,fundo_outer,tanzania,chaetodontidae,chaetodon_kleinii,#error!,2,11,6,8,NA,NA,NA,NA
2019-11-14,fuo_01,fundo_outer,tanzania,chaetodontidae,chaetodon_madagaskariensis,#error!,2,2,6,8,NA,NA,NA,NA
2019-11-14,fuo_01,fundo_outer,tanzania,chaetodontidae,chaetodon_trifasciatus,#error!,2,1,6,8,NA,NA,NA,NA
2019-11-14,fuo_01,fundo_outer,tanzania,chaetodontidae,forcipiger_longirostris,#error!,2,5,6,8,NA,NA,NA,NA
2019-11-14,fuo_01,fundo_outer,tanzania,chaetodontidae,chaetodon_auriga,#error!,3,1,6,8,NA,NA,NA,NA
2019-11-14,fuo_01,fundo_outer,tanzania,chaetodontidae,hemitaurichthys_zoster,#error!,3,4,6,8,NA,NA,NA,NA
2019-11-14,fuo_01,fundo_outer,tanzania,chaetodontidae,chaetodon_guttatissimus,#error!,3,1,6,8,NA,NA,NA,NA
2019-11-14,fuo_01,fundo_outer,tanzania,chaetodontidae,chaetodon_kleinii,#error!,3,40,6,8,NA,NA,NA,NA
2019-11-14,fuo_01,fundo_outer,tanzania,chaetodontidae,chaetodon_madagaskariensis,#error!,3,7,6,8,NA,NA,NA,NA
2019-11-14,fuo_02,fundo_outer,tanzania,chaetodontidae,chaetodon_madagaskariensis,#error!,4,1,6,8,NA,NA,NA,NA
2019-11-14,fuo_02,fundo_outer,tanzania,chaetodontidae,chaetodon_guttatissimus,#error!,4,1,6,8,NA,NA,NA,NA
2019-11-14,fuo_02,fundo_outer,tanzania,chaetodontidae,chaetodon_kleinii,#error!,4,22,6,8,NA,NA,NA,NA
2019-11-14,fuo_02,fundo_outer,tanzania,chaetodontidae,hemitaurichthys_zoster,#error!,4,25,6,8,NA,NA,NA,NA
2019-11-14,fuo_02,fundo_outer,tanzania,chaetodontidae,chaetodon_meyeri,#error!,4,2,6,8,NA,NA,NA,NA
2019-11-14,fuo_02,fundo_outer,tanzania,chaetodontidae,forcipiger_longirostris,#error!,4,1,6,8,NA,NA,NA,NA
2019-11-14,fuo_02,fundo_outer,tanzania,chaetodontidae,chaetodon_madagaskariensis,#error!,5,2,6,8,NA,NA,NA,NA
2019-11-14,fuo_02,fundo_outer,tanzania,chaetodontidae,chaetodon_guttatissimus,#error!,5,2,6,8,NA,NA,NA,NA
2019-11-14,fuo_02,fundo_outer,tanzania,chaetodontidae,chaetodon_kleinii,#error!,5,8,6,8,NA,NA,NA,NA
2019-11-14,fuo_02,fundo_outer,tanzania,chaetodontidae,hemitaurichthys_zoster,#error!,5,2,6,8,NA,NA,NA,NA
2019-11-14,fuo_02,fundo_outer,tanzania,chaetodontidae,chaetodon_lunula,#error!,5,1,6,8,NA,NA,NA,NA
2019-11-14,fuo_02,fundo_outer,tanzania,chaetodontidae,chaetodon_trifasciatus,#error!,5,1,6,8,NA,NA,NA,NA
2019-11-14,fuo_02,fundo_outer,tanzania,chaetodontidae,forcipiger_longirostris,#error!,5,1,6,8,NA,NA,NA,NA
2022-09-16,ifou_01,ifoundihe_chamboini,comoros,chaetodontidae,chaetodon_xanthocephalus,#error!,1,2,11,13,NA,NA,NA,NA
2022-09-16,ifou_01,ifoundihe_chamboini,comoros,chaetodontidae,chaetodon_auriga,#error!,1,2,11,13,NA,NA,NA,NA
2022-09-16,ifou_01,ifoundihe_chamboini,comoros,chaetodontidae,chaetodon_meyeri,#error!,1,5,11,13,NA,NA,NA,NA
2022-09-16,ifou_01,ifoundihe_chamboini,comoros,chaetodontidae,chaetodon_guttatissimus,#error!,1,5,11,13,NA,NA,NA,NA
2022-09-16,ifou_01,ifoundihe_chamboini,comoros,chaetodontidae,chaetodon_kleinii,#error!,1,6,11,13,NA,NA,NA,NA
2022-09-16,ifou_01,ifoundihe_chamboini,comoros,chaetodontidae,chaetodon_lunula,#error!,1,1,11,13,NA,NA,NA,NA
2022-09-16,ifou_01,ifoundihe_chamboini,comoros,chaetodontidae,chaetodon_trifascialis,#error!,1,3,11,13,NA,NA,NA,NA
2022-09-16,ifou_01,ifoundihe_chamboini,comoros,chaetodontidae,forcipiger_longirostris,#error!,1,2,11,13,NA,NA,NA,NA
2022-09-16,ifou_01,ifoundihe_chamboini,comoros,chaetodontidae,chaetodon_interruptus,#error!,1,2,11,13,NA,NA,NA,NA
2022-09-16,ifou_01,ifoundihe_chamboini,comoros,chaetodontidae,chaetodon_madagaskariensis,#error!,1,1,11,13,NA,NA,NA,NA
2022-09-16,ifou_01,ifoundihe_chamboini,comoros,chaetodontidae,chaetodon_meyeri,#error!,2,3,11,13,NA,NA,NA,NA
2022-09-16,ifou_01,ifoundihe_chamboini,comoros,chaetodontidae,chaetodon_guttatissimus,#error!,2,4,11,13,NA,NA,NA,NA
2022-09-16,ifou_01,ifoundihe_chamboini,comoros,chaetodontidae,chaetodon_kleinii,#error!,2,2,11,13,NA,NA,NA,NA
2022-09-16,ifou_01,ifoundihe_chamboini,comoros,chaetodontidae,chaetodon_trifascialis,#error!,2,1,11,13,NA,NA,NA,NA
2022-09-16,ifou_01,ifoundihe_chamboini,comoros,chaetodontidae,forcipiger_longirostris,#error!,2,2,11,13,NA,NA,NA,NA
2022-09-16,ifou_01,ifoundihe_chamboini,comoros,chaetodontidae,chaetodon_madagaskariensis,#error!,2,2,11,13,NA,NA,NA,NA
2022-09-17,ifou_02,ifoundihe_chamboini,comoros,chaetodontidae,chaetodon_meyeri,#error!,3,2,11,13,NA,NA,NA,NA
2022-09-17,ifou_02,ifoundihe_chamboini,comoros,chaetodontidae,chaetodon_guttatissimus,#error!,3,11,11,13,NA,NA,NA,NA
2022-09-17,ifou_02,ifoundihe_chamboini,comoros,chaetodontidae,chaetodon_kleinii,#error!,3,1,11,13,NA,NA,NA,NA
2022-09-17,ifou_02,ifoundihe_chamboini,comoros,chaetodontidae,chaetodon_trifascialis,#error!,3,1,11,13,NA,NA,NA,NA
2022-09-17,ifou_02,ifoundihe_chamboini,comoros,chaetodontidae,chaetodon_interruptus,#error!,3,1,11,13,NA,NA,NA,NA
2022-09-17,ifou_02,ifoundihe_chamboini,comoros,chaetodontidae,chaetodon_auriga,#error!,4,1,11,13,NA,NA,NA,NA
2022-09-17,ifou_02,ifoundihe_chamboini,comoros,chaetodontidae,chaetodon_meyeri,#error!,4,1,11,13,NA,NA,NA,NA
2022-09-17,ifou_02,ifoundihe_chamboini,comoros,chaetodontidae,chaetodon_guttatissimus,#error!,4,8,11,13,NA,NA,NA,NA
2022-09-17,ifou_02,ifoundihe_chamboini,comoros,chaetodontidae,chaetodon_kleinii,#error!,4,9,11,13,NA,NA,NA,NA
2022-09-17,ifou_02,ifoundihe_chamboini,comoros,chaetodontidae,chaetodon_trifascialis,#error!,4,5,11,13,NA,NA,NA,NA
2022-09-17,ifou_02,ifoundihe_chamboini,comoros,chaetodontidae,forcipiger_longirostris,#error!,4,2,11,13,NA,NA,NA,NA
2022-09-17,ifou_02,ifoundihe_chamboini,comoros,chaetodontidae,chaetodon_madagaskariensis,#error!,4,7,11,13,NA,NA,NA,NA
2022-09-17,ifou_02,ifoundihe_chamboini,comoros,chaetodontidae,chaetodon_meyeri,#error!,5,2,11,13,NA,NA,NA,NA
2022-09-17,ifou_02,ifoundihe_chamboini,comoros,chaetodontidae,chaetodon_guttatissimus,#error!,5,4,11,13,NA,NA,NA,NA
2022-09-17,ifou_02,ifoundihe_chamboini,comoros,chaetodontidae,chaetodon_kleinii,#error!,5,4,11,13,NA,NA,NA,NA
2022-09-17,ifou_02,ifoundihe_chamboini,comoros,chaetodontidae,chaetodon_lunula,#error!,5,1,11,13,NA,NA,NA,NA
2022-09-17,ifou_02,ifoundihe_chamboini,comoros,chaetodontidae,chaetodon_trifascialis,#error!,5,2,11,13,NA,NA,NA,NA
2022-09-17,ifou_02,ifoundihe_chamboini,comoros,chaetodontidae,forcipiger_longirostris,#error!,5,2,11,13,NA,NA,NA,NA
2022-09-15,itso_01,itsoundzou,comoros,chaetodontidae,chaetodon_meyeri,#error!,1,2,11,13,NA,NA,NA,NA
2022-09-15,itso_01,itsoundzou,comoros,chaetodontidae,chaetodon_guttatissimus,#error!,1,5,11,13,NA,NA,NA,NA
2022-09-15,itso_01,itsoundzou,comoros,chaetodontidae,chaetodon_kleinii,#error!,1,1,11,13,NA,NA,NA,NA
2022-09-15,itso_01,itsoundzou,comoros,chaetodontidae,chaetodon_trifasciatus,#error!,1,2,11,13,NA,NA,NA,NA
2022-09-15,itso_01,itsoundzou,comoros,chaetodontidae,forcipiger_longirostris,#error!,1,9,11,13,NA,NA,NA,NA
2022-09-15,itso_01,itsoundzou,comoros,chaetodontidae,chaetodon_auriga,#error!,2,3,11,13,NA,NA,NA,NA
2022-09-15,itso_01,itsoundzou,comoros,chaetodontidae,chaetodon_madagaskariensis,#error!,2,4,11,13,NA,NA,NA,NA
2022-09-15,itso_01,itsoundzou,comoros,chaetodontidae,chaetodon_meyeri,#error!,2,3,11,13,NA,NA,NA,NA
2022-09-15,itso_01,itsoundzou,comoros,chaetodontidae,chaetodon_guttatissimus,#error!,2,7,11,13,NA,NA,NA,NA
2022-09-15,itso_01,itsoundzou,comoros,chaetodontidae,chaetodon_kleinii,#error!,2,3,11,13,NA,NA,NA,NA
2022-09-15,itso_01,itsoundzou,comoros,chaetodontidae,chaetodon_lunula,#error!,2,1,11,13,NA,NA,NA,NA
2022-09-15,itso_01,itsoundzou,comoros,chaetodontidae,chaetodon_trifasciatus,#error!,2,4,11,13,NA,NA,NA,NA
2022-09-15,itso_01,itsoundzou,comoros,chaetodontidae,forcipiger_longirostris,#error!,2,3,11,13,NA,NA,NA,NA
2022-09-15,itso_01,itsoundzou,comoros,chaetodontidae,chaetodon_interruptus,#error!,2,2,11,13,NA,NA,NA,NA
2022-09-16,itso_02,itsoundzou,comoros,chaetodontidae,chaetodon_meyeri,#error!,3,3,11,13,NA,NA,NA,NA
2022-09-16,itso_02,itsoundzou,comoros,chaetodontidae,chaetodon_guttatissimus,#error!,3,8,11,13,NA,NA,NA,NA
2022-09-16,itso_02,itsoundzou,comoros,chaetodontidae,chaetodon_kleinii,#error!,3,1,11,13,NA,NA,NA,NA
2022-09-16,itso_02,itsoundzou,comoros,chaetodontidae,chaetodon_melannotus,#error!,3,1,11,13,NA,NA,NA,NA
2022-09-16,itso_02,itsoundzou,comoros,chaetodontidae,chaetodon_trifascialis,#error!,3,2,11,13,NA,NA,NA,NA
2022-09-16,itso_02,itsoundzou,comoros,chaetodontidae,forcipiger_longirostris,#error!,3,5,11,13,NA,NA,NA,NA
2022-09-16,itso_02,itsoundzou,comoros,chaetodontidae,chaetodon_lineolatus,#error!,3,1,11,13,NA,NA,NA,NA
2022-09-16,itso_02,itsoundzou,comoros,chaetodontidae,chaetodon_interruptus,#error!,4,1,11,13,NA,NA,NA,NA
2022-09-16,itso_02,itsoundzou,comoros,chaetodontidae,chaetodon_auriga,#error!,4,1,11,13,NA,NA,NA,NA
2022-09-16,itso_02,itsoundzou,comoros,chaetodontidae,chaetodon_meyeri,#error!,4,4,11,13,NA,NA,NA,NA
2022-09-16,itso_02,itsoundzou,comoros,chaetodontidae,chaetodon_guttatissimus,#error!,4,7,11,13,NA,NA,NA,NA
2022-09-16,itso_02,itsoundzou,comoros,chaetodontidae,chaetodon_kleinii,#error!,4,2,11,13,NA,NA,NA,NA
2022-09-16,itso_02,itsoundzou,comoros,chaetodontidae,chaetodon_lunula,#error!,4,4,11,13,NA,NA,NA,NA
2022-09-16,itso_02,itsoundzou,comoros,chaetodontidae,chaetodon_melannotus,#error!,4,1,11,13,NA,NA,NA,NA
2022-09-16,itso_02,itsoundzou,comoros,chaetodontidae,chaetodon_falcula,#error!,4,1,11,13,NA,NA,NA,NA
2022-09-16,itso_02,itsoundzou,comoros,chaetodontidae,chaetodon_trifasciatus,#error!,4,1,11,13,NA,NA,NA,NA
2022-09-16,itso_02,itsoundzou,comoros,chaetodontidae,forcipiger_longirostris,#error!,4,4,11,13,NA,NA,NA,NA
2022-09-16,itso_02,itsoundzou,comoros,chaetodontidae,chaetodon_bennetti,#error!,4,1,11,13,NA,NA,NA,NA
2022-09-07,ivoi_01,ivoini,comoros,chaetodontidae,chaetodon_auriga,#error!,1,2,11,13,NA,NA,NA,NA
2022-09-07,ivoi_01,ivoini,comoros,chaetodontidae,chaetodon_meyeri,#error!,1,2,11,13,NA,NA,NA,NA
2022-09-07,ivoi_01,ivoini,comoros,chaetodontidae,chaetodon_guttatissimus,#error!,1,1,11,13,NA,NA,NA,NA
2022-09-07,ivoi_01,ivoini,comoros,chaetodontidae,chaetodon_madagaskariensis,#error!,1,2,11,13,NA,NA,NA,NA
2022-09-07,ivoi_01,ivoini,comoros,chaetodontidae,chaetodon_auriga,#error!,2,1,11,13,NA,NA,NA,NA
2022-09-07,ivoi_01,ivoini,comoros,chaetodontidae,chaetodon_guttatissimus,#error!,2,1,11,13,NA,NA,NA,NA
2022-09-07,ivoi_01,ivoini,comoros,chaetodontidae,forcipiger_longirostris,#error!,2,2,11,13,NA,NA,NA,NA
2022-09-07,ivoi_01,ivoini,comoros,chaetodontidae,chaetodon_madagaskariensis,#error!,2,2,11,13,NA,NA,NA,NA
2022-09-07,ivoi_02,ivoini,comoros,chaetodontidae,chaetodon_auriga,#error!,3,2,11,13,NA,NA,NA,NA
2022-09-07,ivoi_02,ivoini,comoros,chaetodontidae,chaetodon_guttatissimus,#error!,3,3,11,13,NA,NA,NA,NA
2022-09-07,ivoi_02,ivoini,comoros,chaetodontidae,chaetodon_madagaskariensis,#error!,3,2,11,13,NA,NA,NA,NA
2022-09-07,ivoi_02,ivoini,comoros,chaetodontidae,chaetodon_guttatissimus,#error!,4,3,11,13,NA,NA,NA,NA
2022-09-07,ivoi_02,ivoini,comoros,chaetodontidae,chaetodon_kleinii,#error!,4,4,11,13,NA,NA,NA,NA
2022-09-07,ivoi_02,ivoini,comoros,chaetodontidae,chaetodon_madagaskariensis,#error!,4,3,11,13,NA,NA,NA,NA
2022-09-07,ivoi_02,ivoini,comoros,chaetodontidae,chaetodon_xanthocephalus,#error!,4,1,11,13,NA,NA,NA,NA
2022-09-07,ivoi_02,ivoini,comoros,chaetodontidae,chaetodon_meyeri,#error!,5,1,11,13,NA,NA,NA,NA
2022-09-07,ivoi_02,ivoini,comoros,chaetodontidae,chaetodon_guttatissimus,#error!,5,1,11,13,NA,NA,NA,NA
2022-09-07,ivoi_02,ivoini,comoros,chaetodontidae,chaetodon_kleinii,#error!,5,6,11,13,NA,NA,NA,NA
2022-09-07,ivoi_02,ivoini,comoros,chaetodontidae,chaetodon_madagaskariensis,#error!,5,2,11,13,NA,NA,NA,NA
2022-03-04,iwe_01,iweni,kenya,chaetodontidae,chaetodon_auriga,#error!,2,7,11,13,NA,NA,NA,NA
2022-03-04,iwe_01,iweni,kenya,chaetodontidae,chaetodon_lunula,#error!,2,8,11,13,NA,NA,NA,NA
2022-03-04,iwe_01,iweni,kenya,chaetodontidae,chaetodon_trifasciatus,#error!,2,2,11,13,NA,NA,NA,NA
2022-03-04,iwe_01,iweni,kenya,chaetodontidae,chaetodon_auriga,#error!,4,3,11,13,NA,NA,NA,NA
2022-03-04,iwe_01,iweni,kenya,chaetodontidae,chaetodon_auriga,#error!,5,5,11,13,NA,NA,NA,NA
2022-03-04,iwe_01,iweni,kenya,chaetodontidae,chaetodon_lineolatus,#error!,5,2,11,13,NA,NA,NA,NA
2021-03-29,jac_01,jacaranda,kenya,chaetodontidae,chaetodon_lunula,#error!,1,4,11,13,NA,NA,NA,NA
2021-03-29,jac_01,jacaranda,kenya,chaetodontidae,chaetodon_melannotus,#error!,1,1,11,13,NA,NA,NA,NA
2021-03-29,jac_01,jacaranda,kenya,chaetodontidae,chaetodon_auriga,#error!,3,2,11,13,NA,NA,NA,NA
2021-03-29,jac_01,jacaranda,kenya,chaetodontidae,chaetodon_lunula,#error!,3,4,11,13,NA,NA,NA,NA
2021-03-29,jac_01,jacaranda,kenya,chaetodontidae,chaetodon_leucopleura,#error!,3,1,11,13,NA,NA,NA,NA
2021-03-29,jac_02,jacaranda,kenya,chaetodontidae,chaetodon_kleinii,#error!,4,2,11,13,NA,NA,NA,NA
2021-03-29,jac_02,jacaranda,kenya,chaetodontidae,chaetodon_guttatissimus,#error!,5,4,11,13,NA,NA,NA,NA
2021-03-29,jac_02,jacaranda,kenya,chaetodontidae,chaetodon_kleinii,#error!,5,2,11,13,NA,NA,NA,NA
2022-03-31,jmk_01,jamba_wa_kwale,kenya,chaetodontidae,chaetodon_guttatissimus,#error!,1,2,11,13,NA,NA,NA,NA
2022-03-31,jmk_01,jamba_wa_kwale,kenya,chaetodontidae,chaetodon_kleinii,#error!,1,1,11,13,NA,NA,NA,NA
2022-03-31,jmk_01,jamba_wa_kwale,kenya,chaetodontidae,chaetodon_trifasciatus,#error!,1,3,11,13,NA,NA,NA,NA
2022-03-31,jmk_01,jamba_wa_kwale,kenya,chaetodontidae,chaetodon_kleinii,#error!,2,2,11,13,NA,NA,NA,NA
2022-03-31,jmk_02,jamba_wa_kwale,kenya,chaetodontidae,chaetodon_guttatissimus,#error!,4,2,11,13,NA,NA,NA,NA
2022-03-31,jmk_02,jamba_wa_kwale,kenya,chaetodontidae,chaetodon_melannotus,#error!,4,1,11,13,NA,NA,NA,NA
2023-02-11,jmi_01,jumba_idodi,kenya,chaetodontidae,chaetodon_auriga,#error!,2,1,11,13,NA,NA,NA,NA
2023-02-11,jmi_01,jumba_idodi,kenya,chaetodontidae,chaetodon_lunula,#error!,2,1,11,13,NA,NA,NA,NA
2023-02-11,jmi_01,jumba_idodi,kenya,chaetodontidae,chaetodon_auriga,#error!,3,1,11,13,NA,NA,NA,NA
2023-02-11,jmi_01,jumba_idodi,kenya,chaetodontidae,chaetodon_lunula,#error!,3,1,11,13,NA,NA,NA,NA
2022-10-25,jbr_01,jumbo_ruins,kenya,chaetodontidae,chaetodon_kleinii,#error!,1,1,11,13,NA,NA,NA,NA
2022-10-25,jbr_01,jumbo_ruins,kenya,chaetodontidae,chaetodon_lunula,#error!,1,1,11,13,NA,NA,NA,NA
2022-10-25,jbr_01,jumbo_ruins,kenya,chaetodontidae,chaetodon_kleinii,#error!,2,2,11,13,NA,NA,NA,NA
2022-10-25,jbr_01,jumbo_ruins,kenya,chaetodontidae,chaetodon_lunula,#error!,2,1,11,13,NA,NA,NA,NA
2022-10-25,jbr_01,jumbo_ruins,kenya,chaetodontidae,chaetodon_trifasciatus,#error!,2,2,11,13,NA,NA,NA,NA
2023-02-18,kfc_01,kadhikia_fawachu,kenya,chaetodontidae,chaetodon_auriga,#error!,1,5,11,13,NA,NA,NA,NA
2023-03-24,kkr_01,kadhikia_kuru,kenya,chaetodontidae,chaetodon_auriga,#error!,1,2,16,18,NA,NA,NA,NA
2023-03-24,kkr_01,kadhikia_kuru,kenya,chaetodontidae,chaetodon_auriga,#error!,3,1,16,18,NA,NA,NA,NA
2022-02-04,kanz_01,kanzoni,comoros,chaetodontidae,chaetodon_auriga,#error!,1,2,11,13,NA,NA,NA,NA
2022-02-04,kanz_01,kanzoni,comoros,chaetodontidae,chaetodon_guttatissimus,#error!,1,1,11,13,NA,NA,NA,NA
2022-02-04,kanz_01,kanzoni,comoros,chaetodontidae,chaetodon_kleinii,#error!,1,1,11,13,NA,NA,NA,NA
2022-02-04,kanz_01,kanzoni,comoros,chaetodontidae,chaetodon_trifasciatus,#error!,1,2,11,13,NA,NA,NA,NA
2022-02-04,kanz_01,kanzoni,comoros,chaetodontidae,chaetodon_kleinii,#error!,2,3,11,13,NA,NA,NA,NA
2022-02-04,kanz_01,kanzoni,comoros,chaetodontidae,chaetodon_lunula,#error!,2,4,11,13,NA,NA,NA,NA
2022-02-04,kanz_01,kanzoni,comoros,chaetodontidae,chaetodon_trifasciatus,#error!,2,4,11,13,NA,NA,NA,NA
2022-02-04,kanz_01,kanzoni,comoros,chaetodontidae,forcipiger_longirostris,#error!,2,1,11,13,NA,NA,NA,NA
2022-02-04,kanz_01,kanzoni,comoros,chaetodontidae,chaetodon_auriga,#error!,3,2,11,13,NA,NA,NA,NA
2022-02-04,kanz_01,kanzoni,comoros,chaetodontidae,chaetodon_lunula,#error!,3,2,11,13,NA,NA,NA,NA
2022-02-04,kanz_01,kanzoni,comoros,chaetodontidae,chaetodon_trifasciatus,#error!,3,9,11,13,NA,NA,NA,NA
2022-02-04,kanz_01,kanzoni,comoros,chaetodontidae,chaetodon_xanthocephalus,#error!,3,1,11,13,NA,NA,NA,NA
2022-02-05,kanz_02,kanzoni,comoros,chaetodontidae,chaetodon_kleinii,#error!,4,2,11,13,NA,NA,NA,NA
2022-02-05,kanz_02,kanzoni,comoros,chaetodontidae,chaetodon_lunula,#error!,4,2,11,13,NA,NA,NA,NA
2022-02-05,kanz_02,kanzoni,comoros,chaetodontidae,chaetodon_trifasciatus,#error!,4,6,11,13,NA,NA,NA,NA
2022-02-05,kanz_02,kanzoni,comoros,chaetodontidae,forcipiger_longirostris,#error!,4,2,11,13,NA,NA,NA,NA
2022-02-05,kanz_02,kanzoni,comoros,chaetodontidae,chaetodon_guttatissimus,#error!,5,2,11,13,NA,NA,NA,NA
2022-02-05,kanz_02,kanzoni,comoros,chaetodontidae,chaetodon_kleinii,#error!,5,1,11,13,NA,NA,NA,NA
2022-02-05,kanz_02,kanzoni,comoros,chaetodontidae,chaetodon_trifascialis,#error!,5,1,11,13,NA,NA,NA,NA
2022-02-05,kanz_02,kanzoni,comoros,chaetodontidae,chaetodon_trifasciatus,#error!,5,5,11,13,NA,NA,NA,NA
2022-02-05,kanz_02,kanzoni,comoros,chaetodontidae,forcipiger_longirostris,#error!,5,2,11,13,NA,NA,NA,NA
2021-03-25,kas_01,kasa,kenya,chaetodontidae,chaetodon_auriga,#error!,1,1,11,13,NA,NA,NA,NA
2021-03-25,kas_01,kasa,kenya,chaetodontidae,chaetodon_melannotus,#error!,1,2,11,13,NA,NA,NA,NA
2021-03-25,kas_01,kasa,kenya,chaetodontidae,chaetodon_trifasciatus,#error!,1,2,11,13,NA,NA,NA,NA
2021-03-25,kas_01,kasa,kenya,chaetodontidae,chaetodon_xanthocephalus,#error!,1,2,11,13,NA,NA,NA,NA
2021-03-25,kas_01,kasa,kenya,chaetodontidae,chaetodon_kleinii,#error!,2,2,11,13,NA,NA,NA,NA
2021-03-25,kas_01,kasa,kenya,chaetodontidae,chaetodon_falcula,#error!,2,2,11,13,NA,NA,NA,NA
2021-03-25,kas_01,kasa,kenya,chaetodontidae,chaetodon_trifasciatus,#error!,2,2,11,13,NA,NA,NA,NA
2021-03-25,kas_01,kasa,kenya,chaetodontidae,forcipiger_longirostris,#error!,2,2,11,13,NA,NA,NA,NA
2021-03-25,kas_01,kasa,kenya,chaetodontidae,chaetodon_meyeri,#error!,3,1,11,13,NA,NA,NA,NA
2021-03-25,kas_01,kasa,kenya,chaetodontidae,chaetodon_madagaskariensis,#error!,3,2,11,13,NA,NA,NA,NA
2021-03-25,kas_01,kasa,kenya,chaetodontidae,chaetodon_kleinii,#error!,3,4,11,13,NA,NA,NA,NA
2021-03-25,kas_01,kasa,kenya,chaetodontidae,chaetodon_melannotus,#error!,3,8,11,13,NA,NA,NA,NA
2021-03-25,kas_01,kasa,kenya,chaetodontidae,chaetodon_interruptus,#error!,3,2,11,13,NA,NA,NA,NA
2021-03-25,kas_01,kasa,kenya,chaetodontidae,chaetodon_leucopleura,#error!,3,2,11,13,NA,NA,NA,NA
2021-03-25,kas_01,kasa,kenya,chaetodontidae,chaetodon_guttatissimus,#error!,3,4,11,13,NA,NA,NA,NA
2021-03-25,kas_02,kasa,kenya,chaetodontidae,chaetodon_guttatissimus,#error!,4,2,11,13,NA,NA,NA,NA
2021-03-25,kas_02,kasa,kenya,chaetodontidae,chaetodon_kleinii,#error!,4,2,11,13,NA,NA,NA,NA
2021-03-25,kas_02,kasa,kenya,chaetodontidae,chaetodon_melannotus,#error!,4,3,11,13,NA,NA,NA,NA
2021-03-25,kas_02,kasa,kenya,chaetodontidae,chaetodon_guttatissimus,#error!,5,2,11,13,NA,NA,NA,NA
2021-03-25,kas_02,kasa,kenya,chaetodontidae,chaetodon_kleinii,#error!,5,2,11,13,NA,NA,NA,NA
2021-03-25,kas_02,kasa,kenya,chaetodontidae,chaetodon_melannotus,#error!,5,3,11,13,NA,NA,NA,NA
2021-03-25,kas_02,kasa,kenya,chaetodontidae,chaetodon_xanthocephalus,#error!,5,2,11,13,NA,NA,NA,NA
2021-11-18,ksm_01,kaya_similani,kenya,chaetodontidae,chaetodon_guttatissimus,#error!,1,2,11,13,NA,NA,NA,NA
2021-11-18,ksm_02,kaya_similani,kenya,chaetodontidae,chaetodon_guttatissimus,#error!,2,2,11,13,NA,NA,NA,NA
2022-11-16,kif_01,kifinge,tanzania,chaetodontidae,chaetodon_auriga,#error!,1,2,11,13,NA,NA,NA,NA
2022-11-16,kif_01,kifinge,tanzania,chaetodontidae,chaetodon_kleinii,#error!,1,7,11,13,NA,NA,NA,NA
2022-11-16,kif_01,kifinge,tanzania,chaetodontidae,chaetodon_trifasciatus,#error!,1,2,11,13,NA,NA,NA,NA
2022-11-16,kif_01,kifinge,tanzania,chaetodontidae,chaetodon_madagaskariensis,#error!,1,2,11,13,NA,NA,NA,NA
2022-11-16,kif_01,kifinge,tanzania,chaetodontidae,chaetodon_kleinii,#error!,2,3,11,13,NA,NA,NA,NA
2022-11-16,kif_01,kifinge,tanzania,chaetodontidae,chaetodon_falcula,#error!,3,2,11,13,NA,NA,NA,NA
2022-11-16,kif_01,kifinge,tanzania,chaetodontidae,chaetodon_kleinii,#error!,3,2,11,13,NA,NA,NA,NA
2022-11-16,kif_01,kifinge,tanzania,chaetodontidae,chaetodon_trifasciatus,#error!,3,3,11,13,NA,NA,NA,NA
2022-11-16,kif_02,kifinge,tanzania,chaetodontidae,chaetodon_guttatissimus,#error!,4,2,11,13,NA,NA,NA,NA
2022-11-16,kif_02,kifinge,tanzania,chaetodontidae,chaetodon_trifasciatus,#error!,4,2,11,13,NA,NA,NA,NA
2022-11-16,kif_02,kifinge,tanzania,chaetodontidae,forcipiger_longirostris,#error!,4,1,11,13,NA,NA,NA,NA
2022-11-16,kif_02,kifinge,tanzania,chaetodontidae,chaetodon_kleinii,#error!,5,2,11,13,NA,NA,NA,NA
2022-11-16,kif_02,kifinge,tanzania,chaetodontidae,chaetodon_trifasciatus,#error!,5,2,11,13,NA,NA,NA,NA
2021-11-21,kkd_01,kikadini,kenya,chaetodontidae,chaetodon_trifasciatus,#error!,1,2,11,13,NA,NA,NA,NA
2021-11-21,kkd_01,kikadini,kenya,chaetodontidae,chaetodon_trifasciatus,#error!,2,2,11,13,NA,NA,NA,NA
2021-11-21,kkd_01,kikadini,kenya,chaetodontidae,chaetodon_guttatissimus,#error!,2,1,11,13,NA,NA,NA,NA
2021-11-21,kkd_02,kikadini,kenya,chaetodontidae,chaetodon_trifasciatus,#error!,4,2,11,13,NA,NA,NA,NA
2021-11-21,kkd_02,kikadini,kenya,chaetodontidae,chaetodon_kleinii,#error!,5,1,11,13,NA,NA,NA,NA
2021-03-16,kiln_01,kilifi_north,kenya,chaetodontidae,chaetodon_falcula,#error!,1,2,11,13,NA,NA,NA,NA
2021-03-16,kiln_01,kilifi_north,kenya,chaetodontidae,chaetodon_auriga,#error!,1,1,11,13,NA,NA,NA,NA
2021-03-16,kiln_01,kilifi_north,kenya,chaetodontidae,chaetodon_guttatissimus,#error!,1,2,11,13,NA,NA,NA,NA
2021-03-16,kiln_01,kilifi_north,kenya,chaetodontidae,chaetodon_kleinii,#error!,1,6,11,13,NA,NA,NA,NA
2021-03-16,kiln_01,kilifi_north,kenya,chaetodontidae,chaetodon_falcula,#error!,2,2,11,13,NA,NA,NA,NA
2021-03-16,kiln_01,kilifi_north,kenya,chaetodontidae,chaetodon_guttatissimus,#error!,2,2,11,13,NA,NA,NA,NA
2021-03-16,kiln_01,kilifi_north,kenya,chaetodontidae,chaetodon_kleinii,#error!,2,4,11,13,NA,NA,NA,NA
2021-03-16,kiln_01,kilifi_north,kenya,chaetodontidae,chaetodon_guttatissimus,#error!,3,1,11,13,NA,NA,NA,NA
2021-03-16,kiln_01,kilifi_north,kenya,chaetodontidae,chaetodon_kleinii,#error!,3,6,11,13,NA,NA,NA,NA
2021-03-16,kiln_02,kilifi_north,kenya,chaetodontidae,chaetodon_kleinii,#error!,4,4,11,13,NA,NA,NA,NA
2021-03-16,kiln_02,kilifi_north,kenya,chaetodontidae,chaetodon_kleinii,#error!,5,9,11,13,NA,NA,NA,NA
2022-03-30,klg_01,kilingoni,kenya,chaetodontidae,chaetodon_trifasciatus,#error!,3,2,11,13,NA,NA,NA,NA
2021-11-20,kmo_01,kinondo_makonde,kenya,chaetodontidae,chaetodon_kleinii,#error!,1,2,11,13,NA,NA,NA,NA
2021-11-20,kmo_01,kinondo_makonde,kenya,chaetodontidae,hemitaurichthys_zoster,#error!,1,1,11,13,NA,NA,NA,NA
2021-11-20,kmo_01,kinondo_makonde,kenya,chaetodontidae,chaetodon_xanthocephalus,#error!,1,2,11,13,NA,NA,NA,NA
2021-11-20,kmo_01,kinondo_makonde,kenya,chaetodontidae,chaetodon_guttatissimus,#error!,2,2,11,13,NA,NA,NA,NA
2021-11-20,kmo_01,kinondo_makonde,kenya,chaetodontidae,chaetodon_kleinii,#error!,2,2,11,13,NA,NA,NA,NA
2021-11-20,kmo_01,kinondo_makonde,kenya,chaetodontidae,forcipiger_longirostris,#error!,2,1,11,13,NA,NA,NA,NA
2021-11-20,kmo_01,kinondo_makonde,kenya,chaetodontidae,chaetodon_madagaskariensis,#error!,2,2,11,13,NA,NA,NA,NA
2021-11-20,kmo_01,kinondo_makonde,kenya,chaetodontidae,chaetodon_auriga,#error!,3,2,11,13,NA,NA,NA,NA
2021-11-20,kmo_01,kinondo_makonde,kenya,chaetodontidae,chaetodon_melannotus,#error!,3,2,11,13,NA,NA,NA,NA
2021-11-20,kmo_01,kinondo_makonde,kenya,chaetodontidae,chaetodon_kleinii,#error!,3,3,11,13,NA,NA,NA,NA
2021-11-20,kmo_01,kinondo_makonde,kenya,chaetodontidae,chaetodon_kleinii,#error!,3,1,11,13,NA,NA,NA,NA
2021-11-20,kmo_01,kinondo_makonde,kenya,chaetodontidae,chaetodon_lunula,#error!,3,1,11,13,NA,NA,NA,NA
2021-11-20,kmo_02,kinondo_makonde,kenya,chaetodontidae,chaetodon_lunula,#error!,5,2,11,13,NA,NA,NA,NA
2022-03-03,kny_01,kinyika_inner,kenya,chaetodontidae,chaetodon_kleinii,#error!,1,2,11,13,NA,NA,NA,NA
2022-03-03,kny_01,kinyika_inner,kenya,chaetodontidae,chaetodon_leucopleura,#error!,2,1,11,13,NA,NA,NA,NA
2022-03-03,kny_01,kinyika_inner,kenya,chaetodontidae,heniochus_acuminatus,#error!,3,1,11,13,NA,NA,NA,NA
2022-03-03,kny_01,kinyika_inner,kenya,chaetodontidae,heniochus_monoceros,#error!,3,3,11,13,NA,NA,NA,NA
2022-03-03,kny_01,kinyika_inner,kenya,chaetodontidae,chaetodon_trifasciatus,#error!,3,1,11,13,NA,NA,NA,NA
2022-03-03,kny_01,kinyika_inner,kenya,chaetodontidae,chaetodon_leucopleura,#error!,3,2,11,13,NA,NA,NA,NA
2022-03-05,knyo_01,kinyika_outer,kenya,chaetodontidae,chaetodon_auriga,#error!,1,2,11,13,NA,NA,NA,NA
2022-03-05,knyo_01,kinyika_outer,kenya,chaetodontidae,chaetodon_kleinii,#error!,1,2,11,13,NA,NA,NA,NA
2022-03-05,knyo_01,kinyika_outer,kenya,chaetodontidae,chaetodon_xanthocephalus,#error!,1,2,11,13,NA,NA,NA,NA
2022-03-05,knyo_01,kinyika_outer,kenya,chaetodontidae,chaetodon_guttatissimus,#error!,3,1,11,13,NA,NA,NA,NA
2022-03-05,knyo_01,kinyika_outer,kenya,chaetodontidae,chaetodon_kleinii,#error!,3,1,11,13,NA,NA,NA,NA
2021-04-13,kse_01,kisite_east,kenya,chaetodontidae,chaetodon_guttatissimus,#error!,1,4,11,13,NA,NA,NA,NA
2021-04-13,kse_01,kisite_east,kenya,chaetodontidae,chaetodon_trifasciatus,#error!,1,4,11,13,NA,NA,NA,NA
2021-04-13,kse_01,kisite_east,kenya,chaetodontidae,chaetodon_auriga,#error!,2,2,11,13,NA,NA,NA,NA
2021-04-13,kse_01,kisite_east,kenya,chaetodontidae,chaetodon_guttatissimus,#error!,2,2,11,13,NA,NA,NA,NA
2021-04-13,kse_01,kisite_east,kenya,chaetodontidae,chaetodon_trifascialis,#error!,2,1,11,13,NA,NA,NA,NA
2021-04-13,kse_01,kisite_east,kenya,chaetodontidae,chaetodon_trifasciatus,#error!,2,2,11,13,NA,NA,NA,NA
2021-04-13,kse_01,kisite_east,kenya,chaetodontidae,chaetodon_meyeri,#error!,2,2,11,13,NA,NA,NA,NA
2021-04-13,kse_01,kisite_east,kenya,chaetodontidae,chaetodon_auriga,#error!,3,3,11,13,NA,NA,NA,NA
2021-04-13,kse_01,kisite_east,kenya,chaetodontidae,chaetodon_trifascialis,#error!,3,1,11,13,NA,NA,NA,NA
2021-04-13,kse_01,kisite_east,kenya,chaetodontidae,chaetodon_trifasciatus,#error!,3,4,11,13,NA,NA,NA,NA
2021-04-13,kse_02,kisite_east,kenya,chaetodontidae,chaetodon_auriga,#error!,4,2,11,13,NA,NA,NA,NA
2021-04-13,kse_02,kisite_east,kenya,chaetodontidae,chaetodon_lunula,#error!,4,1,11,13,NA,NA,NA,NA
2021-04-13,kse_02,kisite_east,kenya,chaetodontidae,chaetodon_trifascialis,#error!,4,2,11,13,NA,NA,NA,NA
2021-04-13,kse_02,kisite_east,kenya,chaetodontidae,chaetodon_trifasciatus,#error!,4,4,11,13,NA,NA,NA,NA
2021-04-13,kse_02,kisite_east,kenya,chaetodontidae,chaetodon_xanthocephalus,#error!,4,1,11,13,NA,NA,NA,NA
2021-04-13,kse_02,kisite_east,kenya,chaetodontidae,chaetodon_auriga,#error!,5,2,11,13,NA,NA,NA,NA
2021-04-13,kse_02,kisite_east,kenya,chaetodontidae,chaetodon_lineolatus,#error!,5,1,11,13,NA,NA,NA,NA
2021-04-13,kse_02,kisite_east,kenya,chaetodontidae,chaetodon_lunula,#error!,5,3,11,13,NA,NA,NA,NA
2021-04-13,kse_02,kisite_east,kenya,chaetodontidae,chaetodon_melannotus,#error!,5,1,11,13,NA,NA,NA,NA
2021-04-13,kse_02,kisite_east,kenya,chaetodontidae,chaetodon_trifascialis,#error!,5,5,11,13,NA,NA,NA,NA
2021-04-13,kse_02,kisite_east,kenya,chaetodontidae,chaetodon_trifasciatus,#error!,5,5,11,13,NA,NA,NA,NA
2022-11-17,kik_01,kisiwa_kikubwa,tanzania,chaetodontidae,chaetodon_meyeri,#error!,4,2,11,13,NA,NA,NA,NA
2022-11-17,kik_01,kisiwa_kikubwa,tanzania,chaetodontidae,chaetodon_bennetti,#error!,4,1,11,13,NA,NA,NA,NA
2022-11-17,kik_01,kisiwa_kikubwa,tanzania,chaetodontidae,heniochus_acuminatus,#error!,4,3,11,13,NA,NA,NA,NA
2022-11-17,kik_01,kisiwa_kikubwa,tanzania,chaetodontidae,chaetodon_kleinii,#error!,4,10,11,13,NA,NA,NA,NA
2022-11-17,kik_01,kisiwa_kikubwa,tanzania,chaetodontidae,chaetodon_auriga,#error!,5,2,11,13,NA,NA,NA,NA
2022-11-17,kik_01,kisiwa_kikubwa,tanzania,chaetodontidae,chaetodon_kleinii,#error!,5,7,11,13,NA,NA,NA,NA
2022-11-17,msu_01,kisiwa_kikubwa,tanzania,chaetodontidae,chaetodon_kleinii,#error!,1,4,11,13,NA,NA,NA,NA
2022-11-17,msu_01,kisiwa_kikubwa,tanzania,chaetodontidae,forcipiger_longirostris,#error!,1,1,11,13,NA,NA,NA,NA
2022-11-17,msu_01,kisiwa_kikubwa,tanzania,chaetodontidae,chaetodon_guttatissimus,#error!,2,2,11,13,NA,NA,NA,NA
2022-11-17,msu_01,kisiwa_kikubwa,tanzania,chaetodontidae,chaetodon_kleinii,#error!,2,3,11,13,NA,NA,NA,NA
2022-11-17,msu_01,kisiwa_kikubwa,tanzania,chaetodontidae,chaetodon_auriga,#error!,3,1,11,13,NA,NA,NA,NA
2022-11-17,msu_01,kisiwa_kikubwa,tanzania,chaetodontidae,chaetodon_meyeri,#error!,3,2,11,13,NA,NA,NA,NA
2022-11-17,msu_01,kisiwa_kikubwa,tanzania,chaetodontidae,chaetodon_guttatissimus,#error!,3,3,11,13,NA,NA,NA,NA
2022-11-17,msu_01,kisiwa_kikubwa,tanzania,chaetodontidae,chaetodon_kleinii,#error!,3,3,11,13,NA,NA,NA,NA
2022-11-17,msu_01,kisiwa_kikubwa,tanzania,chaetodontidae,chaetodon_lunula,#error!,3,2,11,13,NA,NA,NA,NA
2022-11-17,msu_01,kisiwa_kikubwa,tanzania,chaetodontidae,chaetodon_trifasciatus,#error!,3,2,11,13,NA,NA,NA,NA
2022-11-17,msu_01,kisiwa_kikubwa,tanzania,chaetodontidae,chaetodon_madagaskariensis,#error!,3,1,11,13,NA,NA,NA,NA
2022-11-20,kitin_01,kitutia_inner,tanzania,chaetodontidae,chaetodon_auriga,#error!,1,3,11,13,NA,NA,NA,NA
2022-11-20,kitin_01,kitutia_inner,tanzania,chaetodontidae,chaetodon_kleinii,#error!,1,3,11,13,NA,NA,NA,NA
2022-11-20,kitin_01,kitutia_inner,tanzania,chaetodontidae,chaetodon_trifascialis,#error!,1,1,11,13,NA,NA,NA,NA
2022-11-20,kitin_01,kitutia_inner,tanzania,chaetodontidae,chaetodon_trifasciatus,#error!,1,5,11,13,NA,NA,NA,NA
2022-11-20,kitin_01,kitutia_inner,tanzania,chaetodontidae,chaetodon_kleinii,#error!,2,2,11,13,NA,NA,NA,NA
2022-11-20,kitin_01,kitutia_inner,tanzania,chaetodontidae,chaetodon_trifascialis,#error!,2,1,11,13,NA,NA,NA,NA
2022-11-20,kitin_01,kitutia_inner,tanzania,chaetodontidae,chaetodon_trifasciatus,#error!,2,3,11,13,NA,NA,NA,NA
2022-11-20,kitin_01,kitutia_inner,tanzania,chaetodontidae,chaetodon_kleinii,#error!,3,2,11,13,NA,NA,NA,NA
2022-11-20,kitin_01,kitutia_inner,tanzania,chaetodontidae,chaetodon_trifasciatus,#error!,3,4,11,13,NA,NA,NA,NA
2022-11-20,kitin_02,kitutia_inner,tanzania,chaetodontidae,chaetodon_kleinii,#error!,5,4,11,13,NA,NA,NA,NA
2022-11-20,kitin_02,kitutia_inner,tanzania,chaetodontidae,chaetodon_lunula,#error!,5,2,11,13,NA,NA,NA,NA
2022-11-20,kitin_02,kitutia_inner,tanzania,chaetodontidae,chaetodon_trifasciatus,#error!,5,2,11,13,NA,NA,NA,NA
2022-11-21,kitout_01,kitutia_outer,tanzania,chaetodontidae,chaetodon_kleinii,#error!,2,2,11,13,NA,NA,NA,NA
2022-11-21,kitout_02,kitutia_outer,tanzania,chaetodontidae,chaetodon_kleinii,#error!,3,2,11,13,NA,NA,NA,NA
2022-11-21,kitout_02,kitutia_outer,tanzania,chaetodontidae,chaetodon_kleinii,#error!,4,3,11,13,NA,NA,NA,NA
2022-11-21,kitout_02,kitutia_outer,tanzania,chaetodontidae,chaetodon_trifasciatus,#error!,4,4,11,13,NA,NA,NA,NA
2023-02-16,ktw_01,kitwani,kenya,chaetodontidae,chaetodon_auriga,#error!,1,2,11,13,NA,NA,NA,NA
2023-02-16,ktw_01,kitwani,kenya,chaetodontidae,chaetodon_lunula,#error!,1,2,11,13,NA,NA,NA,NA
2023-02-16,ktw_01,kitwani,kenya,chaetodontidae,chaetodon_lunula,#error!,3,2,11,13,NA,NA,NA,NA
2019-11-16,kug_01,kokota_uvinje_gap,tanzania,chaetodontidae,chaetodon_guttatissimus,#error!,1,4,6,8,NA,NA,NA,NA
2019-11-16,kug_01,kokota_uvinje_gap,tanzania,chaetodontidae,chaetodon_kleinii,#error!,1,13,6,8,NA,NA,NA,NA
2019-11-16,kug_01,kokota_uvinje_gap,tanzania,chaetodontidae,forcipiger_longirostris,#error!,1,3,6,8,NA,NA,NA,NA
2019-11-16,kug_01,kokota_uvinje_gap,tanzania,chaetodontidae,chaetodon_guttatissimus,#error!,2,12,6,8,NA,NA,NA,NA
2019-11-16,kug_01,kokota_uvinje_gap,tanzania,chaetodontidae,chaetodon_kleinii,#error!,2,9,6,8,NA,NA,NA,NA
2019-11-16,kug_01,kokota_uvinje_gap,tanzania,chaetodontidae,chaetodon_trifasciatus,#error!,2,6,6,8,NA,NA,NA,NA
2019-11-16,kug_01,kokota_uvinje_gap,tanzania,chaetodontidae,chaetodon_auriga,#error!,3,1,6,8,NA,NA,NA,NA
2019-11-16,kug_01,kokota_uvinje_gap,tanzania,chaetodontidae,chaetodon_xanthocephalus,#error!,3,1,6,8,NA,NA,NA,NA
2019-11-16,kug_01,kokota_uvinje_gap,tanzania,chaetodontidae,chaetodon_guttatissimus,#error!,3,2,6,8,NA,NA,NA,NA
2019-11-16,kug_01,kokota_uvinje_gap,tanzania,chaetodontidae,chaetodon_kleinii,#error!,3,4,6,8,NA,NA,NA,NA
2019-11-16,kug_01,kokota_uvinje_gap,tanzania,chaetodontidae,chaetodon_trifasciatus,#error!,3,7,6,8,NA,NA,NA,NA
2019-11-16,kug_01,kokota_uvinje_gap,tanzania,chaetodontidae,forcipiger_longirostris,#error!,3,2,6,8,NA,NA,NA,NA
2019-11-16,kug_01,kokota_uvinje_gap,tanzania,chaetodontidae,forcipiger_longirostris,#error!,3,12,11,13,NA,NA,NA,NA
2019-11-16,kug_02,kokota_uvinje_gap,tanzania,chaetodontidae,chaetodon_madagaskariensis,#error!,4,1,6,8,NA,NA,NA,NA
2019-11-16,kug_02,kokota_uvinje_gap,tanzania,chaetodontidae,chaetodon_kleinii,#error!,4,15,6,8,NA,NA,NA,NA
2019-11-16,kug_02,kokota_uvinje_gap,tanzania,chaetodontidae,chaetodon_madagaskariensis,#error!,5,1,6,8,NA,NA,NA,NA
2019-11-16,kug_02,kokota_uvinje_gap,tanzania,chaetodontidae,chaetodon_guttatissimus,#error!,5,4,6,8,NA,NA,NA,NA
2019-11-16,kug_02,kokota_uvinje_gap,tanzania,chaetodontidae,chaetodon_kleinii,#error!,5,3,6,8,NA,NA,NA,NA
2023-03-27,kui_01,kui,kenya,chaetodontidae,chaetodon_auriga,#error!,1,2,16,18,NA,NA,NA,NA
2023-03-27,kui_01,kui,kenya,chaetodontidae,chaetodon_lunula,#error!,1,1,16,18,NA,NA,NA,NA
2023-03-27,kui_01,kui,kenya,chaetodontidae,chaetodon_auriga,#error!,2,2,16,18,NA,NA,NA,NA
2020-11-25,kur_01,kuruwitu_tengefu,kenya,chaetodontidae,chaetodon_auriga,#error!,1,3,11,13,NA,NA,NA,NA
2020-11-25,kur_01,kuruwitu_tengefu,kenya,chaetodontidae,chaetodon_guttatissimus,#error!,1,5,11,13,NA,NA,NA,NA
2020-11-25,kur_01,kuruwitu_tengefu,kenya,chaetodontidae,chaetodon_kleinii,#error!,1,15,11,13,NA,NA,NA,NA
2020-11-25,kur_01,kuruwitu_tengefu,kenya,chaetodontidae,chaetodon_lunula,#error!,1,15,11,13,NA,NA,NA,NA
2020-11-25,kur_01,kuruwitu_tengefu,kenya,chaetodontidae,chaetodon_melannotus,#error!,1,2,11,13,NA,NA,NA,NA
2020-11-25,kur_01,kuruwitu_tengefu,kenya,chaetodontidae,chaetodon_trifasciatus,#error!,1,8,11,13,NA,NA,NA,NA
2020-11-25,kur_01,kuruwitu_tengefu,kenya,chaetodontidae,chaetodon_auriga,#error!,2,7,11,13,NA,NA,NA,NA
2020-11-25,kur_01,kuruwitu_tengefu,kenya,chaetodontidae,chaetodon_lunula,#error!,2,10,11,13,NA,NA,NA,NA
2020-11-25,kur_01,kuruwitu_tengefu,kenya,chaetodontidae,chaetodon_trifasciatus,#error!,2,7,11,13,NA,NA,NA,NA
2020-11-25,kur_01,kuruwitu_tengefu,kenya,chaetodontidae,chaetodon_vagabundus,#error!,3,1,11,13,NA,NA,NA,NA
2020-11-25,kur_01,kuruwitu_tengefu,kenya,chaetodontidae,chaetodon_trifascialis,#error!,3,4,11,13,NA,NA,NA,NA
2020-11-25,kur_01,kuruwitu_tengefu,kenya,chaetodontidae,chaetodon_trifasciatus,#error!,3,1,11,13,NA,NA,NA,NA
2020-11-25,kur_02,kuruwitu_tengefu,kenya,chaetodontidae,chaetodon_auriga,#error!,4,5,11,13,NA,NA,NA,NA
2020-11-25,kur_02,kuruwitu_tengefu,kenya,chaetodontidae,chaetodon_lunula,#error!,4,4,11,13,NA,NA,NA,NA
2020-11-25,kur_02,kuruwitu_tengefu,kenya,chaetodontidae,chaetodon_lunula,#error!,5,7,11,13,NA,NA,NA,NA
2020-11-25,kur_02,kuruwitu_tengefu,kenya,chaetodontidae,chaetodon_lunula,#error!,5,2,11,13,NA,NA,NA,NA
2021-03-24,lev_01,leven,kenya,chaetodontidae,chaetodon_auriga,#error!,1,2,11,13,NA,NA,NA,NA
2021-03-24,lev_01,leven,kenya,chaetodontidae,chaetodon_guttatissimus,#error!,1,4,11,13,NA,NA,NA,NA
2021-03-24,lev_01,leven,kenya,chaetodontidae,chaetodon_lunula,#error!,1,1,11,13,NA,NA,NA,NA
2021-03-24,lev_01,leven,kenya,chaetodontidae,chaetodon_trifasciatus,#error!,1,1,11,13,NA,NA,NA,NA
2021-03-24,lev_01,leven,kenya,chaetodontidae,chaetodon_kleinii,#error!,2,4,11,13,NA,NA,NA,NA
2021-03-24,lev_01,leven,kenya,chaetodontidae,chaetodon_lunula,#error!,2,1,11,13,NA,NA,NA,NA
2021-03-24,lev_01,leven,kenya,chaetodontidae,chaetodon_trifasciatus,#error!,2,2,11,13,NA,NA,NA,NA
2021-03-24,lev_01,leven,kenya,chaetodontidae,chaetodon_xanthocephalus,#error!,2,2,11,13,NA,NA,NA,NA
2021-03-24,lev_01,leven,kenya,chaetodontidae,chaetodon_guttatissimus,#error!,3,4,11,13,NA,NA,NA,NA
2021-03-24,lev_01,leven,kenya,chaetodontidae,chaetodon_kleinii,#error!,3,6,11,13,NA,NA,NA,NA
2021-03-24,lev_01,leven,kenya,chaetodontidae,chaetodon_lunula,#error!,3,1,11,13,NA,NA,NA,NA
2021-03-24,lev_01,leven,kenya,chaetodontidae,chaetodon_interruptus,#error!,3,2,11,13,NA,NA,NA,NA
2021-03-24,lev_01,leven,kenya,chaetodontidae,chaetodon_trifasciatus,#error!,3,2,11,13,NA,NA,NA,NA
2021-03-24,lev_02,leven,kenya,chaetodontidae,chaetodon_auriga,#error!,4,2,11,13,NA,NA,NA,NA
2021-03-24,lev_02,leven,kenya,chaetodontidae,chaetodon_guttatissimus,#error!,4,2,11,13,NA,NA,NA,NA
2021-03-24,lev_02,leven,kenya,chaetodontidae,chaetodon_kleinii,#error!,4,2,11,13,NA,NA,NA,NA
2021-03-24,lev_02,leven,kenya,chaetodontidae,heniochus_monoceros,#error!,4,4,11,13,NA,NA,NA,NA
2021-03-24,lev_02,leven,kenya,chaetodontidae,chaetodon_kleinii,#error!,5,2,11,13,NA,NA,NA,NA
2022-10-27,lbb_01,lobster_bank,kenya,chaetodontidae,chaetodon_melannotus,#error!,1,1,11,13,NA,NA,NA,NA
2022-10-27,lbb_01,lobster_bank,kenya,chaetodontidae,chaetodon_guttatissimus,#error!,3,2,11,13,NA,NA,NA,NA
2022-10-27,lbb_02,lobster_bank,kenya,chaetodontidae,chaetodon_guttatissimus,#error!,4,1,11,13,NA,NA,NA,NA
2022-10-27,lbb_02,lobster_bank,kenya,chaetodontidae,chaetodon_kleinii,#error!,4,1,11,13,NA,NA,NA,NA
2022-10-27,lbb_02,lobster_bank,kenya,chaetodontidae,heniochus_acuminatus,#error!,4,1,16,18,NA,NA,NA,NA
2022-10-27,lbb_02,lobster_bank,kenya,chaetodontidae,chaetodon_kleinii,#error!,5,1,11,13,NA,NA,NA,NA
2021-04-14,lmp_01,lower_mpunguti,kenya,chaetodontidae,chaetodon_guttatissimus,#error!,1,2,11,13,NA,NA,NA,NA
2021-04-14,lmp_01,lower_mpunguti,kenya,chaetodontidae,chaetodon_kleinii,#error!,1,6,11,13,NA,NA,NA,NA
2021-04-14,lmp_01,lower_mpunguti,kenya,chaetodontidae,chaetodon_trifasciatus,#error!,1,5,11,13,NA,NA,NA,NA
2021-04-14,lmp_01,lower_mpunguti,kenya,chaetodontidae,chaetodon_guttatissimus,#error!,2,2,11,13,NA,NA,NA,NA
2021-04-14,lmp_01,lower_mpunguti,kenya,chaetodontidae,chaetodon_kleinii,#error!,2,2,11,13,NA,NA,NA,NA
2021-04-14,lmp_01,lower_mpunguti,kenya,chaetodontidae,chaetodon_trifasciatus,#error!,2,4,11,13,NA,NA,NA,NA
2021-04-14,lmp_01,lower_mpunguti,kenya,chaetodontidae,forcipiger_longirostris,#error!,2,2,11,13,NA,NA,NA,NA
2021-04-14,lmp_01,lower_mpunguti,kenya,chaetodontidae,chaetodon_guttatissimus,#error!,3,2,11,13,NA,NA,NA,NA
2021-04-14,lmp_01,lower_mpunguti,kenya,chaetodontidae,chaetodon_kleinii,#error!,3,3,11,13,NA,NA,NA,NA
2021-04-14,lmp_01,lower_mpunguti,kenya,chaetodontidae,chaetodon_xanthocephalus,#error!,3,2,11,13,NA,NA,NA,NA
2021-11-19,mgd_01,magandia,kenya,chaetodontidae,chaetodon_kleinii,#error!,1,2,11,13,NA,NA,NA,NA
2021-11-19,mgd_01,magandia,kenya,chaetodontidae,chaetodon_auriga,#error!,2,2,11,13,NA,NA,NA,NA
2021-11-19,mgd_01,magandia,kenya,chaetodontidae,chaetodon_guttatissimus,#error!,2,4,11,13,NA,NA,NA,NA
2021-11-19,mgd_01,magandia,kenya,chaetodontidae,chaetodon_kleinii,#error!,2,2,11,13,NA,NA,NA,NA
2021-11-19,mgd_01,magandia,kenya,chaetodontidae,chaetodon_auriga,#error!,3,4,11,13,NA,NA,NA,NA
2021-11-19,mgd_01,magandia,kenya,chaetodontidae,chaetodon_guttatissimus,#error!,3,2,11,13,NA,NA,NA,NA
2021-11-19,mgd_01,magandia,kenya,chaetodontidae,chaetodon_lunula,#error!,3,1,11,13,NA,NA,NA,NA
2021-11-19,mgd_01,magandia,kenya,chaetodontidae,chaetodon_madagaskariensis,#error!,3,2,11,13,NA,NA,NA,NA
2021-11-19,mgd_02,magandia,kenya,chaetodontidae,chaetodon_guttatissimus,#error!,4,2,11,13,NA,NA,NA,NA
2021-11-19,mgd_02,magandia,kenya,chaetodontidae,chaetodon_lunula,#error!,4,1,11,13,NA,NA,NA,NA
2023-03-26,mgl_01,magulugulu,kenya,chaetodontidae,chaetodon_auriga,#error!,1,2,16,18,NA,NA,NA,NA
2023-03-26,mgl_01,magulugulu,kenya,chaetodontidae,chaetodon_auriga,#error!,2,2,16,18,NA,NA,NA,NA
2021-04-12,mkk_01,makokokwe,kenya,chaetodontidae,chaetodon_auriga,#error!,1,2,11,13,NA,NA,NA,NA
2021-04-12,mkk_01,makokokwe,kenya,chaetodontidae,chaetodon_guttatissimus,#error!,1,2,11,13,NA,NA,NA,NA
2021-04-12,mkk_01,makokokwe,kenya,chaetodontidae,chaetodon_kleinii,#error!,1,4,11,13,NA,NA,NA,NA
2021-04-12,mkk_01,makokokwe,kenya,chaetodontidae,chaetodon_meyeri,#error!,1,1,11,13,NA,NA,NA,NA
2021-04-12,mkk_01,makokokwe,kenya,chaetodontidae,chaetodon_melannotus,#error!,1,2,11,13,NA,NA,NA,NA
2021-04-12,mkk_01,makokokwe,kenya,chaetodontidae,chaetodon_trifasciatus,#error!,1,9,11,13,NA,NA,NA,NA
2021-04-12,mkk_01,makokokwe,kenya,chaetodontidae,forcipiger_longirostris,#error!,1,4,11,13,NA,NA,NA,NA
2021-04-12,mkk_01,makokokwe,kenya,chaetodontidae,chaetodon_guttatissimus,#error!,2,4,11,13,NA,NA,NA,NA
2021-04-12,mkk_01,makokokwe,kenya,chaetodontidae,chaetodon_melannotus,#error!,2,2,11,13,NA,NA,NA,NA
2021-04-12,mkk_01,makokokwe,kenya,chaetodontidae,chaetodon_trifascialis,#error!,2,1,11,13,NA,NA,NA,NA
2021-04-12,mkk_01,makokokwe,kenya,chaetodontidae,chaetodon_trifasciatus,#error!,2,4,11,13,NA,NA,NA,NA
2021-04-12,mkk_01,makokokwe,kenya,chaetodontidae,forcipiger_longirostris,#error!,2,1,11,13,NA,NA,NA,NA
2021-04-12,mkk_01,makokokwe,kenya,chaetodontidae,chaetodon_kleinii,#error!,3,2,11,13,NA,NA,NA,NA
2021-04-12,mkk_01,makokokwe,kenya,chaetodontidae,chaetodon_meyeri,#error!,3,2,11,13,NA,NA,NA,NA
2021-04-12,mkk_01,makokokwe,kenya,chaetodontidae,chaetodon_trifasciatus,#error!,3,4,11,13,NA,NA,NA,NA
2021-04-12,mkk_01,makokokwe,kenya,chaetodontidae,forcipiger_longirostris,#error!,3,2,11,13,NA,NA,NA,NA
2021-04-12,mkk_01,makokokwe,kenya,chaetodontidae,heniochus_diphreutes,#error!,3,4,11,13,NA,NA,NA,NA
2021-04-12,mkk_02,makokokwe,kenya,chaetodontidae,chaetodon_kleinii,#error!,4,2,11,13,NA,NA,NA,NA
2021-04-12,mkk_02,makokokwe,kenya,chaetodontidae,chaetodon_melannotus,#error!,4,1,11,13,NA,NA,NA,NA
2021-04-12,mkk_02,makokokwe,kenya,chaetodontidae,chaetodon_trifasciatus,#error!,4,8,11,13,NA,NA,NA,NA
2021-04-12,mkk_02,makokokwe,kenya,chaetodontidae,chaetodon_falcula,#error!,4,1,11,13,NA,NA,NA,NA
2021-04-12,mkk_02,makokokwe,kenya,chaetodontidae,chaetodon_auriga,#error!,5,1,11,13,NA,NA,NA,NA
2021-04-12,mkk_02,makokokwe,kenya,chaetodontidae,chaetodon_kleinii,#error!,5,2,11,13,NA,NA,NA,NA
2021-04-12,mkk_02,makokokwe,kenya,chaetodontidae,chaetodon_melannotus,#error!,5,1,11,13,NA,NA,NA,NA
2021-04-12,mkk_02,makokokwe,kenya,chaetodontidae,chaetodon_trifasciatus,#error!,5,5,11,13,NA,NA,NA,NA
2021-04-12,mkk_02,makokokwe,kenya,chaetodontidae,chaetodon_falcula,#error!,5,1,11,13,NA,NA,NA,NA
2022-09-13,male_03,male,comoros,chaetodontidae,chaetodon_auriga,#error!,1,2,11,13,NA,NA,NA,NA
2022-09-13,male_03,male,comoros,chaetodontidae,chaetodon_guttatissimus,#error!,1,5,11,13,NA,NA,NA,NA
2022-09-13,male_03,male,comoros,chaetodontidae,chaetodon_kleinii,#error!,1,2,11,13,NA,NA,NA,NA
2022-09-13,male_03,male,comoros,chaetodontidae,chaetodon_madagaskariensis,#error!,1,4,11,13,NA,NA,NA,NA
2022-09-13,male_03,male,comoros,chaetodontidae,chaetodon_auriga,#error!,2,1,11,13,NA,NA,NA,NA
2022-09-13,male_03,male,comoros,chaetodontidae,chaetodon_meyeri,#error!,2,2,11,13,NA,NA,NA,NA
2022-09-13,male_03,male,comoros,chaetodontidae,chaetodon_guttatissimus,#error!,2,6,11,13,NA,NA,NA,NA
2022-09-13,male_03,male,comoros,chaetodontidae,chaetodon_trifasciatus,#error!,2,2,11,13,NA,NA,NA,NA
2022-09-13,male_03,male,comoros,chaetodontidae,forcipiger_longirostris,#error!,2,1,11,13,NA,NA,NA,NA
2022-09-13,male_03,male,comoros,chaetodontidae,chaetodon_madagaskariensis,#error!,2,1,11,13,NA,NA,NA,NA
2022-09-13,male_04,male,comoros,chaetodontidae,chaetodon_meyeri,#error!,3,1,11,13,NA,NA,NA,NA
2022-09-13,male_04,male,comoros,chaetodontidae,chaetodon_guttatissimus,#error!,3,4,11,13,NA,NA,NA,NA
2022-09-13,male_04,male,comoros,chaetodontidae,chaetodon_kleinii,#error!,3,1,11,13,NA,NA,NA,NA
2022-09-13,male_04,male,comoros,chaetodontidae,chaetodon_lunula,#error!,3,1,11,13,NA,NA,NA,NA
2022-09-13,male_04,male,comoros,chaetodontidae,chaetodon_melannotus,#error!,3,1,11,13,NA,NA,NA,NA
2022-09-13,male_04,male,comoros,chaetodontidae,forcipiger_longirostris,#error!,3,1,11,13,NA,NA,NA,NA
2022-09-13,male_04,male,comoros,chaetodontidae,chaetodon_meyeri,#error!,4,3,11,13,NA,NA,NA,NA
2022-09-13,male_04,male,comoros,chaetodontidae,chaetodon_guttatissimus,#error!,4,1,11,13,NA,NA,NA,NA
2022-09-13,male_04,male,comoros,chaetodontidae,forcipiger_longirostris,#error!,4,1,11,13,NA,NA,NA,NA
2022-09-13,male_04,male,comoros,chaetodontidae,chaetodon_falcula,#error!,4,1,11,13,NA,NA,NA,NA
2022-09-13,male_04,male,comoros,chaetodontidae,chaetodon_auriga,#error!,5,2,11,13,NA,NA,NA,NA
2022-09-13,male_04,male,comoros,chaetodontidae,chaetodon_meyeri,#error!,5,4,11,13,NA,NA,NA,NA
2022-09-13,male_04,male,comoros,chaetodontidae,chaetodon_guttatissimus,#error!,5,2,11,13,NA,NA,NA,NA
2022-09-13,male_04,male,comoros,chaetodontidae,chaetodon_kleinii,#error!,5,2,11,13,NA,NA,NA,NA
2022-09-13,male_04,male,comoros,chaetodontidae,chaetodon_lunula,#error!,5,2,11,13,NA,NA,NA,NA
2022-09-13,male_04,male,comoros,chaetodontidae,chaetodon_falcula,#error!,5,1,11,13,NA,NA,NA,NA
2021-03-31,mlcg_02,malindi_coral_garden,kenya,chaetodontidae,chaetodon_kleinii,#error!,1,2,11,13,NA,NA,NA,NA
2021-03-31,mlcg_02,malindi_coral_garden,kenya,chaetodontidae,chaetodon_lineolatus,#error!,2,1,11,13,NA,NA,NA,NA
2021-03-31,mlcg_02,malindi_coral_garden,kenya,chaetodontidae,chaetodon_auriga,#error!,3,4,11,13,NA,NA,NA,NA
2021-03-31,mlcg_02,malindi_coral_garden,kenya,chaetodontidae,chaetodon_lunula,#error!,3,2,11,13,NA,NA,NA,NA
2023-02-21,mat_01,manda_toto,kenya,chaetodontidae,chaetodon_auriga,#error!,1,1,11,13,NA,NA,NA,NA
2023-02-21,mat_01,manda_toto,kenya,chaetodontidae,chaetodon_lunula,#error!,1,2,11,13,NA,NA,NA,NA
2023-02-21,mat_01,manda_toto,kenya,chaetodontidae,chaetodon_trifasciatus,#error!,1,2,11,13,NA,NA,NA,NA
2019-11-12,man_01,mandela,tanzania,chaetodontidae,chaetodon_guttatissimus,#error!,1,10,6,8,NA,NA,NA,NA
2019-11-12,man_01,mandela,tanzania,chaetodontidae,chaetodon_kleinii,#error!,1,12,6,8,NA,NA,NA,NA
2019-11-12,man_01,mandela,tanzania,chaetodontidae,chaetodon_lunula,#error!,1,4,6,8,NA,NA,NA,NA
2019-11-12,man_01,mandela,tanzania,chaetodontidae,chaetodon_meyeri,#error!,1,1,6,8,NA,NA,NA,NA
2019-11-12,man_01,mandela,tanzania,chaetodontidae,chaetodon_trifasciatus,#error!,1,2,6,8,NA,NA,NA,NA
2019-11-12,man_01,mandela,tanzania,chaetodontidae,forcipiger_longirostris,#error!,1,11,6,8,NA,NA,NA,NA
2019-11-12,man_01,mandela,tanzania,chaetodontidae,chaetodon_auriga,#error!,2,1,6,8,NA,NA,NA,NA
2019-11-12,man_01,mandela,tanzania,chaetodontidae,chaetodon_interruptus,#error!,2,1,6,8,NA,NA,NA,NA
2019-11-12,man_01,mandela,tanzania,chaetodontidae,chaetodon_guttatissimus,#error!,2,6,6,8,NA,NA,NA,NA
2019-11-12,man_01,mandela,tanzania,chaetodontidae,chaetodon_kleinii,#error!,2,19,6,8,NA,NA,NA,NA
2019-11-12,man_01,mandela,tanzania,chaetodontidae,chaetodon_lunula,#error!,2,2,6,8,NA,NA,NA,NA
2019-11-12,man_01,mandela,tanzania,chaetodontidae,chaetodon_trifascialis,#error!,2,2,6,8,NA,NA,NA,NA
2019-11-12,man_01,mandela,tanzania,chaetodontidae,chaetodon_trifasciatus,#error!,2,2,6,8,NA,NA,NA,NA
2019-11-12,man_01,mandela,tanzania,chaetodontidae,forcipiger_longirostris,#error!,2,4,6,8,NA,NA,NA,NA
2019-11-12,man_01,mandela,tanzania,chaetodontidae,chaetodon_guttatissimus,#error!,3,7,6,8,NA,NA,NA,NA
2019-11-12,man_01,mandela,tanzania,chaetodontidae,chaetodon_kleinii,#error!,3,15,6,8,NA,NA,NA,NA
2019-11-12,man_01,mandela,tanzania,chaetodontidae,chaetodon_trifascialis,#error!,3,2,6,8,NA,NA,NA,NA
2019-11-12,man_01,mandela,tanzania,chaetodontidae,chaetodon_trifasciatus,#error!,3,3,6,8,NA,NA,NA,NA
2019-11-12,man_01,mandela,tanzania,chaetodontidae,forcipiger_longirostris,#error!,3,3,6,8,NA,NA,NA,NA
2019-11-12,man_02,mandela,tanzania,chaetodontidae,chaetodon_madagaskariensis,#error!,4,4,6,8,NA,NA,NA,NA
2019-11-12,man_02,mandela,tanzania,chaetodontidae,chaetodon_guttatissimus,#error!,4,2,6,8,NA,NA,NA,NA
2019-11-12,man_02,mandela,tanzania,chaetodontidae,chaetodon_kleinii,#error!,4,15,6,8,NA,NA,NA,NA
2019-11-12,man_02,mandela,tanzania,chaetodontidae,chaetodon_falcula,#error!,4,2,6,8,NA,NA,NA,NA
2019-11-12,man_02,mandela,tanzania,chaetodontidae,hemitaurichthys_zoster,#error!,4,5,6,8,NA,NA,NA,NA
2019-11-12,man_02,mandela,tanzania,chaetodontidae,chaetodon_auriga,#error!,5,2,6,8,NA,NA,NA,NA
2019-11-12,man_02,mandela,tanzania,chaetodontidae,chaetodon_madagaskariensis,#error!,5,2,6,8,NA,NA,NA,NA
2019-11-12,man_02,mandela,tanzania,chaetodontidae,chaetodon_guttatissimus,#error!,5,5,6,8,NA,NA,NA,NA
2019-11-12,man_02,mandela,tanzania,chaetodontidae,chaetodon_kleinii,#error!,5,10,6,8,NA,NA,NA,NA
2019-11-12,man_02,mandela,tanzania,chaetodontidae,hemitaurichthys_zoster,#error!,5,10,6,8,NA,NA,NA,NA
2019-11-12,man_02,mandela,tanzania,chaetodontidae,chaetodon_trifasciatus,#error!,5,3,6,8,NA,NA,NA,NA
2022-11-15,mgein_01,mange_inner,tanzania,chaetodontidae,chaetodon_guttatissimus,#error!,3,2,11,13,NA,NA,NA,NA
2022-11-15,mgein_01,mange_inner,tanzania,chaetodontidae,chaetodon_trifasciatus,#error!,3,3,11,13,NA,NA,NA,NA
2022-11-15,mgein_02,mange_inner,tanzania,chaetodontidae,chaetodon_auriga,#error!,4,1,11,13,NA,NA,NA,NA
2022-11-15,mgein_02,mange_inner,tanzania,chaetodontidae,chaetodon_trifascialis,#error!,4,1,11,13,NA,NA,NA,NA
2022-11-15,mgein_02,mange_inner,tanzania,chaetodontidae,chaetodon_trifasciatus,#error!,4,1,11,13,NA,NA,NA,NA
2022-11-15,mgein_02,mange_inner,tanzania,chaetodontidae,chaetodon_trifascialis,#error!,5,2,11,13,NA,NA,NA,NA
2022-11-15,mgein_02,mange_inner,tanzania,chaetodontidae,chaetodon_trifasciatus,#error!,5,1,11,13,NA,NA,NA,NA
2022-11-22,mgeout_01,mange_outer,tanzania,chaetodontidae,chaetodon_kleinii,#error!,1,2,11,13,NA,NA,NA,NA
2022-11-22,mgeout_01,mange_outer,tanzania,chaetodontidae,chaetodon_trifasciatus,#error!,1,3,11,13,NA,NA,NA,NA
2022-11-22,mgeout_01,mange_outer,tanzania,chaetodontidae,chaetodon_guttatissimus,#error!,2,1,11,13,NA,NA,NA,NA
2022-11-22,mgeout_01,mange_outer,tanzania,chaetodontidae,chaetodon_kleinii,#error!,2,4,11,13,NA,NA,NA,NA
2022-11-22,mgeout_01,mange_outer,tanzania,chaetodontidae,chaetodon_kleinii,#error!,3,2,11,13,NA,NA,NA,NA
2022-11-22,mgeout_01,mange_outer,tanzania,chaetodontidae,chaetodon_madagaskariensis,#error!,3,1,11,13,NA,NA,NA,NA
2022-11-22,mgeout_02,mange_outer,tanzania,chaetodontidae,chaetodon_guttatissimus,#error!,4,2,11,13,NA,NA,NA,NA
2022-11-22,mgeout_02,mange_outer,tanzania,chaetodontidae,chaetodon_kleinii,#error!,4,3,11,13,NA,NA,NA,NA
2022-11-22,mgeout_02,mange_outer,tanzania,chaetodontidae,chaetodon_kleinii,#error!,5,1,11,13,NA,NA,NA,NA
2022-11-22,mgeout_02,mange_outer,tanzania,chaetodontidae,chaetodon_trifasciatus,#error!,5,2,11,13,NA,NA,NA,NA
2022-10-19,mps_02,mapasi,kenya,chaetodontidae,chaetodon_melannotus,#error!,4,1,11,13,NA,NA,NA,NA
2022-10-19,mps_02,mapasi,kenya,chaetodontidae,chaetodon_auriga,#error!,5,1,11,13,NA,NA,NA,NA
2022-10-19,mps_02,mapasi,kenya,chaetodontidae,chaetodon_lunula,#error!,5,2,11,13,NA,NA,NA,NA
2022-10-19,mps_02,mapasi,kenya,chaetodontidae,chaetodon_trifasciatus,#error!,5,2,11,13,NA,NA,NA,NA
2022-10-19,mps_01,mapasi,kenya,chaetodontidae,chaetodon_auriga,#error!,1,1,11,13,NA,NA,NA,NA
2022-10-19,mps_01,mapasi,kenya,chaetodontidae,chaetodon_auriga,#error!,3,1,11,13,NA,NA,NA,NA
2022-10-19,mps_01,mapasi,kenya,chaetodontidae,chaetodon_lunula,#error!,3,2,11,13,NA,NA,NA,NA
2022-10-19,mps_01,mapasi,kenya,chaetodontidae,chaetodon_trifasciatus,#error!,3,2,11,13,NA,NA,NA,NA
2022-10-19,mps_01,mapasi,kenya,chaetodontidae,chaetodon_falcula,#error!,3,2,11,13,NA,NA,NA,NA
2020-11-18,mar_01,marereni_tengefu,kenya,chaetodontidae,chaetodon_kleinii,#error!,2,1,11,13,NA,NA,NA,NA
2020-11-18,mar_01,marereni_tengefu,kenya,chaetodontidae,chaetodon_lunula,#error!,2,2,11,13,NA,NA,NA,NA
2020-11-18,mar_01,marereni_tengefu,kenya,chaetodontidae,chaetodon_auriga,#error!,3,1,11,13,NA,NA,NA,NA
2018-10-07,gc_a_p_sc07,mbachile_napabo,comoros,chaetodontidae,chaetodon_madagaskariensis,#error!,1,3,6,8,NA,NA,NA,NA
2018-10-07,gc_a_p_sc07,mbachile_napabo,comoros,chaetodontidae,chaetodon_guttatissimus,#error!,1,3,6,8,NA,NA,NA,NA
2018-10-07,gc_a_p_sc07,mbachile_napabo,comoros,chaetodontidae,chaetodon_kleinii,#error!,1,2,6,8,NA,NA,NA,NA
2018-10-07,gc_a_p_sc07,mbachile_napabo,comoros,chaetodontidae,chaetodon_trifasciatus,#error!,1,1,6,8,NA,NA,NA,NA
2018-10-07,gc_a_p_sc07,mbachile_napabo,comoros,chaetodontidae,forcipiger_longirostris,#error!,1,2,6,8,NA,NA,NA,NA
2018-10-07,gc_a_p_sc07,mbachile_napabo,comoros,chaetodontidae,chaetodon_madagaskariensis,#error!,2,1,6,8,NA,NA,NA,NA
2018-10-07,gc_a_p_sc07,mbachile_napabo,comoros,chaetodontidae,chaetodon_guttatissimus,#error!,2,1,6,8,NA,NA,NA,NA
2018-10-07,gc_a_p_sc07,mbachile_napabo,comoros,chaetodontidae,chaetodon_kleinii,#error!,2,1,6,8,NA,NA,NA,NA
2018-10-07,gc_a_p_sc07,mbachile_napabo,comoros,chaetodontidae,forcipiger_longirostris,#error!,2,3,6,8,NA,NA,NA,NA
2018-10-07,gc_a_p_sc07,mbachile_napabo,comoros,chaetodontidae,chaetodon_guttatissimus,#error!,3,1,6,8,NA,NA,NA,NA
2018-10-08,gc_a_p_sc08,mbachile_napabo,comoros,chaetodontidae,chaetodon_guttatissimus,#error!,4,6,6,8,NA,NA,NA,NA
2018-10-08,gc_a_p_sc08,mbachile_napabo,comoros,chaetodontidae,chaetodon_kleinii,#error!,4,7,6,8,NA,NA,NA,NA
2018-10-08,gc_a_p_sc08,mbachile_napabo,comoros,chaetodontidae,chaetodon_meyeri,#error!,4,2,6,8,NA,NA,NA,NA
2018-10-08,gc_a_p_sc08,mbachile_napabo,comoros,chaetodontidae,chaetodon_madagaskariensis,#error!,4,6,6,8,NA,NA,NA,NA
2018-10-08,gc_a_p_sc08,mbachile_napabo,comoros,chaetodontidae,forcipiger_longirostris,#error!,4,1,6,8,NA,NA,NA,NA
2018-10-08,gc_a_p_sc08,mbachile_napabo,comoros,chaetodontidae,chaetodon_guttatissimus,#error!,5,5,11,13,NA,NA,NA,NA
2018-10-08,gc_a_p_sc08,mbachile_napabo,comoros,chaetodontidae,chaetodon_kleinii,#error!,5,7,6,8,NA,NA,NA,NA
2018-10-08,gc_a_p_sc08,mbachile_napabo,comoros,chaetodontidae,chaetodon_meyeri,#error!,5,2,6,8,NA,NA,NA,NA
2018-10-08,gc_a_p_sc08,mbachile_napabo,comoros,chaetodontidae,chaetodon_madagaskariensis,#error!,5,6,6,8,NA,NA,NA,NA
2018-10-08,gc_a_p_sc08,mbachile_napabo,comoros,chaetodontidae,chaetodon_meyeri,#error!,6,2,6,8,NA,NA,NA,NA
2018-10-08,gc_a_p_sc08,mbachile_napabo,comoros,chaetodontidae,chaetodon_guttatissimus,#error!,6,9,6,8,NA,NA,NA,NA
2018-10-08,gc_a_p_sc08,mbachile_napabo,comoros,chaetodontidae,chaetodon_kleinii,#error!,6,3,6,8,NA,NA,NA,NA
2018-10-08,gc_a_p_sc08,mbachile_napabo,comoros,chaetodontidae,chaetodon_meyeri,#error!,6,2,6,8,NA,NA,NA,NA
2018-10-08,gc_a_p_sc08,mbachile_napabo,comoros,chaetodontidae,forcipiger_longirostris,#error!,6,1,6,8,NA,NA,NA,NA
2018-10-08,gc_a_p_sc08,mbachile_napabo,comoros,chaetodontidae,chaetodon_interruptus,#error!,6,2,6,8,NA,NA,NA,NA
2022-04-02,mbo_01,mboe,kenya,chaetodontidae,chaetodon_trifasciatus,#error!,2,3,11,13,NA,NA,NA,NA
2022-04-02,mbo_01,mboe,kenya,chaetodontidae,chaetodon_kleinii,#error!,3,2,11,13,NA,NA,NA,NA
2022-04-02,mbo_02,mboe,kenya,chaetodontidae,chaetodon_kleinii,#error!,4,4,11,13,NA,NA,NA,NA
2022-04-02,mbo_02,mboe,kenya,chaetodontidae,chaetodon_kleinii,#error!,5,2,11,13,NA,NA,NA,NA
2022-04-02,mbo_02,mboe,kenya,chaetodontidae,chaetodon_trifasciatus,#error!,5,1,11,13,NA,NA,NA,NA
2022-04-05,mek_01,mekka,kenya,chaetodontidae,chaetodon_guttatissimus,#error!,1,1,11,13,NA,NA,NA,NA
2022-04-05,mek_01,mekka,kenya,chaetodontidae,chaetodon_kleinii,#error!,1,6,11,13,NA,NA,NA,NA
2022-04-05,mek_01,mekka,kenya,chaetodontidae,chaetodon_guttatissimus,#error!,3,1,11,13,NA,NA,NA,NA
2022-04-05,mek_01,mekka,kenya,chaetodontidae,chaetodon_kleinii,#error!,3,3,11,13,NA,NA,NA,NA
2022-04-05,mek_02,mekka,kenya,chaetodontidae,chaetodon_guttatissimus,#error!,4,4,11,13,NA,NA,NA,NA
2022-04-05,mek_02,mekka,kenya,chaetodontidae,chaetodon_kleinii,#error!,4,2,11,13,NA,NA,NA,NA
2022-04-05,mek_02,mekka,kenya,chaetodontidae,chaetodon_madagaskariensis,#error!,4,1,11,13,NA,NA,NA,NA
2022-04-05,mek_02,mekka,kenya,chaetodontidae,chaetodon_kleinii,#error!,5,1,11,13,NA,NA,NA,NA
2022-09-10,mimo_01,memboiboini,comoros,chaetodontidae,chaetodon_bennetti,#error!,1,1,11,13,NA,NA,NA,NA
2022-09-10,mimo_01,memboiboini,comoros,chaetodontidae,chaetodon_meyeri,#error!,1,1,11,13,NA,NA,NA,NA
2022-09-10,mimo_01,memboiboini,comoros,chaetodontidae,chaetodon_guttatissimus,#error!,1,3,11,13,NA,NA,NA,NA
2022-09-10,mimo_01,memboiboini,comoros,chaetodontidae,chaetodon_kleinii,#error!,1,1,11,13,NA,NA,NA,NA
2022-09-10,mimo_01,memboiboini,comoros,chaetodontidae,chaetodon_trifasciatus,#error!,1,3,11,13,NA,NA,NA,NA
2022-09-10,mimo_01,memboiboini,comoros,chaetodontidae,chaetodon_madagaskariensis,#error!,1,2,11,13,NA,NA,NA,NA
2022-09-10,mimo_01,memboiboini,comoros,chaetodontidae,chaetodon_xanthocephalus,#error!,1,2,11,13,NA,NA,NA,NA
2022-09-10,mimo_02,memboiboini,comoros,chaetodontidae,chaetodon_auriga,#error!,2,2,11,13,NA,NA,NA,NA
2022-09-10,mimo_02,memboiboini,comoros,chaetodontidae,chaetodon_meyeri,#error!,2,4,11,13,NA,NA,NA,NA
2022-09-10,mimo_02,memboiboini,comoros,chaetodontidae,chaetodon_guttatissimus,#error!,2,7,11,13,NA,NA,NA,NA
2022-09-10,mimo_02,memboiboini,comoros,chaetodontidae,chaetodon_kleinii,#error!,2,4,11,13,NA,NA,NA,NA
2022-09-10,mimo_02,memboiboini,comoros,chaetodontidae,forcipiger_longirostris,#error!,2,3,11,13,NA,NA,NA,NA
2022-09-10,mimo_02,memboiboini,comoros,chaetodontidae,chaetodon_madagaskariensis,#error!,2,1,11,13,NA,NA,NA,NA
2022-09-10,mimo_02,memboiboini,comoros,chaetodontidae,chaetodon_auriga,#error!,3,1,11,13,NA,NA,NA,NA
2022-09-10,mimo_02,memboiboini,comoros,chaetodontidae,chaetodon_guttatissimus,#error!,3,10,11,13,NA,NA,NA,NA
2022-09-10,mimo_02,memboiboini,comoros,chaetodontidae,chaetodon_kleinii,#error!,3,2,11,13,NA,NA,NA,NA
2022-09-10,mimo_02,memboiboini,comoros,chaetodontidae,forcipiger_longirostris,#error!,3,1,11,13,NA,NA,NA,NA
2022-09-10,mimo_02,memboiboini,comoros,chaetodontidae,chaetodon_auriga,#error!,4,2,11,13,NA,NA,NA,NA
2022-09-10,mimo_02,memboiboini,comoros,chaetodontidae,chaetodon_guttatissimus,#error!,4,3,11,13,NA,NA,NA,NA
2022-09-10,mimo_02,memboiboini,comoros,chaetodontidae,chaetodon_lunula,#error!,4,1,11,13,NA,NA,NA,NA
2022-09-10,mimo_02,memboiboini,comoros,chaetodontidae,forcipiger_longirostris,#error!,4,4,11,13,NA,NA,NA,NA
2022-09-10,mimo_02,memboiboini,comoros,chaetodontidae,chaetodon_madagaskariensis,#error!,4,3,11,13,NA,NA,NA,NA
2023-02-14,miki_01,mikes_inner,kenya,chaetodontidae,chaetodon_auriga,#error!,1,24,11,13,NA,NA,NA,NA
2023-02-14,miki_01,mikes_inner,kenya,chaetodontidae,chaetodon_lunula,#error!,2,2,11,13,NA,NA,NA,NA
2023-02-14,miko_01,mikes_outer,kenya,chaetodontidae,chaetodon_lunula,#error!,3,1,11,13,NA,NA,NA,NA
2018-10-11,mw_d_p_sc13,mirereni,comoros,chaetodontidae,chaetodon_auriga,#error!,1,2,6,8,NA,NA,NA,NA
2018-10-11,mw_d_p_sc13,mirereni,comoros,chaetodontidae,chaetodon_guttatissimus,#error!,1,2,6,8,NA,NA,NA,NA
2018-10-11,mw_d_p_sc13,mirereni,comoros,chaetodontidae,chaetodon_kleinii,#error!,1,1,6,8,NA,NA,NA,NA
2018-10-11,mw_d_p_sc13,mirereni,comoros,chaetodontidae,chaetodon_trifasciatus,#error!,1,4,6,8,NA,NA,NA,NA
2018-10-11,mw_d_p_sc13,mirereni,comoros,chaetodontidae,hemitaurichthys_zoster,#error!,1,8,6,8,NA,NA,NA,NA
2018-10-11,mw_d_p_sc13,mirereni,comoros,chaetodontidae,chaetodon_auriga,#error!,2,1,6,8,NA,NA,NA,NA
2018-10-11,mw_d_p_sc13,mirereni,comoros,chaetodontidae,chaetodon_bennetti,#error!,2,2,6,8,NA,NA,NA,NA
2018-10-11,mw_d_p_sc13,mirereni,comoros,chaetodontidae,chaetodon_guttatissimus,#error!,2,2,6,8,NA,NA,NA,NA
2018-10-11,mw_d_p_sc13,mirereni,comoros,chaetodontidae,chaetodon_kleinii,#error!,2,2,6,8,NA,NA,NA,NA
2018-10-11,mw_d_p_sc13,mirereni,comoros,chaetodontidae,chaetodon_falcula,#error!,2,1,6,8,NA,NA,NA,NA
2018-10-11,mw_d_p_sc13,mirereni,comoros,chaetodontidae,chaetodon_trifasciatus,#error!,2,2,6,8,NA,NA,NA,NA
2018-10-11,mw_d_p_sc13,mirereni,comoros,chaetodontidae,heniochus_monoceros,#error!,2,1,26,28,NA,NA,NA,NA
2018-10-11,mw_d_p_sc13,mirereni,comoros,chaetodontidae,chaetodon_xanthocephalus,#error!,2,1,16,18,NA,NA,NA,NA
2018-10-12,mw_d_p_sc14,mirereni,comoros,chaetodontidae,chaetodon_meyeri,#error!,3,2,6,8,NA,NA,NA,NA
2018-10-12,mw_d_p_sc14,mirereni,comoros,chaetodontidae,chaetodon_guttatissimus,#error!,3,1,6,8,NA,NA,NA,NA
2018-10-12,mw_d_p_sc14,mirereni,comoros,chaetodontidae,chaetodon_lunula,#error!,3,2,6,8,NA,NA,NA,NA
2018-10-12,mw_d_p_sc14,mirereni,comoros,chaetodontidae,chaetodon_trifasciatus,#error!,3,3,6,8,NA,NA,NA,NA
2018-10-12,mw_d_p_sc14,mirereni,comoros,chaetodontidae,forcipiger_longirostris,#error!,3,2,6,8,NA,NA,NA,NA
2018-10-12,mw_d_p_sc14,mirereni,comoros,chaetodontidae,chaetodon_auriga,#error!,4,2,6,8,NA,NA,NA,NA
2018-10-12,mw_d_p_sc14,mirereni,comoros,chaetodontidae,chaetodon_meyeri,#error!,4,2,6,8,NA,NA,NA,NA
2018-10-12,mw_d_p_sc14,mirereni,comoros,chaetodontidae,chaetodon_kleinii,#error!,4,1,6,8,NA,NA,NA,NA
2018-10-12,mw_d_p_sc14,mirereni,comoros,chaetodontidae,chaetodon_trifasciatus,#error!,4,4,6,8,NA,NA,NA,NA
2018-10-12,mw_d_p_sc14,mirereni,comoros,chaetodontidae,chaetodon_auriga,#error!,5,2,6,8,NA,NA,NA,NA
2018-10-12,mw_d_p_sc14,mirereni,comoros,chaetodontidae,chaetodon_guttatissimus,#error!,5,1,6,8,NA,NA,NA,NA
2018-10-12,mw_d_p_sc14,mirereni,comoros,chaetodontidae,chaetodon_trifascialis,#error!,5,1,6,8,NA,NA,NA,NA
2018-10-12,mw_d_p_sc14,mirereni,comoros,chaetodontidae,chaetodon_trifasciatus,#error!,5,6,6,8,NA,NA,NA,NA
2018-10-12,mw_d_p_sc14,mirereni,comoros,chaetodontidae,forcipiger_longirostris,#error!,5,2,6,8,NA,NA,NA,NA
2018-10-13,mw_b_p_sc15,miringoni,comoros,chaetodontidae,chaetodon_auriga,#error!,1,1,6,8,NA,NA,NA,NA
2018-10-13,mw_b_p_sc15,miringoni,comoros,chaetodontidae,chaetodon_guttatissimus,#error!,1,1,6,8,NA,NA,NA,NA
2018-10-13,mw_b_p_sc15,miringoni,comoros,chaetodontidae,chaetodon_kleinii,#error!,1,7,6,8,NA,NA,NA,NA
2018-10-13,mw_b_p_sc15,miringoni,comoros,chaetodontidae,chaetodon_trifascialis,#error!,1,1,6,8,NA,NA,NA,NA
2018-10-13,mw_b_p_sc15,miringoni,comoros,chaetodontidae,forcipiger_longirostris,#error!,1,1,6,8,NA,NA,NA,NA
2018-10-13,mw_b_p_sc15,miringoni,comoros,chaetodontidae,chaetodon_auriga,#error!,2,2,6,8,NA,NA,NA,NA
2018-10-13,mw_b_p_sc15,miringoni,comoros,chaetodontidae,chaetodon_meyeri,#error!,2,2,6,8,NA,NA,NA,NA
2018-10-13,mw_b_p_sc15,miringoni,comoros,chaetodontidae,chaetodon_guttatissimus,#error!,2,4,6,8,NA,NA,NA,NA
2018-10-13,mw_b_p_sc15,miringoni,comoros,chaetodontidae,chaetodon_kleinii,#error!,2,6,6,8,NA,NA,NA,NA
2018-10-13,mw_b_p_sc15,miringoni,comoros,chaetodontidae,chaetodon_falcula,#error!,2,4,6,8,NA,NA,NA,NA
2018-10-13,mw_b_p_sc15,miringoni,comoros,chaetodontidae,chaetodon_trifascialis,#error!,2,1,6,8,NA,NA,NA,NA
2018-10-13,mw_b_p_sc15,miringoni,comoros,chaetodontidae,chaetodon_trifasciatus,#error!,2,3,6,8,NA,NA,NA,NA
2018-10-13,mw_b_p_sc15,miringoni,comoros,chaetodontidae,chaetodon_guttatissimus,#error!,3,2,6,8,NA,NA,NA,NA
2018-10-13,mw_b_p_sc15,miringoni,comoros,chaetodontidae,chaetodon_kleinii,#error!,3,5,6,8,NA,NA,NA,NA
2018-10-13,mw_b_p_sc15,miringoni,comoros,chaetodontidae,chaetodon_trifascialis,#error!,3,1,6,8,NA,NA,NA,NA
2018-10-13,mw_b_p_sc15,miringoni,comoros,chaetodontidae,forcipiger_longirostris,#error!,3,4,6,8,NA,NA,NA,NA
2018-10-14,mw_b_p_sc18,miringoni,comoros,chaetodontidae,chaetodon_auriga,#error!,4,2,6,8,NA,NA,NA,NA
2018-10-14,mw_b_p_sc18,miringoni,comoros,chaetodontidae,chaetodon_meyeri,#error!,4,1,6,8,NA,NA,NA,NA
2018-10-14,mw_b_p_sc18,miringoni,comoros,chaetodontidae,chaetodon_kleinii,#error!,4,4,6,8,NA,NA,NA,NA
2018-10-14,mw_b_p_sc18,miringoni,comoros,chaetodontidae,chaetodon_trifasciatus,#error!,4,2,6,8,NA,NA,NA,NA
2018-10-14,mw_b_p_sc18,miringoni,comoros,chaetodontidae,chaetodon_meyeri,#error!,5,4,11,13,NA,NA,NA,NA
2018-10-14,mw_b_p_sc18,miringoni,comoros,chaetodontidae,chaetodon_bennetti,#error!,5,2,6,8,NA,NA,NA,NA
2018-10-14,mw_b_p_sc18,miringoni,comoros,chaetodontidae,chaetodon_guttatissimus,#error!,5,4,6,8,NA,NA,NA,NA
2018-10-14,mw_b_p_sc18,miringoni,comoros,chaetodontidae,chaetodon_kleinii,#error!,5,2,6,8,NA,NA,NA,NA
2018-10-14,mw_b_p_sc18,miringoni,comoros,chaetodontidae,chaetodon_vagabundus,#error!,5,2,6,8,NA,NA,NA,NA
2018-10-14,mw_b_p_sc18,miringoni,comoros,chaetodontidae,chaetodon_trifasciatus,#error!,5,7,6,8,NA,NA,NA,NA
2018-10-14,mw_b_p_sc18,miringoni,comoros,chaetodontidae,forcipiger_longirostris,#error!,5,1,6,8,NA,NA,NA,NA
2018-10-14,mw_b_p_sc18,miringoni,comoros,chaetodontidae,chaetodon_auriga,#error!,5,2,6,8,NA,NA,NA,NA
2018-10-14,mw_b_p_sc18,miringoni,comoros,chaetodontidae,chaetodon_kleinii,#error!,6,3,6,8,NA,NA,NA,NA
2018-10-14,mw_b_p_sc18,miringoni,comoros,chaetodontidae,chaetodon_lunula,#error!,6,3,6,8,NA,NA,NA,NA
2018-10-14,mw_b_p_sc18,miringoni,comoros,chaetodontidae,chaetodon_vagabundus,#error!,6,2,6,8,NA,NA,NA,NA
2018-10-14,mw_b_p_sc18,miringoni,comoros,chaetodontidae,chaetodon_trifasciatus,#error!,6,3,6,8,NA,NA,NA,NA
2018-10-14,mw_b_p_sc18,miringoni,comoros,chaetodontidae,chaetodon_auriga,#error!,6,6,6,8,NA,NA,NA,NA
2019-11-10,mis_01,misali,tanzania,chaetodontidae,chaetodon_trifasciatus,#error!,1,4,6,8,NA,NA,NA,NA
2019-11-10,mis_01,misali,tanzania,chaetodontidae,chaetodon_madagaskariensis,#error!,1,2,6,8,NA,NA,NA,NA
2019-11-10,mis_01,misali,tanzania,chaetodontidae,chaetodon_guttatissimus,#error!,1,2,6,8,NA,NA,NA,NA
2019-11-10,mis_01,misali,tanzania,chaetodontidae,chaetodon_kleinii,#error!,1,10,6,8,NA,NA,NA,NA
2019-11-10,mis_01,misali,tanzania,chaetodontidae,chaetodon_lunula,#error!,1,2,6,8,NA,NA,NA,NA
2019-11-10,mis_01,misali,tanzania,chaetodontidae,forcipiger_longirostris,#error!,1,3,6,8,NA,NA,NA,NA
2019-11-10,mis_01,misali,tanzania,chaetodontidae,chaetodon_trifasciatus,#error!,2,5,6,8,NA,NA,NA,NA
2019-11-10,mis_01,misali,tanzania,chaetodontidae,chaetodon_guttatissimus,#error!,2,5,6,8,NA,NA,NA,NA
2019-11-10,mis_01,misali,tanzania,chaetodontidae,chaetodon_kleinii,#error!,2,4,6,8,NA,NA,NA,NA
2019-11-10,mis_01,misali,tanzania,chaetodontidae,chaetodon_meyeri,#error!,2,1,6,8,NA,NA,NA,NA
2019-11-10,mis_01,misali,tanzania,chaetodontidae,chaetodon_trifascialis,#error!,2,4,6,8,NA,NA,NA,NA
2019-11-10,mis_01,misali,tanzania,chaetodontidae,forcipiger_longirostris,#error!,2,2,6,8,NA,NA,NA,NA
2019-11-10,mis_01,misali,tanzania,chaetodontidae,chaetodon_trifasciatus,#error!,3,9,6,8,NA,NA,NA,NA
2019-11-10,mis_01,misali,tanzania,chaetodontidae,chaetodon_guttatissimus,#error!,3,4,6,8,NA,NA,NA,NA
2019-11-10,mis_01,misali,tanzania,chaetodontidae,chaetodon_trifascialis,#error!,3,3,6,8,NA,NA,NA,NA
2019-11-10,mis_01,misali,tanzania,chaetodontidae,forcipiger_longirostris,#error!,3,1,6,8,NA,NA,NA,NA
2019-11-10,mis_02,misali,tanzania,chaetodontidae,chaetodon_meyeri,#error!,4,1,6,8,NA,NA,NA,NA
2019-11-10,mis_02,misali,tanzania,chaetodontidae,chaetodon_guttatissimus,#error!,4,4,6,8,NA,NA,NA,NA
2019-11-10,mis_02,misali,tanzania,chaetodontidae,chaetodon_kleinii,#error!,4,3,6,8,NA,NA,NA,NA
2019-11-10,mis_02,misali,tanzania,chaetodontidae,chaetodon_xanthocephalus,#error!,4,1,6,8,NA,NA,NA,NA
2019-11-10,mis_02,misali,tanzania,chaetodontidae,forcipiger_longirostris,#error!,4,10,6,8,NA,NA,NA,NA
2019-11-10,mis_02,misali,tanzania,chaetodontidae,chaetodon_trifasciatus,#error!,4,3,6,8,NA,NA,NA,NA
2019-11-10,mis_02,misali,tanzania,chaetodontidae,chaetodon_guttatissimus,#error!,5,3,6,8,NA,NA,NA,NA
2019-11-10,mis_02,misali,tanzania,chaetodontidae,chaetodon_kleinii,#error!,5,3,6,8,NA,NA,NA,NA
2019-11-10,mis_02,misali,tanzania,chaetodontidae,chaetodon_melannotus,#error!,5,1,6,8,NA,NA,NA,NA
2019-11-10,mis_02,misali,tanzania,chaetodontidae,chaetodon_trifascialis,#error!,5,1,6,8,NA,NA,NA,NA
2019-11-10,mis_02,misali,tanzania,chaetodontidae,chaetodon_trifasciatus,#error!,5,5,6,8,NA,NA,NA,NA
2019-11-10,mis_02,misali,tanzania,chaetodontidae,forcipiger_longirostris,#error!,5,2,6,8,NA,NA,NA,NA
2018-10-05,gc_a_p_sc05,mitsamiouli,comoros,chaetodontidae,chaetodon_guttatissimus,#error!,1,5,6,8,NA,NA,NA,NA
2018-10-05,gc_a_p_sc05,mitsamiouli,comoros,chaetodontidae,chaetodon_kleinii,#error!,1,2,6,8,NA,NA,NA,NA
2018-10-05,gc_a_p_sc05,mitsamiouli,comoros,chaetodontidae,chaetodon_madagaskariensis,#error!,1,1,6,8,NA,NA,NA,NA
2018-10-05,gc_a_p_sc05,mitsamiouli,comoros,chaetodontidae,forcipiger_longirostris,#error!,1,3,6,8,NA,NA,NA,NA
2018-10-05,gc_a_p_sc05,mitsamiouli,comoros,chaetodontidae,chaetodon_guttatissimus,#error!,2,3,6,8,NA,NA,NA,NA
2018-10-05,gc_a_p_sc05,mitsamiouli,comoros,chaetodontidae,chaetodon_kleinii,#error!,2,1,6,8,NA,NA,NA,NA
2018-10-05,gc_a_p_sc05,mitsamiouli,comoros,chaetodontidae,chaetodon_madagaskariensis,#error!,2,2,6,8,NA,NA,NA,NA
2018-10-05,gc_a_p_sc05,mitsamiouli,comoros,chaetodontidae,chaetodon_lineolatus,#error!,2,1,11,13,NA,NA,NA,NA
2018-10-05,gc_a_p_sc05,mitsamiouli,comoros,chaetodontidae,forcipiger_longirostris,#error!,2,2,6,8,NA,NA,NA,NA
2018-10-05,gc_a_p_sc05,mitsamiouli,comoros,chaetodontidae,chaetodon_guttatissimus,#error!,3,1,6,8,NA,NA,NA,NA
2018-10-05,gc_a_p_sc05,mitsamiouli,comoros,chaetodontidae,chaetodon_kleinii,#error!,3,2,6,8,NA,NA,NA,NA
2018-10-05,gc_a_p_sc05,mitsamiouli,comoros,chaetodontidae,chaetodon_melannotus,#error!,3,4,6,8,NA,NA,NA,NA
2018-10-05,gc_a_p_sc05,mitsamiouli,comoros,chaetodontidae,forcipiger_longirostris,#error!,3,3,6,8,NA,NA,NA,NA
2018-10-06,gc_a_p_sc06,mitsamiouli,comoros,chaetodontidae,chaetodon_auriga,#error!,4,3,6,8,NA,NA,NA,NA
2018-10-06,gc_a_p_sc06,mitsamiouli,comoros,chaetodontidae,chaetodon_madagaskariensis,#error!,4,2,6,8,NA,NA,NA,NA
2018-10-06,gc_a_p_sc06,mitsamiouli,comoros,chaetodontidae,chaetodon_guttatissimus,#error!,4,1,6,8,NA,NA,NA,NA
2018-10-06,gc_a_p_sc06,mitsamiouli,comoros,chaetodontidae,forcipiger_longirostris,#error!,4,3,6,8,NA,NA,NA,NA
2018-10-06,gc_a_p_sc06,mitsamiouli,comoros,chaetodontidae,hemitaurichthys_zoster,#error!,4,19,6,8,NA,NA,NA,NA
2018-10-06,gc_a_p_sc06,mitsamiouli,comoros,chaetodontidae,chaetodon_meyeri,#error!,5,1,6,8,NA,NA,NA,NA
2018-10-06,gc_a_p_sc06,mitsamiouli,comoros,chaetodontidae,chaetodon_guttatissimus,#error!,5,2,6,8,NA,NA,NA,NA
2018-10-06,gc_a_p_sc06,mitsamiouli,comoros,chaetodontidae,chaetodon_kleinii,#error!,5,2,6,8,NA,NA,NA,NA
2018-10-06,gc_a_p_sc06,mitsamiouli,comoros,chaetodontidae,chaetodon_madagaskariensis,#error!,5,4,6,8,NA,NA,NA,NA
2018-10-06,gc_a_p_sc06,mitsamiouli,comoros,chaetodontidae,forcipiger_longirostris,#error!,5,3,6,8,NA,NA,NA,NA
2018-10-06,gc_a_p_sc06,mitsamiouli,comoros,chaetodontidae,chaetodon_guttatissimus,#error!,6,2,6,8,NA,NA,NA,NA
2018-10-06,gc_a_p_sc06,mitsamiouli,comoros,chaetodontidae,chaetodon_madagaskariensis,#error!,6,2,6,8,NA,NA,NA,NA
2018-10-06,gc_a_p_sc06,mitsamiouli,comoros,chaetodontidae,chaetodon_lunula,#error!,6,2,6,8,NA,NA,NA,NA
2018-10-06,gc_a_p_sc06,mitsamiouli,comoros,chaetodontidae,chaetodon_falcula,#error!,6,1,6,8,NA,NA,NA,NA
2018-10-06,gc_a_p_sc06,mitsamiouli,comoros,chaetodontidae,forcipiger_longirostris,#error!,6,2,6,8,NA,NA,NA,NA
2018-10-06,gc_a_p_sc06,mitsamiouli,comoros,chaetodontidae,hemitaurichthys_zoster,#error!,6,8,6,8,NA,NA,NA,NA
2023-11-01,mitsam2,mitsamiouli,comoros,chaetodontidae,chaetodon_auriga,#error!,1,2,11,13,NA,NA,NA,NA
2023-11-01,mitsam2,mitsamiouli,comoros,chaetodontidae,chaetodon_kleinii,#error!,1,1,11,13,NA,NA,NA,NA
2023-11-01,mitsam2,mitsamiouli,comoros,chaetodontidae,chaetodon_guttatissimus,#error!,1,2,11,13,NA,NA,NA,NA
2023-11-01,mitsam2,mitsamiouli,comoros,chaetodontidae,chaetodon_trifasciatus,#error!,1,2,11,13,NA,NA,NA,NA
2023-11-01,mitsam2,mitsamiouli,comoros,chaetodontidae,chaetodon_madagaskariensis,#error!,1,3,11,13,NA,NA,NA,NA
2023-11-01,mitsam2,mitsamiouli,comoros,chaetodontidae,chaetodon_falcula,#error!,1,3,11,13,NA,NA,NA,NA
2023-11-01,mitsam2,mitsamiouli,comoros,chaetodontidae,chaetodon_auriga,#error!,2,1,11,13,NA,NA,NA,NA
2023-11-01,mitsam2,mitsamiouli,comoros,chaetodontidae,chaetodon_meyeri,#error!,2,1,11,13,NA,NA,NA,NA
2023-11-01,mitsam2,mitsamiouli,comoros,chaetodontidae,chaetodon_guttatissimus,#error!,2,6,11,13,NA,NA,NA,NA
2023-11-01,mitsam2,mitsamiouli,comoros,chaetodontidae,chaetodon_kleinii,#error!,2,4,11,13,NA,NA,NA,NA
2023-11-01,mitsam2,mitsamiouli,comoros,chaetodontidae,chaetodon_trifascialis,#error!,2,1,11,13,NA,NA,NA,NA
2023-11-01,mitsam2,mitsamiouli,comoros,chaetodontidae,forcipiger_longirostris,#error!,2,5,11,13,NA,NA,NA,NA
2023-11-01,mitsam2,mitsamiouli,comoros,chaetodontidae,chaetodon_madagaskariensis,#error!,2,1,11,13,NA,NA,NA,NA
2023-11-01,mitsam2,mitsamiouli,comoros,chaetodontidae,chaetodon_interruptus,#error!,2,1,11,13,NA,NA,NA,NA
2023-11-01,mitsam3,mitsamiouli,comoros,chaetodontidae,chaetodon_guttatissimus,#error!,3,4,11,13,NA,NA,NA,NA
2023-11-01,mitsam3,mitsamiouli,comoros,chaetodontidae,chaetodon_kleinii,#error!,3,3,11,13,NA,NA,NA,NA
2023-11-01,mitsam3,mitsamiouli,comoros,chaetodontidae,forcipiger_longirostris,#error!,3,1,11,13,NA,NA,NA,NA
2023-11-01,mitsam3,mitsamiouli,comoros,chaetodontidae,chaetodon_meyeri,#error!,4,2,11,13,NA,NA,NA,NA
2023-11-01,mitsam3,mitsamiouli,comoros,chaetodontidae,chaetodon_guttatissimus,#error!,4,3,11,13,NA,NA,NA,NA
2023-11-01,mitsam3,mitsamiouli,comoros,chaetodontidae,chaetodon_kleinii,#error!,4,1,11,13,NA,NA,NA,NA
2023-11-01,mitsam3,mitsamiouli,comoros,chaetodontidae,chaetodon_trifascialis,#error!,4,1,11,13,NA,NA,NA,NA
2023-11-01,mitsam3,mitsamiouli,comoros,chaetodontidae,chaetodon_trifasciatus,#error!,4,2,11,13,NA,NA,NA,NA
2023-11-01,mitsam3,mitsamiouli,comoros,chaetodontidae,forcipiger_longirostris,#error!,4,4,11,13,NA,NA,NA,NA
2022-10-18,mjk_01,mji_wa_kale,kenya,chaetodontidae,chaetodon_auriga,#error!,4,2,11,13,NA,NA,NA,NA
2022-10-18,mjk_01,mji_wa_kale,kenya,chaetodontidae,chaetodon_kleinii,#error!,4,1,11,13,NA,NA,NA,NA
2022-10-18,mjk_01,mji_wa_kale,kenya,chaetodontidae,chaetodon_trifasciatus,#error!,4,1,11,13,NA,NA,NA,NA
2022-10-18,mjk_01,mji_wa_kale,kenya,chaetodontidae,chaetodon_trifasciatus,#error!,5,2,11,13,NA,NA,NA,NA
2022-10-18,mjk_02,mji_wa_kale,kenya,chaetodontidae,chaetodon_kleinii,#error!,1,3,11,13,NA,NA,NA,NA
2022-10-18,mjk_02,mji_wa_kale,kenya,chaetodontidae,chaetodon_trifasciatus,#error!,1,4,11,13,NA,NA,NA,NA
2022-10-18,mjk_02,mji_wa_kale,kenya,chaetodontidae,chaetodon_auriga,#error!,2,2,11,13,NA,NA,NA,NA
2022-10-18,mjk_02,mji_wa_kale,kenya,chaetodontidae,chaetodon_kleinii,#error!,2,2,11,13,NA,NA,NA,NA
2022-10-18,mjk_02,mji_wa_kale,kenya,chaetodontidae,chaetodon_trifasciatus,#error!,2,2,11,13,NA,NA,NA,NA
2022-10-18,mjk_02,mji_wa_kale,kenya,chaetodontidae,chaetodon_auriga,#error!,3,2,11,13,NA,NA,NA,NA
2022-10-18,mjk_02,mji_wa_kale,kenya,chaetodontidae,chaetodon_kleinii,#error!,3,1,11,13,NA,NA,NA,NA
2022-10-18,mjk_02,mji_wa_kale,kenya,chaetodontidae,chaetodon_lunula,#error!,3,1,11,13,NA,NA,NA,NA
2023-02-13,mkcg_01,mkokoni_coral_garden,kenya,chaetodontidae,chaetodon_auriga,#error!,1,2,11,13,NA,NA,NA,NA
2023-02-13,mkcg_01,mkokoni_coral_garden,kenya,chaetodontidae,chaetodon_guttatissimus,#error!,1,2,11,13,NA,NA,NA,NA
2023-02-13,mkcg_01,mkokoni_coral_garden,kenya,chaetodontidae,chaetodon_lunula,#error!,2,1,11,13,NA,NA,NA,NA
2022-04-01,mli_01,mliani,kenya,chaetodontidae,chaetodon_auriga,#error!,1,2,11,13,NA,NA,NA,NA
2022-04-01,mli_01,mliani,kenya,chaetodontidae,chaetodon_guttatissimus,#error!,1,1,11,13,NA,NA,NA,NA
2022-04-01,mli_01,mliani,kenya,chaetodontidae,forcipiger_longirostris,#error!,1,1,11,13,NA,NA,NA,NA
2022-04-01,mli_01,mliani,kenya,chaetodontidae,chaetodon_auriga,#error!,2,4,11,13,NA,NA,NA,NA
2022-04-01,mli_01,mliani,kenya,chaetodontidae,chaetodon_trifasciatus,#error!,2,2,11,13,NA,NA,NA,NA
2022-04-01,mli_01,mliani,kenya,chaetodontidae,chaetodon_auriga,#error!,3,2,11,13,NA,NA,NA,NA
2022-04-01,mli_01,mliani,kenya,chaetodontidae,chaetodon_kleinii,#error!,3,1,11,13,NA,NA,NA,NA
2022-04-01,mli_01,mliani,kenya,chaetodontidae,chaetodon_lunula,#error!,3,2,11,13,NA,NA,NA,NA
2022-04-01,mli_01,mliani,kenya,chaetodontidae,chaetodon_trifasciatus,#error!,3,2,11,13,NA,NA,NA,NA
2022-04-01,mli_01,mliani,kenya,chaetodontidae,forcipiger_longirostris,#error!,3,2,11,13,NA,NA,NA,NA
2022-04-01,mli_01,mliani,kenya,chaetodontidae,chaetodon_xanthocephalus,#error!,3,2,11,13,NA,NA,NA,NA
2022-04-01,mli_02,mliani,kenya,chaetodontidae,chaetodon_lunula,#error!,4,1,11,13,NA,NA,NA,NA
2022-04-01,mli_02,mliani,kenya,chaetodontidae,chaetodon_kleinii,#error!,5,1,11,13,NA,NA,NA,NA
2022-04-01,mli_02,mliani,kenya,chaetodontidae,chaetodon_trifasciatus,#error!,5,2,11,13,NA,NA,NA,NA
2022-10-28,mbcg_01,mombasa_coral_garden,kenya,chaetodontidae,chaetodon_guttatissimus,#error!,1,2,11,13,NA,NA,NA,NA
2022-10-28,mbcg_01,mombasa_coral_garden,kenya,chaetodontidae,heniochus_acuminatus,#error!,1,1,16,18,NA,NA,NA,NA
2022-10-28,mbcg_01,mombasa_coral_garden,kenya,chaetodontidae,chaetodon_auriga,#error!,1,1,11,13,NA,NA,NA,NA
2022-10-28,mbcg_01,mombasa_coral_garden,kenya,chaetodontidae,chaetodon_lunula,#error!,2,7,11,13,NA,NA,NA,NA
2022-10-28,mbcg_01,mombasa_coral_garden,kenya,chaetodontidae,heniochus_acuminatus,#error!,2,1,21,23,NA,NA,NA,NA
2022-10-28,mbcg_01,mombasa_coral_garden,kenya,chaetodontidae,chaetodon_lineolatus,#error!,2,1,16,18,NA,NA,NA,NA
2022-10-28,mbcg_01,mombasa_coral_garden,kenya,chaetodontidae,chaetodon_auriga,#error!,3,1,11,13,NA,NA,NA,NA
2021-03-18,mor_01,moray,kenya,chaetodontidae,chaetodon_interruptus,#error!,1,1,11,13,NA,NA,NA,NA
2021-03-18,mor_01,moray,kenya,chaetodontidae,chaetodon_melannotus,#error!,1,7,11,13,NA,NA,NA,NA
2021-03-18,mor_01,moray,kenya,chaetodontidae,chaetodon_madagaskariensis,#error!,1,2,11,13,NA,NA,NA,NA
2021-03-18,mor_01,moray,kenya,chaetodontidae,heniochus_monoceros,#error!,1,2,11,13,NA,NA,NA,NA
2021-03-18,mor_01,moray,kenya,chaetodontidae,forcipiger_longirostris,#error!,2,3,11,13,NA,NA,NA,NA
2021-03-18,mor_01,moray,kenya,chaetodontidae,chaetodon_kleinii,#error!,2,5,11,13,NA,NA,NA,NA
2021-03-18,mor_01,moray,kenya,chaetodontidae,chaetodon_interruptus,#error!,2,2,11,13,NA,NA,NA,NA
2021-03-18,mor_01,moray,kenya,chaetodontidae,hemitaurichthys_zoster,#error!,2,2,11,13,NA,NA,NA,NA
2021-03-18,mor_01,moray,kenya,chaetodontidae,chaetodon_auriga,#error!,3,2,11,13,NA,NA,NA,NA
2021-03-18,mor_01,moray,kenya,chaetodontidae,forcipiger_longirostris,#error!,3,2,11,13,NA,NA,NA,NA
2021-03-18,mor_01,moray,kenya,chaetodontidae,chaetodon_lunula,#error!,3,1,11,13,NA,NA,NA,NA
2021-03-18,mor_01,moray,kenya,chaetodontidae,chaetodon_interruptus,#error!,3,2,11,13,NA,NA,NA,NA
2021-03-18,mor_02,moray,kenya,chaetodontidae,chaetodon_kleinii,#error!,4,5,11,13,NA,NA,NA,NA
2021-03-18,mor_02,moray,kenya,chaetodontidae,chaetodon_trifasciatus,#error!,4,1,11,13,NA,NA,NA,NA
2021-03-18,mor_02,moray,kenya,chaetodontidae,chaetodon_meyeri,#error!,5,1,11,13,NA,NA,NA,NA
2021-03-18,mor_02,moray,kenya,chaetodontidae,chaetodon_kleinii,#error!,5,9,11,13,NA,NA,NA,NA
2021-03-18,mor_02,moray,kenya,chaetodontidae,forcipiger_longirostris,#error!,5,2,11,13,NA,NA,NA,NA
2021-03-18,mor_02,moray,kenya,chaetodontidae,hemitaurichthys_zoster,#error!,5,2,11,13,NA,NA,NA,NA
2020-11-24,mrd_01,mradi_tengefu,kenya,chaetodontidae,chaetodon_auriga,#error!,1,1,11,13,NA,NA,NA,NA
2020-11-24,mrd_01,mradi_tengefu,kenya,chaetodontidae,chaetodon_trifasciatus,#error!,1,2,11,13,NA,NA,NA,NA
2020-11-24,mrd_01,mradi_tengefu,kenya,chaetodontidae,chaetodon_trifasciatus,#error!,2,2,11,13,NA,NA,NA,NA
2020-11-24,mrd_01,mradi_tengefu,kenya,chaetodontidae,chaetodon_kleinii,#error!,2,2,11,13,NA,NA,NA,NA
2020-11-24,mrd_01,mradi_tengefu,kenya,chaetodontidae,chaetodon_auriga,#error!,3,1,11,13,NA,NA,NA,NA
2020-11-24,mrd_01,mradi_tengefu,kenya,chaetodontidae,chaetodon_kleinii,#error!,3,1,11,13,NA,NA,NA,NA
2020-11-24,mrd_01,mradi_tengefu,kenya,chaetodontidae,chaetodon_auriga,#error!,4,1,11,13,NA,NA,NA,NA
2020-11-24,mrd_01,mradi_tengefu,kenya,chaetodontidae,chaetodon_auriga,#error!,5,1,11,13,NA,NA,NA,NA
2020-11-24,mrd_01,mradi_tengefu,kenya,chaetodontidae,forcipiger_longirostris,#error!,5,1,11,13,NA,NA,NA,NA
2023-02-19,mtb_01,mtanga_wa_bandari,kenya,chaetodontidae,chaetodon_auriga,#error!,1,3,11,13,NA,NA,NA,NA
2023-02-19,mtb_01,mtanga_wa_bandari,kenya,chaetodontidae,chaetodon_lunula,#error!,1,1,11,13,NA,NA,NA,NA
2023-02-19,mtb_01,mtanga_wa_bandari,kenya,chaetodontidae,chaetodon_auriga,#error!,2,1,11,13,NA,NA,NA,NA
2023-03-20,mhd_01,muhindi,kenya,chaetodontidae,chaetodon_lunula,#error!,1,1,16,18,NA,NA,NA,NA
2023-03-20,mhd_01,muhindi,kenya,chaetodontidae,chaetodon_lunula,#error!,2,2,16,18,NA,NA,NA,NA
2023-03-20,mhd_01,muhindi,kenya,chaetodontidae,chaetodon_lunula,#error!,3,1,16,18,NA,NA,NA,NA
2021-11-16,mvu_01,mvureni,kenya,chaetodontidae,chaetodon_kleinii,#error!,1,2,11,13,NA,NA,NA,NA
2021-11-16,mvu_01,mvureni,kenya,chaetodontidae,chaetodon_guttatissimus,#error!,2,2,11,13,NA,NA,NA,NA
2022-04-03,mwk_01,mwakinyavu,kenya,chaetodontidae,chaetodon_kleinii,#error!,1,5,11,13,NA,NA,NA,NA
2022-04-03,mwk_01,mwakinyavu,kenya,chaetodontidae,chaetodon_guttatissimus,#error!,2,1,11,13,NA,NA,NA,NA
2022-04-03,mwk_01,mwakinyavu,kenya,chaetodontidae,chaetodon_kleinii,#error!,2,2,11,13,NA,NA,NA,NA
2022-04-03,mwk_01,mwakinyavu,kenya,chaetodontidae,chaetodon_lunula,#error!,2,1,11,13,NA,NA,NA,NA
2022-04-03,mwk_01,mwakinyavu,kenya,chaetodontidae,chaetodon_guttatissimus,#error!,3,1,11,13,NA,NA,NA,NA
2022-04-03,mwk_01,mwakinyavu,kenya,chaetodontidae,chaetodon_trifasciatus,#error!,3,1,11,13,NA,NA,NA,NA
2022-04-03,mwk_01,mwakinyavu,kenya,chaetodontidae,chaetodon_trifascialis,#error!,3,2,11,13,NA,NA,NA,NA
2022-04-03,mwk_02,mwakinyavu,kenya,chaetodontidae,chaetodon_guttatissimus,#error!,4,2,11,13,NA,NA,NA,NA
2022-04-03,mwk_02,mwakinyavu,kenya,chaetodontidae,chaetodon_trifasciatus,#error!,4,1,11,13,NA,NA,NA,NA
2022-04-03,mwk_02,mwakinyavu,kenya,chaetodontidae,chaetodon_falcula,#error!,4,2,11,13,NA,NA,NA,NA
2022-04-03,mwk_02,mwakinyavu,kenya,chaetodontidae,chaetodon_guttatissimus,#error!,5,2,11,13,NA,NA,NA,NA
2022-04-03,mwk_02,mwakinyavu,kenya,chaetodontidae,chaetodon_kleinii,#error!,5,3,11,13,NA,NA,NA,NA
2022-04-03,mwk_02,mwakinyavu,kenya,chaetodontidae,chaetodon_trifasciatus,#error!,5,2,11,13,NA,NA,NA,NA
2023-03-25,mwm_01,mwamba_mkuu,kenya,chaetodontidae,chaetodon_leucopleura,#error!,1,1,11,13,NA,NA,NA,NA
2023-02-12,mwy_01,mwamba_yee,kenya,chaetodontidae,chaetodon_kleinii,#error!,2,3,11,13,NA,NA,NA,NA
2023-02-12,mwy_01,mwamba_yee,kenya,chaetodontidae,chaetodon_lunula,#error!,2,1,11,13,NA,NA,NA,NA
2023-02-12,mwy_01,mwamba_yee,kenya,chaetodontidae,chaetodon_leucopleura,#error!,2,5,11,13,NA,NA,NA,NA
2023-02-12,mwy_01,mwamba_yee,kenya,chaetodontidae,chaetodon_lunula,#error!,3,3,11,13,NA,NA,NA,NA
2023-02-12,mwy_01,mwamba_yee,kenya,chaetodontidae,chaetodon_leucopleura,#error!,3,1,11,13,NA,NA,NA,NA
2023-11-04,ndje_01,ndjelezi,comoros,chaetodontidae,chaetodon_meyeri,#error!,1,4,11,13,NA,NA,NA,NA
2023-11-04,ndje_01,ndjelezi,comoros,chaetodontidae,chaetodon_guttatissimus,#error!,1,1,11,13,NA,NA,NA,NA
2023-11-04,ndje_01,ndjelezi,comoros,chaetodontidae,chaetodon_kleinii,#error!,1,4,11,13,NA,NA,NA,NA
2023-11-04,ndje_01,ndjelezi,comoros,chaetodontidae,chaetodon_trifascialis,#error!,1,1,11,13,NA,NA,NA,NA
2023-11-04,ndje_01,ndjelezi,comoros,chaetodontidae,forcipiger_longirostris,#error!,1,3,11,13,NA,NA,NA,NA
2023-11-04,ndje_01,ndjelezi,comoros,chaetodontidae,chaetodon_madagaskariensis,#error!,1,4,11,13,NA,NA,NA,NA
2023-11-04,ndje_01,ndjelezi,comoros,chaetodontidae,chaetodon_guttatissimus,#error!,2,6,11,13,NA,NA,NA,NA
2023-11-04,ndje_01,ndjelezi,comoros,chaetodontidae,chaetodon_kleinii,#error!,2,14,11,13,NA,NA,NA,NA
2023-11-04,ndje_01,ndjelezi,comoros,chaetodontidae,chaetodon_trifascialis,#error!,2,2,11,13,NA,NA,NA,NA
2023-11-04,ndje_01,ndjelezi,comoros,chaetodontidae,forcipiger_longirostris,#error!,2,3,11,13,NA,NA,NA,NA
2023-11-04,ndje_01,ndjelezi,comoros,chaetodontidae,chaetodon_melannotus,#error!,2,1,11,13,NA,NA,NA,NA
2023-11-04,ndje_01,ndjelezi,comoros,chaetodontidae,chaetodon_madagaskariensis,#error!,2,2,11,13,NA,NA,NA,NA
2023-11-04,ndje_02,ndjelezi,comoros,chaetodontidae,chaetodon_meyeri,#error!,3,2,11,13,NA,NA,NA,NA
2023-11-04,ndje_02,ndjelezi,comoros,chaetodontidae,chaetodon_guttatissimus,#error!,3,2,11,13,NA,NA,NA,NA
2023-11-04,ndje_02,ndjelezi,comoros,chaetodontidae,chaetodon_kleinii,#error!,3,3,11,13,NA,NA,NA,NA
2023-11-04,ndje_02,ndjelezi,comoros,chaetodontidae,chaetodon_trifascialis,#error!,3,4,11,13,NA,NA,NA,NA
2023-11-04,ndje_02,ndjelezi,comoros,chaetodontidae,forcipiger_longirostris,#error!,3,7,11,13,NA,NA,NA,NA
2023-11-04,ndje_02,ndjelezi,comoros,chaetodontidae,chaetodon_meyeri,#error!,4,1,11,13,NA,NA,NA,NA
2023-11-04,ndje_02,ndjelezi,comoros,chaetodontidae,chaetodon_madagaskariensis,#error!,4,2,11,13,NA,NA,NA,NA
2022-09-06,ndro_01,ndroude,comoros,chaetodontidae,chaetodon_guttatissimus,#error!,1,2,11,13,NA,NA,NA,NA
2022-09-06,ndro_01,ndroude,comoros,chaetodontidae,chaetodon_madagaskariensis,#error!,1,2,11,13,NA,NA,NA,NA
2022-09-06,ndro_01,ndroude,comoros,chaetodontidae,forcipiger_longirostris,#error!,1,5,11,13,NA,NA,NA,NA
2022-09-06,ndro_01,ndroude,comoros,chaetodontidae,chaetodon_trifascialis,#error!,2,5,11,13,NA,NA,NA,NA
2022-09-06,ndro_01,ndroude,comoros,chaetodontidae,forcipiger_longirostris,#error!,2,1,11,13,NA,NA,NA,NA
2022-09-06,ndro_02,ndroude,comoros,chaetodontidae,chaetodon_auriga,#error!,3,1,11,13,NA,NA,NA,NA
2022-09-06,ndro_02,ndroude,comoros,chaetodontidae,chaetodon_meyeri,#error!,3,1,11,13,NA,NA,NA,NA
2022-09-06,ndro_02,ndroude,comoros,chaetodontidae,chaetodon_guttatissimus,#error!,3,5,11,13,NA,NA,NA,NA
2022-09-06,ndro_02,ndroude,comoros,chaetodontidae,chaetodon_kleinii,#error!,3,6,11,13,NA,NA,NA,NA
2022-09-06,ndro_02,ndroude,comoros,chaetodontidae,forcipiger_longirostris,#error!,3,3,11,13,NA,NA,NA,NA
2022-09-06,ndro_02,ndroude,comoros,chaetodontidae,chaetodon_madagaskariensis,#error!,3,2,11,13,NA,NA,NA,NA
2022-09-06,ndro_02,ndroude,comoros,chaetodontidae,chaetodon_meyeri,#error!,4,1,11,13,NA,NA,NA,NA
2022-09-06,ndro_02,ndroude,comoros,chaetodontidae,chaetodon_guttatissimus,#error!,4,1,11,13,NA,NA,NA,NA
2022-09-06,ndro_02,ndroude,comoros,chaetodontidae,chaetodon_kleinii,#error!,4,4,11,13,NA,NA,NA,NA
2022-09-06,ndro_02,ndroude,comoros,chaetodontidae,chaetodon_madagaskariensis,#error!,4,1,11,13,NA,NA,NA,NA
2022-09-06,ndro_02,ndroude,comoros,chaetodontidae,chaetodon_meyeri,#error!,5,2,11,13,NA,NA,NA,NA
2022-09-06,ndro_02,ndroude,comoros,chaetodontidae,chaetodon_guttatissimus,#error!,5,3,11,13,NA,NA,NA,NA
2022-09-06,ndro_02,ndroude,comoros,chaetodontidae,chaetodon_kleinii,#error!,5,3,11,13,NA,NA,NA,NA
2022-09-06,ndro_02,ndroude,comoros,chaetodontidae,forcipiger_longirostris,#error!,5,3,11,13,NA,NA,NA,NA
2022-09-06,ndro_02,ndroude,comoros,chaetodontidae,chaetodon_madagaskariensis,#error!,5,1,11,13,NA,NA,NA,NA
2022-09-06,ndro_02,ndroude,comoros,chaetodontidae,hemitaurichthys_zoster,#error!,5,9,11,13,NA,NA,NA,NA
2022-10-17,ngm_01,ngomani,kenya,chaetodontidae,chaetodon_auriga,#error!,1,1,11,13,NA,NA,NA,NA
2022-10-17,ngm_01,ngomani,kenya,chaetodontidae,chaetodon_lineolatus,#error!,1,1,11,13,NA,NA,NA,NA
2022-10-17,ngm_01,ngomani,kenya,chaetodontidae,chaetodon_trifasciatus,#error!,1,3,11,13,NA,NA,NA,NA
2022-10-17,ngm_01,ngomani,kenya,chaetodontidae,chaetodon_trifasciatus,#error!,2,1,11,13,NA,NA,NA,NA
2022-10-17,ngm_01,ngomani,kenya,chaetodontidae,chaetodon_trifasciatus,#error!,3,5,11,13,NA,NA,NA,NA
2022-10-17,ngm_01,ngomani,kenya,chaetodontidae,chaetodon_falcula,#error!,3,1,16,18,NA,NA,NA,NA
2022-10-17,ngm_02,ngomani,kenya,chaetodontidae,chaetodon_bennetti,#error!,4,2,11,13,NA,NA,NA,NA
2022-10-17,ngm_02,ngomani,kenya,chaetodontidae,chaetodon_trifasciatus,#error!,4,7,11,13,NA,NA,NA,NA
2022-10-17,ngm_02,ngomani,kenya,chaetodontidae,chaetodon_falcula,#error!,4,1,16,18,NA,NA,NA,NA
2022-10-17,ngm_02,ngomani,kenya,chaetodontidae,chaetodon_melannotus,#error!,4,1,11,13,NA,NA,NA,NA
2022-10-17,ngm_02,ngomani,kenya,chaetodontidae,chaetodon_xanthocephalus,#error!,4,1,6,8,NA,NA,NA,NA
2022-10-17,ngm_02,ngomani,kenya,chaetodontidae,heniochus_acuminatus,#error!,4,1,16,18,NA,NA,NA,NA
2022-10-17,ngm_02,ngomani,kenya,chaetodontidae,chaetodon_auriga,#error!,5,5,11,13,NA,NA,NA,NA
2022-10-17,ngm_02,ngomani,kenya,chaetodontidae,chaetodon_lineolatus,#error!,5,1,11,13,NA,NA,NA,NA
2022-10-17,ngm_02,ngomani,kenya,chaetodontidae,chaetodon_lunula,#error!,5,3,16,18,NA,NA,NA,NA
2022-10-17,ngm_02,ngomani,kenya,chaetodontidae,chaetodon_melannotus,#error!,5,1,11,13,NA,NA,NA,NA
2022-10-17,ngm_02,ngomani,kenya,chaetodontidae,chaetodon_trifasciatus,#error!,5,2,11,13,NA,NA,NA,NA
2022-10-17,ngm_02,ngomani,kenya,chaetodontidae,chaetodon_falcula,#error!,5,3,11,13,NA,NA,NA,NA
2022-10-17,ngm_02,ngomani,kenya,chaetodontidae,heniochus_acuminatus,#error!,5,3,16,18,NA,NA,NA,NA
2019-11-09,njc_01,njao_coral_garden,tanzania,chaetodontidae,chaetodon_auriga,#error!,1,5,6,8,NA,NA,NA,NA
2019-11-09,njc_01,njao_coral_garden,tanzania,chaetodontidae,chaetodon_guttatissimus,#error!,1,3,6,8,NA,NA,NA,NA
2019-11-09,njc_01,njao_coral_garden,tanzania,chaetodontidae,chaetodon_kleinii,#error!,1,10,6,8,NA,NA,NA,NA
2019-11-09,njc_01,njao_coral_garden,tanzania,chaetodontidae,forcipiger_longirostris,#error!,1,3,6,8,NA,NA,NA,NA
2019-11-09,njc_01,njao_coral_garden,tanzania,chaetodontidae,chaetodon_auriga,#error!,2,2,6,8,NA,NA,NA,NA
2019-11-09,njc_01,njao_coral_garden,tanzania,chaetodontidae,chaetodon_guttatissimus,#error!,2,2,6,8,NA,NA,NA,NA
2019-11-09,njc_01,njao_coral_garden,tanzania,chaetodontidae,chaetodon_kleinii,#error!,2,4,6,8,NA,NA,NA,NA
2019-11-09,njc_01,njao_coral_garden,tanzania,chaetodontidae,chaetodon_melannotus,#error!,2,6,6,8,NA,NA,NA,NA
2019-11-09,njc_01,njao_coral_garden,tanzania,chaetodontidae,chaetodon_trifascialis,#error!,2,2,6,8,NA,NA,NA,NA
2019-11-09,njc_01,njao_coral_garden,tanzania,chaetodontidae,forcipiger_longirostris,#error!,2,1,6,8,NA,NA,NA,NA
2019-11-09,njc_02,njao_coral_garden,tanzania,chaetodontidae,chaetodon_auriga,#error!,3,3,6,8,NA,NA,NA,NA
2019-11-09,njc_02,njao_coral_garden,tanzania,chaetodontidae,chaetodon_guttatissimus,#error!,3,3,6,8,NA,NA,NA,NA
2019-11-09,njc_02,njao_coral_garden,tanzania,chaetodontidae,chaetodon_kleinii,#error!,3,3,6,8,NA,NA,NA,NA
2019-11-09,njc_02,njao_coral_garden,tanzania,chaetodontidae,forcipiger_longirostris,#error!,3,3,6,8,NA,NA,NA,NA
2019-11-09,njc_02,njao_coral_garden,tanzania,chaetodontidae,chaetodon_kleinii,#error!,4,4,6,8,NA,NA,NA,NA
2019-11-09,njc_02,njao_coral_garden,tanzania,chaetodontidae,chaetodon_auriga,#error!,5,2,6,8,NA,NA,NA,NA
2019-11-09,njc_02,njao_coral_garden,tanzania,chaetodontidae,chaetodon_guttatissimus,#error!,5,3,6,8,NA,NA,NA,NA
2019-11-09,njc_02,njao_coral_garden,tanzania,chaetodontidae,chaetodon_kleinii,#error!,5,3,6,8,NA,NA,NA,NA
2019-11-09,njc_02,njao_coral_garden,tanzania,chaetodontidae,chaetodon_trifascialis,#error!,5,1,6,8,NA,NA,NA,NA
2019-11-06,njg_01,njao_gap,tanzania,chaetodontidae,chaetodon_guttatissimus,#error!,1,4,6,8,NA,NA,NA,NA
2019-11-06,njg_01,njao_gap,tanzania,chaetodontidae,chaetodon_kleinii,#error!,1,12,6,8,NA,NA,NA,NA
2019-11-06,njg_01,njao_gap,tanzania,chaetodontidae,chaetodon_guttatissimus,#error!,2,4,6,8,NA,NA,NA,NA
2019-11-06,njg_01,njao_gap,tanzania,chaetodontidae,chaetodon_guttatissimus,#error!,3,1,6,8,NA,NA,NA,NA
2019-11-06,njg_01,njao_gap,tanzania,chaetodontidae,chaetodon_kleinii,#error!,3,6,6,8,NA,NA,NA,NA
2019-11-06,njg_01,njao_gap,tanzania,chaetodontidae,chaetodon_madagaskariensis,#error!,3,1,6,8,NA,NA,NA,NA
2019-11-06,njg_01,njao_gap,tanzania,chaetodontidae,chaetodon_trifascialis,#error!,3,6,6,8,NA,NA,NA,NA
2019-11-06,njg_01,njao_gap,tanzania,chaetodontidae,forcipiger_longirostris,#error!,3,5,6,8,NA,NA,NA,NA
2019-11-06,njg_01,njao_gap,tanzania,chaetodontidae,chaetodon_auriga,#error!,4,13,6,8,NA,NA,NA,NA
2019-11-06,njg_01,njao_gap,tanzania,chaetodontidae,chaetodon_guttatissimus,#error!,4,11,6,8,NA,NA,NA,NA
2019-11-06,njg_01,njao_gap,tanzania,chaetodontidae,chaetodon_kleinii,#error!,4,9,6,8,NA,NA,NA,NA
2019-11-06,njg_01,njao_gap,tanzania,chaetodontidae,forcipiger_longirostris,#error!,4,4,6,8,NA,NA,NA,NA
2021-03-30,nor_01,north_reef,kenya,chaetodontidae,chaetodon_auriga,#error!,1,7,11,13,NA,NA,NA,NA
2021-03-30,nor_01,north_reef,kenya,chaetodontidae,chaetodon_auriga,#error!,2,4,11,13,NA,NA,NA,NA
2021-03-30,nor_01,north_reef,kenya,chaetodontidae,chaetodon_lunula,#error!,2,2,11,13,NA,NA,NA,NA
2021-03-30,nor_01,north_reef,kenya,chaetodontidae,chaetodon_lineolatus,#error!,2,1,11,13,NA,NA,NA,NA
2021-03-30,nor_01,north_reef,kenya,chaetodontidae,chaetodon_melannotus,#error!,3,1,11,13,NA,NA,NA,NA
2021-03-30,nor_02,north_reef,kenya,chaetodontidae,chaetodon_auriga,#error!,4,2,11,13,NA,NA,NA,NA
2021-03-30,nor_02,north_reef,kenya,chaetodontidae,chaetodon_melannotus,#error!,4,3,11,13,NA,NA,NA,NA
2021-03-30,nor_02,north_reef,kenya,chaetodontidae,chaetodon_auriga,#error!,5,2,11,13,NA,NA,NA,NA
2021-03-30,nor_02,north_reef,kenya,chaetodontidae,chaetodon_lunula,#error!,5,2,11,13,NA,NA,NA,NA
2021-03-30,nor_02,north_reef,kenya,chaetodontidae,heniochus_diphreutes,#error!,5,2,11,13,NA,NA,NA,NA
2023-03-23,nycg_01,nyali_coral_garden,kenya,chaetodontidae,chaetodon_vagabundus,#error!,1,1,11,13,NA,NA,NA,NA
2023-03-23,nycg_01,nyali_coral_garden,kenya,chaetodontidae,chaetodon_auriga,#error!,2,2,11,13,NA,NA,NA,NA
2023-03-23,nycg_01,nyali_coral_garden,kenya,chaetodontidae,chaetodon_auriga,#error!,3,2,11,13,NA,NA,NA,NA
2023-03-23,nycg_01,nyali_coral_garden,kenya,chaetodontidae,chaetodon_lunula,#error!,4,2,11,13,NA,NA,NA,NA
2022-11-14,nyn_01,nyamalile_north,tanzania,chaetodontidae,chaetodon_auriga,#error!,1,3,11,13,NA,NA,NA,NA
2022-11-14,nyn_01,nyamalile_north,tanzania,chaetodontidae,chaetodon_kleinii,#error!,1,3,11,13,NA,NA,NA,NA
2022-11-14,nyn_01,nyamalile_north,tanzania,chaetodontidae,chaetodon_lunula,#error!,1,1,11,13,NA,NA,NA,NA
2022-11-14,nyn_01,nyamalile_north,tanzania,chaetodontidae,chaetodon_falcula,#error!,1,1,11,13,NA,NA,NA,NA
2022-11-14,nyn_01,nyamalile_north,tanzania,chaetodontidae,chaetodon_auriga,#error!,2,2,11,13,NA,NA,NA,NA
2022-11-14,nyn_01,nyamalile_north,tanzania,chaetodontidae,chaetodon_kleinii,#error!,2,2,11,13,NA,NA,NA,NA
2022-11-14,nyn_01,nyamalile_north,tanzania,chaetodontidae,chaetodon_trifasciatus,#error!,2,1,11,13,NA,NA,NA,NA
2022-11-14,nyn_01,nyamalile_north,tanzania,chaetodontidae,chaetodon_kleinii,#error!,3,1,11,13,NA,NA,NA,NA
2022-11-14,nyn_01,nyamalile_north,tanzania,chaetodontidae,chaetodon_trifascialis,#error!,4,2,11,13,NA,NA,NA,NA
2022-11-14,nyn_01,nyamalile_north,tanzania,chaetodontidae,chaetodon_trifasciatus,#error!,4,10,11,13,NA,NA,NA,NA
2022-11-14,nys_01,nyamalile_south,tanzania,chaetodontidae,chaetodon_trifascialis,#error!,1,1,11,13,NA,NA,NA,NA
2022-11-14,nys_01,nyamalile_south,tanzania,chaetodontidae,chaetodon_trifasciatus,#error!,1,2,11,13,NA,NA,NA,NA
2022-11-14,nys_01,nyamalile_south,tanzania,chaetodontidae,chaetodon_auriga,#error!,2,1,11,13,NA,NA,NA,NA
2022-11-14,nys_01,nyamalile_south,tanzania,chaetodontidae,chaetodon_kleinii,#error!,2,3,11,13,NA,NA,NA,NA
2022-11-14,nys_01,nyamalile_south,tanzania,chaetodontidae,chaetodon_trifascialis,#error!,2,2,11,13,NA,NA,NA,NA
2022-11-14,nys_01,nyamalile_south,tanzania,chaetodontidae,chaetodon_trifasciatus,#error!,2,4,11,13,NA,NA,NA,NA
2022-11-14,nys_01,nyamalile_south,tanzania,chaetodontidae,chaetodon_trifascialis,#error!,3,2,11,13,NA,NA,NA,NA
2022-11-14,nys_01,nyamalile_south,tanzania,chaetodontidae,chaetodon_trifasciatus,#error!,3,4,11,13,NA,NA,NA,NA
2018-09-27,aj_a_p_sc01,ouani,comoros,chaetodontidae,chaetodon_meyeri,#error!,1,1,6,8,NA,NA,NA,NA
2018-09-27,aj_a_p_sc01,ouani,comoros,chaetodontidae,chaetodon_guttatissimus,#error!,1,4,6,8,NA,NA,NA,NA
2018-09-27,aj_a_p_sc01,ouani,comoros,chaetodontidae,chaetodon_kleinii,#error!,1,7,6,8,NA,NA,NA,NA
2018-09-27,aj_a_p_sc01,ouani,comoros,chaetodontidae,chaetodon_lunula,#error!,1,1,6,8,NA,NA,NA,NA
2018-09-27,aj_a_p_sc01,ouani,comoros,chaetodontidae,forcipiger_longirostris,#error!,1,8,6,8,NA,NA,NA,NA
2018-09-27,aj_a_p_sc01,ouani,comoros,chaetodontidae,hemitaurichthys_zoster,#error!,1,1,6,8,NA,NA,NA,NA
2018-09-28,aj_a_p_sc02,ouani,comoros,chaetodontidae,chaetodon_meyeri,#error!,2,1,6,8,NA,NA,NA,NA
2018-09-28,aj_a_p_sc02,ouani,comoros,chaetodontidae,chaetodon_kleinii,#error!,2,3,6,8,NA,NA,NA,NA
2018-09-28,aj_a_p_sc02,ouani,comoros,chaetodontidae,forcipiger_longirostris,#error!,2,1,6,8,NA,NA,NA,NA
2018-09-28,aj_a_p_sc02,ouani,comoros,chaetodontidae,chaetodon_meyeri,#error!,3,2,6,8,NA,NA,NA,NA
2018-09-28,aj_a_p_sc02,ouani,comoros,chaetodontidae,chaetodon_kleinii,#error!,3,1,6,8,NA,NA,NA,NA
2018-09-28,aj_a_p_sc02,ouani,comoros,chaetodontidae,chaetodon_trifasciatus,#error!,3,1,6,8,NA,NA,NA,NA
2018-09-28,aj_a_p_sc02,ouani,comoros,chaetodontidae,chaetodon_meyeri,#error!,4,2,6,8,NA,NA,NA,NA
2018-09-28,aj_a_p_sc02,ouani,comoros,chaetodontidae,chaetodon_guttatissimus,#error!,4,1,6,8,NA,NA,NA,NA
2018-09-28,aj_a_p_sc02,ouani,comoros,chaetodontidae,forcipiger_longirostris,#error!,4,4,6,8,NA,NA,NA,NA
2020-11-19,pap_01,papa_reef,kenya,chaetodontidae,chaetodon_kleinii,#error!,1,4,11,13,NA,NA,NA,NA
2020-11-19,pap_01,papa_reef,kenya,chaetodontidae,chaetodon_trifasciatus,#error!,1,3,11,13,NA,NA,NA,NA
2020-11-19,pap_01,papa_reef,kenya,chaetodontidae,heniochus_diphreutes,#error!,1,1,11,13,NA,NA,NA,NA
2020-11-19,pap_01,papa_reef,kenya,chaetodontidae,chaetodon_kleinii,#error!,2,2,11,13,NA,NA,NA,NA
2020-11-19,pap_01,papa_reef,kenya,chaetodontidae,chaetodon_leucopleura,#error!,2,1,11,13,NA,NA,NA,NA
2020-11-19,pap_01,papa_reef,kenya,chaetodontidae,chaetodon_trifasciatus,#error!,2,4,11,13,NA,NA,NA,NA
2020-11-19,pap_01,papa_reef,kenya,chaetodontidae,chaetodon_auriga,#error!,3,4,11,13,NA,NA,NA,NA
2020-11-19,pap_01,papa_reef,kenya,chaetodontidae,chaetodon_trifasciatus,#error!,3,4,11,13,NA,NA,NA,NA
2020-11-19,pap_02,papa_reef,kenya,chaetodontidae,chaetodon_auriga,#error!,4,2,11,13,NA,NA,NA,NA
2020-11-19,pap_02,papa_reef,kenya,chaetodontidae,chaetodon_auriga,#error!,5,1,11,13,NA,NA,NA,NA
2019-11-07,par_01,paradise,tanzania,chaetodontidae,chaetodon_kleinii,#error!,1,7,6,8,NA,NA,NA,NA
2019-11-07,par_01,paradise,tanzania,chaetodontidae,forcipiger_longirostris,#error!,1,5,6,8,NA,NA,NA,NA
2019-11-07,par_01,paradise,tanzania,chaetodontidae,chaetodon_dolosus,#error!,2,2,6,8,NA,NA,NA,NA
2019-11-07,par_01,paradise,tanzania,chaetodontidae,chaetodon_kleinii,#error!,2,15,6,8,NA,NA,NA,NA
2019-11-07,par_01,paradise,tanzania,chaetodontidae,chaetodon_guttatissimus,#error!,2,2,6,8,NA,NA,NA,NA
2019-11-07,par_01,paradise,tanzania,chaetodontidae,chaetodon_madagaskariensis,#error!,2,1,6,8,NA,NA,NA,NA
2019-11-07,par_01,paradise,tanzania,chaetodontidae,forcipiger_longirostris,#error!,2,3,6,8,NA,NA,NA,NA
2019-11-07,par_01,paradise,tanzania,chaetodontidae,chaetodon_guttatissimus,#error!,3,2,6,8,NA,NA,NA,NA
2019-11-07,par_01,paradise,tanzania,chaetodontidae,chaetodon_kleinii,#error!,3,1,6,8,NA,NA,NA,NA
2019-11-07,par_01,paradise,tanzania,chaetodontidae,chaetodon_madagaskariensis,#error!,3,1,6,8,NA,NA,NA,NA
2019-11-07,par_01,paradise,tanzania,chaetodontidae,forcipiger_longirostris,#error!,3,2,6,8,NA,NA,NA,NA
2019-11-07,par_01,paradise,tanzania,chaetodontidae,chaetodon_kleinii,#error!,4,9,6,8,NA,NA,NA,NA
2019-11-07,par_01,paradise,tanzania,chaetodontidae,chaetodon_madagaskariensis,#error!,4,1,6,8,NA,NA,NA,NA
2019-11-07,par_01,paradise,tanzania,chaetodontidae,chaetodon_interruptus,#error!,5,1,6,8,NA,NA,NA,NA
2019-11-07,par_01,paradise,tanzania,chaetodontidae,chaetodon_guttatissimus,#error!,5,1,6,8,NA,NA,NA,NA
2019-11-07,par_01,paradise,tanzania,chaetodontidae,chaetodon_kleinii,#error!,5,7,6,8,NA,NA,NA,NA
2019-11-07,par_01,paradise,tanzania,chaetodontidae,forcipiger_longirostris,#error!,5,2,6,8,NA,NA,NA,NA
2023-02-17,pet_01,pethali,kenya,chaetodontidae,chaetodon_lunula,#error!,1,2,11,13,NA,NA,NA,NA
2023-02-17,pet_01,pethali,kenya,chaetodontidae,chaetodon_leucopleura,#error!,1,3,11,13,NA,NA,NA,NA
2023-02-17,pet_01,pethali,kenya,chaetodontidae,forcipiger_longirostris,#error!,2,1,11,13,NA,NA,NA,NA
2023-02-17,pet_01,pethali,kenya,chaetodontidae,chaetodon_auriga,#error!,2,1,11,13,NA,NA,NA,NA
2023-02-17,pet_02,pethali,kenya,chaetodontidae,chaetodon_lunula,#error!,4,1,11,13,NA,NA,NA,NA
2023-02-17,pet_02,pethali,kenya,chaetodontidae,chaetodon_auriga,#error!,5,1,11,13,NA,NA,NA,NA
2023-02-17,pet_02,pethali,kenya,chaetodontidae,chaetodon_auriga,#error!,5,1,11,13,NA,NA,NA,NA
2018-10-15,mw_a_p_sc19,point_ouani,comoros,chaetodontidae,chaetodon_auriga,#error!,1,1,6,8,NA,NA,NA,NA
2018-10-15,mw_a_p_sc19,point_ouani,comoros,chaetodontidae,chaetodon_meyeri,#error!,1,1,6,8,NA,NA,NA,NA
2018-10-15,mw_a_p_sc19,point_ouani,comoros,chaetodontidae,chaetodon_trifascialis,#error!,1,3,6,8,NA,NA,NA,NA
2018-10-15,mw_a_p_sc19,point_ouani,comoros,chaetodontidae,chaetodon_trifasciatus,#error!,1,5,6,8,NA,NA,NA,NA
2018-10-15,mw_a_p_sc19,point_ouani,comoros,chaetodontidae,chaetodon_meyeri,#error!,2,3,6,8,NA,NA,NA,NA
2018-10-15,mw_a_p_sc19,point_ouani,comoros,chaetodontidae,chaetodon_kleinii,#error!,2,1,6,8,NA,NA,NA,NA
2018-10-15,mw_a_p_sc19,point_ouani,comoros,chaetodontidae,chaetodon_trifascialis,#error!,2,3,6,8,NA,NA,NA,NA
2018-10-15,mw_a_p_sc19,point_ouani,comoros,chaetodontidae,chaetodon_trifasciatus,#error!,2,2,6,8,NA,NA,NA,NA
2018-10-15,mw_a_p_sc19,point_ouani,comoros,chaetodontidae,chaetodon_auriga,#error!,3,1,6,8,NA,NA,NA,NA
2018-10-15,mw_a_p_sc19,point_ouani,comoros,chaetodontidae,chaetodon_meyeri,#error!,3,4,6,8,NA,NA,NA,NA
2018-10-15,mw_a_p_sc19,point_ouani,comoros,chaetodontidae,chaetodon_guttatissimus,#error!,3,1,6,8,NA,NA,NA,NA
2018-10-15,mw_a_p_sc19,point_ouani,comoros,chaetodontidae,chaetodon_kleinii,#error!,3,2,6,8,NA,NA,NA,NA
2018-10-15,mw_a_p_sc19,point_ouani,comoros,chaetodontidae,chaetodon_vagabundus,#error!,3,1,6,8,NA,NA,NA,NA
2018-10-15,mw_a_p_sc19,point_ouani,comoros,chaetodontidae,chaetodon_trifascialis,#error!,3,1,6,8,NA,NA,NA,NA
2018-10-15,mw_a_p_sc19,point_ouani,comoros,chaetodontidae,chaetodon_trifasciatus,#error!,3,4,6,8,NA,NA,NA,NA
2018-10-16,mw_a_p_sc20,point_ouani,comoros,chaetodontidae,chaetodon_falcula,#error!,4,2,6,8,NA,NA,NA,NA
2018-10-16,mw_a_p_sc20,point_ouani,comoros,chaetodontidae,chaetodon_kleinii,#error!,4,2,6,8,NA,NA,NA,NA
2018-10-16,mw_a_p_sc20,point_ouani,comoros,chaetodontidae,chaetodon_trifasciatus,#error!,4,5,6,8,NA,NA,NA,NA
2018-10-16,mw_a_p_sc20,point_ouani,comoros,chaetodontidae,chaetodon_auriga,#error!,5,1,6,8,NA,NA,NA,NA
2018-10-16,mw_a_p_sc20,point_ouani,comoros,chaetodontidae,chaetodon_kleinii,#error!,5,3,6,8,NA,NA,NA,NA
2018-10-16,mw_a_p_sc20,point_ouani,comoros,chaetodontidae,chaetodon_trifascialis,#error!,5,2,6,8,NA,NA,NA,NA
2018-10-16,mw_a_p_sc20,point_ouani,comoros,chaetodontidae,chaetodon_trifasciatus,#error!,5,3,6,8,NA,NA,NA,NA
2018-10-16,mw_a_p_sc20,point_ouani,comoros,chaetodontidae,chaetodon_meyeri,#error!,6,1,6,8,NA,NA,NA,NA
2018-10-16,mw_a_p_sc20,point_ouani,comoros,chaetodontidae,chaetodon_trifasciatus,#error!,6,3,6,8,NA,NA,NA,NA
2023-02-10,pop_01,popo,kenya,chaetodontidae,chaetodon_trifasciatus,#error!,1,4,11,13,NA,NA,NA,NA
2023-02-10,pop_01,popo,kenya,chaetodontidae,chaetodon_lunula,#error!,2,2,11,13,NA,NA,NA,NA
2023-02-10,pop_01,popo,kenya,chaetodontidae,chaetodon_trifasciatus,#error!,2,4,11,13,NA,NA,NA,NA
2023-02-10,pop_01,popo,kenya,chaetodontidae,chaetodon_auriga,#error!,3,2,11,13,NA,NA,NA,NA
2023-02-10,pop_01,popo,kenya,chaetodontidae,chaetodon_lunula,#error!,3,4,11,13,NA,NA,NA,NA
2023-02-10,pop_01,popo,kenya,chaetodontidae,chaetodon_zanzibarensis,#error!,3,1,11,13,NA,NA,NA,NA
2023-03-23,riw_01,ras_iwatine,kenya,chaetodontidae,chaetodon_lunula,#error!,1,1,11,13,NA,NA,NA,NA
2023-02-10,sag_01,sagafu,kenya,chaetodontidae,chaetodon_auriga,#error!,4,2,11,13,NA,NA,NA,NA
2023-02-10,sag_01,sagafu,kenya,chaetodontidae,chaetodon_lunula,#error!,4,4,11,13,NA,NA,NA,NA
2023-02-10,sag_01,sagafu,kenya,chaetodontidae,heniochus_acuminatus,#error!,4,1,11,13,NA,NA,NA,NA
2023-02-10,sag_01,sagafu,kenya,chaetodontidae,chaetodon_xanthocephalus,#error!,4,2,11,13,NA,NA,NA,NA
2018-10-10,mw_e_p_sc11,sambia,comoros,chaetodontidae,chaetodon_auriga,#error!,1,4,6,8,NA,NA,NA,NA
2018-10-10,mw_e_p_sc11,sambia,comoros,chaetodontidae,chaetodon_guttatissimus,#error!,1,2,6,8,NA,NA,NA,NA
2018-10-10,mw_e_p_sc11,sambia,comoros,chaetodontidae,chaetodon_kleinii,#error!,1,4,6,8,NA,NA,NA,NA
2018-10-10,mw_e_p_sc11,sambia,comoros,chaetodontidae,chaetodon_trifascialis,#error!,1,1,6,8,NA,NA,NA,NA
2018-10-10,mw_e_p_sc11,sambia,comoros,chaetodontidae,chaetodon_trifasciatus,#error!,1,10,6,8,NA,NA,NA,NA
2018-10-10,mw_e_p_sc11,sambia,comoros,chaetodontidae,chaetodon_kleinii,#error!,2,4,6,8,NA,NA,NA,NA
2018-10-10,mw_e_p_sc11,sambia,comoros,chaetodontidae,chaetodon_trifasciatus,#error!,2,3,6,8,NA,NA,NA,NA
2018-10-10,mw_e_p_sc11,sambia,comoros,chaetodontidae,chaetodon_auriga,#error!,3,7,6,8,NA,NA,NA,NA
2018-10-10,mw_e_p_sc11,sambia,comoros,chaetodontidae,chaetodon_kleinii,#error!,3,6,6,8,NA,NA,NA,NA
2018-10-10,mw_e_p_sc11,sambia,comoros,chaetodontidae,chaetodon_trifascialis,#error!,3,4,6,8,NA,NA,NA,NA
2018-10-11,mw_e_p_sc12,sambia,comoros,chaetodontidae,chaetodon_auriga,#error!,4,10,6,8,NA,NA,NA,NA
2018-10-11,mw_e_p_sc12,sambia,comoros,chaetodontidae,chaetodon_guttatissimus,#error!,4,2,6,8,NA,NA,NA,NA
2018-10-11,mw_e_p_sc12,sambia,comoros,chaetodontidae,chaetodon_kleinii,#error!,4,3,6,8,NA,NA,NA,NA
2018-10-11,mw_e_p_sc12,sambia,comoros,chaetodontidae,chaetodon_trifascialis,#error!,4,1,6,8,NA,NA,NA,NA
2018-10-11,mw_e_p_sc12,sambia,comoros,chaetodontidae,chaetodon_trifasciatus,#error!,4,5,6,8,NA,NA,NA,NA
2018-10-11,mw_e_p_sc12,sambia,comoros,chaetodontidae,chaetodon_xanthocephalus,#error!,4,1,16,18,NA,NA,NA,NA
2018-10-11,mw_e_p_sc12,sambia,comoros,chaetodontidae,chaetodon_auriga,#error!,5,2,6,8,NA,NA,NA,NA
2018-10-11,mw_e_p_sc12,sambia,comoros,chaetodontidae,chaetodon_guttatissimus,#error!,5,1,6,8,NA,NA,NA,NA
2018-10-11,mw_e_p_sc12,sambia,comoros,chaetodontidae,chaetodon_kleinii,#error!,5,2,6,8,NA,NA,NA,NA
2018-10-11,mw_e_p_sc12,sambia,comoros,chaetodontidae,chaetodon_trifascialis,#error!,5,1,6,8,NA,NA,NA,NA
2018-10-11,mw_e_p_sc12,sambia,comoros,chaetodontidae,chaetodon_trifasciatus,#error!,5,2,6,8,NA,NA,NA,NA
2018-10-11,mw_e_p_sc12,sambia,comoros,chaetodontidae,chaetodon_auriga,#error!,6,4,6,8,NA,NA,NA,NA
2018-10-11,mw_e_p_sc12,sambia,comoros,chaetodontidae,chaetodon_kleinii,#error!,6,2,6,8,NA,NA,NA,NA
2018-10-11,mw_e_p_sc12,sambia,comoros,chaetodontidae,chaetodon_trifascialis,#error!,6,3,6,8,NA,NA,NA,NA
2019-11-05,scs_01,scorpions_secret,tanzania,chaetodontidae,chaetodon_kleinii,#error!,1,9,6,8,NA,NA,NA,NA
2019-11-05,scs_01,scorpions_secret,tanzania,chaetodontidae,chaetodon_trifascialis,#error!,1,2,6,8,NA,NA,NA,NA
2019-11-05,scs_01,scorpions_secret,tanzania,chaetodontidae,forcipiger_longirostris,#error!,1,2,6,8,NA,NA,NA,NA
2019-11-05,scs_01,scorpions_secret,tanzania,chaetodontidae,chaetodon_guttatissimus,#error!,2,1,6,8,NA,NA,NA,NA
2019-11-05,scs_01,scorpions_secret,tanzania,chaetodontidae,chaetodon_kleinii,#error!,2,5,6,8,NA,NA,NA,NA
2019-11-05,scs_01,scorpions_secret,tanzania,chaetodontidae,forcipiger_longirostris,#error!,2,4,6,8,NA,NA,NA,NA
2019-11-05,scs_01,scorpions_secret,tanzania,chaetodontidae,chaetodon_auriga,#error!,3,2,6,8,NA,NA,NA,NA
2019-11-05,scs_01,scorpions_secret,tanzania,chaetodontidae,chaetodon_kleinii,#error!,3,10,6,8,NA,NA,NA,NA
2019-11-05,scs_01,scorpions_secret,tanzania,chaetodontidae,chaetodon_trifascialis,#error!,3,1,6,8,NA,NA,NA,NA
2019-11-05,scs_01,scorpions_secret,tanzania,chaetodontidae,forcipiger_longirostris,#error!,3,3,6,8,NA,NA,NA,NA
2019-11-05,scs_02,scorpions_secret,tanzania,chaetodontidae,chaetodon_guttatissimus,#error!,4,1,6,8,NA,NA,NA,NA
2019-11-05,scs_02,scorpions_secret,tanzania,chaetodontidae,chaetodon_kleinii,#error!,4,10,6,8,NA,NA,NA,NA
2019-11-05,scs_02,scorpions_secret,tanzania,chaetodontidae,forcipiger_longirostris,#error!,4,1,6,8,NA,NA,NA,NA
2019-11-05,scs_02,scorpions_secret,tanzania,chaetodontidae,chaetodon_madagaskariensis,#error!,4,1,6,8,NA,NA,NA,NA
2019-11-05,scs_02,scorpions_secret,tanzania,chaetodontidae,chaetodon_auriga,#error!,5,2,6,8,NA,NA,NA,NA
2019-11-05,scs_02,scorpions_secret,tanzania,chaetodontidae,chaetodon_guttatissimus,#error!,5,4,6,8,NA,NA,NA,NA
2019-11-05,scs_02,scorpions_secret,tanzania,chaetodontidae,chaetodon_kleinii,#error!,5,5,6,8,NA,NA,NA,NA
2019-11-05,scs_02,scorpions_secret,tanzania,chaetodontidae,chaetodon_lunula,#error!,5,1,6,8,NA,NA,NA,NA
2019-11-05,scs_02,scorpions_secret,tanzania,chaetodontidae,chaetodon_melannotus,#error!,5,3,6,8,NA,NA,NA,NA
2019-11-05,scs_02,scorpions_secret,tanzania,chaetodontidae,forcipiger_longirostris,#error!,5,2,6,8,NA,NA,NA,NA
2019-11-08,shi_01,shimba,tanzania,chaetodontidae,chaetodon_madagaskariensis,#error!,1,1,6,8,NA,NA,NA,NA
2019-11-08,shi_01,shimba,tanzania,chaetodontidae,chaetodon_guttatissimus,#error!,1,1,6,8,NA,NA,NA,NA
2019-11-08,shi_01,shimba,tanzania,chaetodontidae,chaetodon_kleinii,#error!,1,15,6,8,NA,NA,NA,NA
2019-11-08,shi_01,shimba,tanzania,chaetodontidae,forcipiger_longirostris,#error!,1,1,6,8,NA,NA,NA,NA
2019-11-08,shi_01,shimba,tanzania,chaetodontidae,chaetodon_guttatissimus,#error!,2,1,6,8,NA,NA,NA,NA
2019-11-08,shi_01,shimba,tanzania,chaetodontidae,chaetodon_kleinii,#error!,2,10,6,8,NA,NA,NA,NA
2019-11-08,shi_01,shimba,tanzania,chaetodontidae,forcipiger_longirostris,#error!,2,2,6,8,NA,NA,NA,NA
2019-11-08,shi_01,shimba,tanzania,chaetodontidae,chaetodon_madagaskariensis,#error!,3,2,6,8,NA,NA,NA,NA
2019-11-08,shi_01,shimba,tanzania,chaetodontidae,chaetodon_guttatissimus,#error!,3,2,6,8,NA,NA,NA,NA
2019-11-08,shi_01,shimba,tanzania,chaetodontidae,chaetodon_kleinii,#error!,3,6,6,8,NA,NA,NA,NA
2019-11-08,shi_01,shimba,tanzania,chaetodontidae,chaetodon_lunula,#error!,3,1,6,8,NA,NA,NA,NA
2019-11-08,shi_02,shimba,tanzania,chaetodontidae,chaetodon_auriga,#error!,4,1,6,8,NA,NA,NA,NA
2019-11-08,shi_02,shimba,tanzania,chaetodontidae,chaetodon_guttatissimus,#error!,4,1,6,8,NA,NA,NA,NA
2019-11-08,shi_02,shimba,tanzania,chaetodontidae,chaetodon_kleinii,#error!,4,8,6,8,NA,NA,NA,NA
2019-11-08,shi_02,shimba,tanzania,chaetodontidae,chaetodon_lunula,#error!,4,2,6,8,NA,NA,NA,NA
2019-11-08,shi_02,shimba,tanzania,chaetodontidae,chaetodon_melannotus,#error!,4,2,6,8,NA,NA,NA,NA
2019-11-08,shi_02,shimba,tanzania,chaetodontidae,forcipiger_longirostris,#error!,4,3,6,8,NA,NA,NA,NA
2019-11-08,shi_02,shimba,tanzania,chaetodontidae,chaetodon_madagaskariensis,#error!,5,4,6,8,NA,NA,NA,NA
2019-11-08,shi_02,shimba,tanzania,chaetodontidae,chaetodon_guttatissimus,#error!,5,5,6,8,NA,NA,NA,NA
2019-11-08,shi_02,shimba,tanzania,chaetodontidae,chaetodon_kleinii,#error!,5,8,6,8,NA,NA,NA,NA
2019-11-08,shi_02,shimba,tanzania,chaetodontidae,chaetodon_melannotus,#error!,5,2,6,8,NA,NA,NA,NA
2019-11-08,shi_02,shimba,tanzania,chaetodontidae,forcipiger_longirostris,#error!,5,7,6,8,NA,NA,NA,NA
2023-03-24,str_01,starfish,kenya,chaetodontidae,chaetodon_auriga,#error!,1,2,11,13,NA,NA,NA,NA
2022-11-04,tkg_01,takaungu,kenya,chaetodontidae,chaetodon_kleinii,#error!,1,8,11,13,NA,NA,NA,NA
2022-11-04,tkg_01,takaungu,kenya,chaetodontidae,chaetodon_kleinii,#error!,2,9,11,13,NA,NA,NA,NA
2022-11-04,tkg_01,takaungu,kenya,chaetodontidae,chaetodon_guttatissimus,#error!,2,2,11,13,NA,NA,NA,NA
2022-11-04,tkg_01,takaungu,kenya,chaetodontidae,chaetodon_kleinii,#error!,3,1,11,13,NA,NA,NA,NA
2020-11-20,tur_01,turtle_reef,kenya,chaetodontidae,chaetodon_auriga,#error!,1,2,11,13,NA,NA,NA,NA
2020-11-20,tur_01,turtle_reef,kenya,chaetodontidae,chaetodon_auriga,#error!,2,2,11,13,NA,NA,NA,NA
2020-11-20,tur_01,turtle_reef,kenya,chaetodontidae,heniochus_diphreutes,#error!,2,4,11,13,NA,NA,NA,NA
2020-11-20,tur_02,turtle_reef,kenya,chaetodontidae,chaetodon_lunula,#error!,3,1,11,13,NA,NA,NA,NA
2020-11-20,tur_02,turtle_reef,kenya,chaetodontidae,chaetodon_trifasciatus,#error!,3,1,11,13,NA,NA,NA,NA
2020-11-20,tur_02,turtle_reef,kenya,chaetodontidae,chaetodon_auriga,#error!,4,4,11,13,NA,NA,NA,NA
2020-11-20,tur_02,turtle_reef,kenya,chaetodontidae,chaetodon_leucopleura,#error!,4,1,11,13,NA,NA,NA,NA
2020-11-20,tur_02,turtle_reef,kenya,chaetodontidae,chaetodon_auriga,#error!,5,6,11,13,NA,NA,NA,NA
2020-11-20,tur_02,turtle_reef,kenya,chaetodontidae,chaetodon_kleinii,#error!,5,4,11,13,NA,NA,NA,NA
2020-11-20,tur_02,turtle_reef,kenya,chaetodontidae,chaetodon_trifasciatus,#error!,5,1,11,13,NA,NA,NA,NA
2021-04-15,ump_01,upper_mpunguti,kenya,chaetodontidae,chaetodon_kleinii,#error!,1,2,11,13,NA,NA,NA,NA
2021-04-15,ump_01,upper_mpunguti,kenya,chaetodontidae,chaetodon_lunula,#error!,1,1,11,13,NA,NA,NA,NA
2021-04-15,ump_01,upper_mpunguti,kenya,chaetodontidae,chaetodon_kleinii,#error!,2,4,11,13,NA,NA,NA,NA
2021-04-15,ump_01,upper_mpunguti,kenya,chaetodontidae,chaetodon_lineolatus,#error!,3,2,11,13,NA,NA,NA,NA
2021-04-15,ump_01,upper_mpunguti,kenya,chaetodontidae,chaetodon_kleinii,#error!,3,8,11,13,NA,NA,NA,NA
2021-04-15,ump_01,upper_mpunguti,kenya,chaetodontidae,chaetodon_lunula,#error!,3,4,11,13,NA,NA,NA,NA
2021-04-15,ump_01,upper_mpunguti,kenya,chaetodontidae,chaetodon_bennetti,#error!,3,1,11,13,NA,NA,NA,NA
2021-04-15,ump_01,upper_mpunguti,kenya,chaetodontidae,chaetodon_interruptus,#error!,3,1,11,13,NA,NA,NA,NA
2021-04-15,ump_02,upper_mpunguti,kenya,chaetodontidae,chaetodon_kleinii,#error!,4,19,11,13,NA,NA,NA,NA
2021-04-15,ump_02,upper_mpunguti,kenya,chaetodontidae,chaetodon_trifasciatus,#error!,4,6,11,13,NA,NA,NA,NA
2021-04-15,ump_02,upper_mpunguti,kenya,chaetodontidae,chaetodon_kleinii,#error!,5,8,11,13,NA,NA,NA,NA
2021-04-15,ump_02,upper_mpunguti,kenya,chaetodontidae,chaetodon_trifasciatus,#error!,5,2,11,13,NA,NA,NA,NA
2022-11-13,mil_01,utumbi,tanzania,chaetodontidae,chaetodon_guttatissimus,#error!,3,6,11,13,NA,NA,NA,NA
2022-11-13,mil_01,utumbi,tanzania,chaetodontidae,chaetodon_kleinii,#error!,3,5,11,13,NA,NA,NA,NA
2022-11-13,mil_01,utumbi,tanzania,chaetodontidae,chaetodon_bennetti,#error!,3,1,11,13,NA,NA,NA,NA
2022-11-13,mil_01,utumbi,tanzania,chaetodontidae,chaetodon_trifascialis,#error!,3,1,11,13,NA,NA,NA,NA
2022-11-13,mil_01,utumbi,tanzania,chaetodontidae,chaetodon_trifasciatus,#error!,3,5,11,13,NA,NA,NA,NA
2022-11-13,mil_01,utumbi,tanzania,chaetodontidae,forcipiger_longirostris,#error!,3,1,11,13,NA,NA,NA,NA
2022-11-13,mil_01,utumbi,tanzania,chaetodontidae,chaetodon_zanzibarensis,#error!,3,2,11,13,NA,NA,NA,NA
2022-11-13,mil_01,utumbi,tanzania,chaetodontidae,heniochus_acuminatus,#error!,3,2,11,13,NA,NA,NA,NA
2022-11-13,mil_01,utumbi,tanzania,chaetodontidae,chaetodon_kleinii,#error!,4,2,11,13,NA,NA,NA,NA
2022-11-13,mil_01,utumbi,tanzania,chaetodontidae,chaetodon_trifasciatus,#error!,4,3,11,13,NA,NA,NA,NA
2022-11-13,mil_01,utumbi,tanzania,chaetodontidae,forcipiger_longirostris,#error!,4,2,11,13,NA,NA,NA,NA
2022-11-13,mil_01,utumbi,tanzania,chaetodontidae,heniochus_acuminatus,#error!,4,2,11,13,NA,NA,NA,NA
2022-11-13,utm_01,utumbi,tanzania,chaetodontidae,chaetodon_auriga,#error!,1,1,11,13,NA,NA,NA,NA
2022-11-13,utm_01,utumbi,tanzania,chaetodontidae,chaetodon_meyeri,#error!,1,1,11,13,NA,NA,NA,NA
2022-11-13,utm_01,utumbi,tanzania,chaetodontidae,chaetodon_guttatissimus,#error!,1,2,11,13,NA,NA,NA,NA
2022-11-13,utm_01,utumbi,tanzania,chaetodontidae,chaetodon_kleinii,#error!,1,2,11,13,NA,NA,NA,NA
2022-11-13,utm_01,utumbi,tanzania,chaetodontidae,chaetodon_lunula,#error!,1,2,11,13,NA,NA,NA,NA
2022-11-13,utm_01,utumbi,tanzania,chaetodontidae,chaetodon_trifasciatus,#error!,1,2,11,13,NA,NA,NA,NA
2022-11-13,utm_01,utumbi,tanzania,chaetodontidae,chaetodon_falcula,#error!,1,2,11,13,NA,NA,NA,NA
2022-11-13,utm_01,utumbi,tanzania,chaetodontidae,chaetodon_xanthocephalus,#error!,1,2,11,13,NA,NA,NA,NA
2022-11-13,utm_01,utumbi,tanzania,chaetodontidae,chaetodon_lineolatus,#error!,1,1,11,13,NA,NA,NA,NA
2022-11-13,utm_01,utumbi,tanzania,chaetodontidae,chaetodon_madagaskariensis,#error!,1,1,11,13,NA,NA,NA,NA
2022-11-13,utm_01,utumbi,tanzania,chaetodontidae,heniochus_acuminatus,#error!,1,1,16,18,NA,NA,NA,NA
2022-11-13,utm_01,utumbi,tanzania,chaetodontidae,hemitaurichthys_zoster,#error!,1,5,11,13,NA,NA,NA,NA
2022-11-13,utm_01,utumbi,tanzania,chaetodontidae,chaetodon_auriga,#error!,2,2,11,13,NA,NA,NA,NA
2022-11-13,utm_01,utumbi,tanzania,chaetodontidae,chaetodon_meyeri,#error!,2,2,11,13,NA,NA,NA,NA
2022-11-13,utm_01,utumbi,tanzania,chaetodontidae,chaetodon_trifasciatus,#error!,2,2,11,13,NA,NA,NA,NA
2022-11-13,utm_01,utumbi,tanzania,chaetodontidae,forcipiger_longirostris,#error!,2,3,11,13,NA,NA,NA,NA
2022-11-13,utm_01,utumbi,tanzania,chaetodontidae,hemitaurichthys_zoster,#error!,2,2,11,13,NA,NA,NA,NA
2021-03-17,uyo_01,uyombo,kenya,chaetodontidae,chaetodon_auriga,#error!,1,2,11,13,NA,NA,NA,NA
2021-03-17,uyo_01,uyombo,kenya,chaetodontidae,chaetodon_guttatissimus,#error!,1,1,11,13,NA,NA,NA,NA
2021-03-17,uyo_01,uyombo,kenya,chaetodontidae,chaetodon_kleinii,#error!,1,2,11,13,NA,NA,NA,NA
2021-03-17,uyo_01,uyombo,kenya,chaetodontidae,chaetodon_trifasciatus,#error!,1,2,11,13,NA,NA,NA,NA
2021-03-17,uyo_01,uyombo,kenya,chaetodontidae,chaetodon_guttatissimus,#error!,2,2,11,13,NA,NA,NA,NA
2021-03-17,uyo_01,uyombo,kenya,chaetodontidae,chaetodon_kleinii,#error!,3,2,11,13,NA,NA,NA,NA
2021-03-17,uyo_02,uyombo,kenya,chaetodontidae,chaetodon_auriga,#error!,4,1,11,13,NA,NA,NA,NA
2021-03-17,uyo_02,uyombo,kenya,chaetodontidae,chaetodon_kleinii,#error!,4,8,11,13,NA,NA,NA,NA
2021-03-17,uyo_02,uyombo,kenya,chaetodontidae,forcipiger_longirostris,#error!,4,2,11,13,NA,NA,NA,NA
2021-03-17,uyo_02,uyombo,kenya,chaetodontidae,chaetodon_kleinii,#error!,5,2,11,13,NA,NA,NA,NA
2021-03-17,uyo_02,uyombo,kenya,chaetodontidae,chaetodon_lunula,#error!,5,1,11,13,NA,NA,NA,NA
2021-03-17,uyo_02,uyombo,kenya,chaetodontidae,chaetodon_falcula,#error!,5,2,11,13,NA,NA,NA,NA
2021-02-15,vmn_01,vuma_north,kenya,chaetodontidae,chaetodon_kleinii,#error!,1,4,11,13,NA,NA,NA,NA
2021-02-15,vmn_01,vuma_north,kenya,chaetodontidae,chaetodon_lunula,#error!,1,2,11,13,NA,NA,NA,NA
2021-02-15,vmn_01,vuma_north,kenya,chaetodontidae,heniochus_diphreutes,#error!,1,12,11,13,NA,NA,NA,NA
2021-02-15,vmn_01,vuma_north,kenya,chaetodontidae,chaetodon_kleinii,#error!,2,7,11,13,NA,NA,NA,NA
2021-02-15,vmn_02,vuma_north,kenya,chaetodontidae,chaetodon_kleinii,#error!,5,2,11,13,NA,NA,NA,NA
2021-02-15,vmn_02,vuma_north,kenya,chaetodontidae,chaetodon_lunula,#error!,5,2,11,13,NA,NA,NA,NA
2021-02-16,vms_01,vuma_south,kenya,chaetodontidae,chaetodon_guttatissimus,#error!,1,1,11,13,NA,NA,NA,NA
2021-02-16,vms_01,vuma_south,kenya,chaetodontidae,chaetodon_kleinii,#error!,1,2,11,13,NA,NA,NA,NA
2021-02-16,vms_01,vuma_south,kenya,chaetodontidae,chaetodon_madagaskariensis,#error!,1,2,11,13,NA,NA,NA,NA
2021-02-16,vms_01,vuma_south,kenya,chaetodontidae,chaetodon_kleinii,#error!,2,2,11,13,NA,NA,NA,NA
2021-02-16,vms_01,vuma_south,kenya,chaetodontidae,chaetodon_madagaskariensis,#error!,2,2,11,13,NA,NA,NA,NA
2021-02-16,vms_01,vuma_south,kenya,chaetodontidae,chaetodon_kleinii,#error!,3,2,11,13,NA,NA,NA,NA
2021-02-16,vms_01,vuma_south,kenya,chaetodontidae,chaetodon_madagaskariensis,#error!,3,4,11,13,NA,NA,NA,NA
2021-02-16,vms_02,vuma_south,kenya,chaetodontidae,chaetodon_kleinii,#error!,4,2,11,13,NA,NA,NA,NA
2021-02-16,vms_02,vuma_south,kenya,chaetodontidae,chaetodon_auriga,#error!,5,1,11,13,NA,NA,NA,NA
2021-02-16,vms_02,vuma_south,kenya,chaetodontidae,chaetodon_kleinii,#error!,5,2,11,13,NA,NA,NA,NA
2021-02-16,vms_02,vuma_south,kenya,chaetodontidae,chaetodon_lunula,#error!,5,1,11,13,NA,NA,NA,NA
2020-12-23,was_01,wasini_tengefu,kenya,chaetodontidae,chaetodon_lunula,#error!,1,5,11,13,NA,NA,NA,NA
2020-12-23,was_01,wasini_tengefu,kenya,chaetodontidae,chaetodon_melannotus,#error!,1,1,11,13,NA,NA,NA,NA
2020-12-23,was_01,wasini_tengefu,kenya,chaetodontidae,chaetodon_trifasciatus,#error!,1,1,11,13,NA,NA,NA,NA
2020-12-23,was_01,wasini_tengefu,kenya,chaetodontidae,chaetodon_trifascialis,#error!,1,1,11,13,NA,NA,NA,NA
2020-12-23,was_01,wasini_tengefu,kenya,chaetodontidae,chaetodon_trifasciatus,#error!,2,2,11,13,NA,NA,NA,NA
2020-12-23,was_01,wasini_tengefu,kenya,chaetodontidae,heniochus_diphreutes,#error!,2,2,11,13,NA,NA,NA,NA
2020-12-23,was_01,wasini_tengefu,kenya,chaetodontidae,chaetodon_auriga,#error!,3,1,11,13,NA,NA,NA,NA
2020-12-23,was_01,wasini_tengefu,kenya,chaetodontidae,chaetodon_trifasciatus,#error!,3,1,11,13,NA,NA,NA,NA
2020-12-23,was_02,wasini_tengefu,kenya,chaetodontidae,chaetodon_auriga,#error!,4,1,11,13,NA,NA,NA,NA
2020-12-23,was_02,wasini_tengefu,kenya,chaetodontidae,heniochus_acuminatus,#error!,4,1,11,13,NA,NA,NA,NA
2020-12-23,was_02,wasini_tengefu,kenya,chaetodontidae,chaetodon_auriga,#error!,5,1,11,13,NA,NA,NA,NA
2021-04-01,wcg_01,watamu_coral_garden,kenya,chaetodontidae,chaetodon_auriga,#error!,1,1,11,13,NA,NA,NA,NA
2021-04-01,wcg_01,watamu_coral_garden,kenya,chaetodontidae,chaetodon_auriga,#error!,2,3,11,13,NA,NA,NA,NA
2021-04-01,wcg_01,watamu_coral_garden,kenya,chaetodontidae,chaetodon_trifasciatus,#error!,2,3,11,13,NA,NA,NA,NA
2021-04-01,wcg_01,watamu_coral_garden,kenya,chaetodontidae,chaetodon_auriga,#error!,3,2,11,13,NA,NA,NA,NA
2021-04-01,wcg_01,watamu_coral_garden,kenya,chaetodontidae,chaetodon_trifasciatus,#error!,3,4,11,13,NA,NA,NA,NA
2021-04-01,wcg_01,watamu_coral_garden,kenya,chaetodontidae,heniochus_monoceros,#error!,3,1,11,13,NA,NA,NA,NA
2022-11-03,wmb_01,wembe,kenya,chaetodontidae,chaetodon_kleinii,#error!,2,3,11,13,NA,NA,NA,NA
2022-11-03,wmb_01,wembe,kenya,chaetodontidae,chaetodon_lunula,#error!,2,2,11,13,NA,NA,NA,NA
2022-11-03,wmb_02,wembe,kenya,chaetodontidae,chaetodon_kleinii,#error!,3,3,11,13,NA,NA,NA,NA
2022-11-03,wmb_02,wembe,kenya,chaetodontidae,chaetodon_kleinii,#error!,4,1,11,13,NA,NA,NA,NA
2022-11-03,wmb_02,wembe,kenya,chaetodontidae,chaetodon_auriga,#error!,5,2,11,13,NA,NA,NA,NA
2022-11-03,wmb_02,wembe,kenya,chaetodontidae,chaetodon_kleinii,#error!,5,2,11,13,NA,NA,NA,NA
2022-11-03,wmb_02,wembe,kenya,chaetodontidae,chaetodon_melannotus,#error!,5,3,11,13,NA,NA,NA,NA
2022-11-19,yuy_01,yuyuni,tanzania,chaetodontidae,chaetodon_meyeri,#error!,1,1,11,13,NA,NA,NA,NA
2022-11-19,yuy_01,yuyuni,tanzania,chaetodontidae,chaetodon_guttatissimus,#error!,1,2,11,13,NA,NA,NA,NA
2022-11-19,yuy_01,yuyuni,tanzania,chaetodontidae,chaetodon_kleinii,#error!,1,2,11,13,NA,NA,NA,NA
2022-11-19,yuy_01,yuyuni,tanzania,chaetodontidae,chaetodon_melannotus,#error!,1,1,11,13,NA,NA,NA,NA
2022-11-19,yuy_01,yuyuni,tanzania,chaetodontidae,chaetodon_trifascialis,#error!,1,2,11,13,NA,NA,NA,NA
2022-11-19,yuy_01,yuyuni,tanzania,chaetodontidae,chaetodon_kleinii,#error!,2,6,11,13,NA,NA,NA,NA
2022-11-19,yuy_01,yuyuni,tanzania,chaetodontidae,chaetodon_madagaskariensis,#error!,2,1,11,13,NA,NA,NA,NA
2022-11-19,yuy_01,yuyuni,tanzania,chaetodontidae,chaetodon_auriga,#error!,3,1,11,13,NA,NA,NA,NA
2022-11-19,yuy_01,yuyuni,tanzania,chaetodontidae,chaetodon_meyeri,#error!,3,2,11,13,NA,NA,NA,NA
2022-11-19,yuy_01,yuyuni,tanzania,chaetodontidae,chaetodon_guttatissimus,#error!,3,2,11,13,NA,NA,NA,NA
2022-11-19,yuy_01,yuyuni,tanzania,chaetodontidae,chaetodon_kleinii,#error!,3,3,11,13,NA,NA,NA,NA
2022-11-19,yuy_01,yuyuni,tanzania,chaetodontidae,chaetodon_xanthocephalus,#error!,3,4,11,13,NA,NA,NA,NA
2022-11-19,yuy_01,yuyuni,tanzania,chaetodontidae,chaetodon_trifasciatus,#error!,3,3,11,13,NA,NA,NA,NA
2022-11-19,yuy_01,yuyuni,tanzania,chaetodontidae,chaetodon_lunula,#error!,3,2,11,13,NA,NA,NA,NA
2022-11-19,yuy_02,yuyuni,tanzania,chaetodontidae,chaetodon_guttatissimus,#error!,4,3,11,13,NA,NA,NA,NA
2022-11-19,yuy_02,yuyuni,tanzania,chaetodontidae,chaetodon_kleinii,#error!,4,1,11,13,NA,NA,NA,NA
2022-11-19,yuy_02,yuyuni,tanzania,chaetodontidae,chaetodon_xanthocephalus,#error!,4,2,11,11,NA,NA,NA,NA
2022-11-19,yuy_02,yuyuni,tanzania,chaetodontidae,forcipiger_longirostris,#error!,4,2,11,13,NA,NA,NA,NA
2022-11-19,yuy_02,yuyuni,tanzania,chaetodontidae,heniochus_acuminatus,#error!,4,2,11,13,NA,NA,NA,NA
2022-11-19,yuy_02,yuyuni,tanzania,chaetodontidae,hemitaurichthys_zoster,#error!,4,1,11,13,NA,NA,NA,NA
2021-11-23,and_02,andromache,kenya,epinephelidae,epinephelus_fasciatus,#error!,4,2,11,13,NA,NA,NA,NA
2022-04-04,aru_01,arusha,kenya,epinephelidae,cephalopholis_nigripinnis,#error!,2,1,16,18,NA,NA,NA,NA
2022-04-04,aru_01,arusha,kenya,epinephelidae,cephalopholis_nigripinnis,#error!,3,2,16,18,NA,NA,NA,NA
2022-09-08,bang_01,bangoi,comoros,epinephelidae,cephalopholis_nigripinnis,#error!,1,4,11,13,NA,NA,NA,NA
2022-09-08,bang_01,bangoi,comoros,epinephelidae,cephalopholis_nigripinnis,#error!,1,7,16,18,NA,NA,NA,NA
2022-09-08,bang_01,bangoi,comoros,epinephelidae,cephalopholis_nigripinnis,#error!,2,5,11,13,NA,NA,NA,NA
2022-09-08,bang_01,bangoi,comoros,epinephelidae,cephalopholis_nigripinnis,#error!,2,3,16,18,NA,NA,NA,NA
2022-09-08,bang_02,bangoi,comoros,epinephelidae,cephalopholis_argus,#error!,3,1,26,28,NA,NA,NA,NA
2022-09-08,bang_02,bangoi,comoros,epinephelidae,cephalopholis_argus,#error!,3,2,21,23,NA,NA,NA,NA
2022-09-08,bang_02,bangoi,comoros,epinephelidae,cephalopholis_nigripinnis,#error!,3,7,16,18,NA,NA,NA,NA
2022-09-08,bang_02,bangoi,comoros,epinephelidae,cephalopholis_nigripinnis,#error!,3,5,11,13,NA,NA,NA,NA
2022-09-08,bang_02,bangoi,comoros,epinephelidae,cephalopholis_argus,#error!,4,1,16,18,NA,NA,NA,NA
2022-09-08,bang_02,bangoi,comoros,epinephelidae,cephalopholis_argus,#error!,4,1,21,23,NA,NA,NA,NA
2022-09-08,bang_02,bangoi,comoros,epinephelidae,cephalopholis_nigripinnis,#error!,4,3,16,18,NA,NA,NA,NA
2022-09-08,bang_02,bangoi,comoros,epinephelidae,epinephelus_fasciatus,#error!,5,1,26,28,NA,NA,NA,NA
2018-09-30,aj_b_p_sc03,bimbini,comoros,epinephelidae,cephalopholis_nigripinnis,#error!,2,1,21,23,NA,NA,NA,NA
2018-09-30,aj_b_p_sc03,bimbini,comoros,epinephelidae,cephalopholis_argus,#error!,2,1,26,28,NA,NA,NA,NA
2018-09-30,aj_b_p_sc03,bimbini,comoros,epinephelidae,variola_louti,#error!,2,1,31,33,NA,NA,NA,NA
2018-10-01,aj_b_p_sc04,bimbini,comoros,epinephelidae,cephalopholis_argus,#error!,4,1,31,33,NA,NA,NA,NA
2018-10-01,aj_b_p_sc04,bimbini,comoros,epinephelidae,cephalopholis_argus,#error!,5,1,26,28,NA,NA,NA,NA
2018-10-01,aj_b_p_sc04,bimbini,comoros,epinephelidae,epinephelus_spilotoceps,#error!,5,1,31,33,NA,NA,NA,NA
2018-10-01,aj_b_p_sc04,bimbini,comoros,epinephelidae,cephalopholis_nigripinnis,#error!,5,2,16,18,NA,NA,NA,NA
2018-10-01,aj_b_p_sc04,bimbini,comoros,epinephelidae,cephalopholis_argus,#error!,6,1,26,28,NA,NA,NA,NA
2018-10-01,aj_b_p_sc04,bimbini,comoros,epinephelidae,cephalopholis_nigripinnis,#error!,6,2,16,18,NA,NA,NA,NA
2018-10-01,aj_b_p_sc04,bimbini,comoros,epinephelidae,cephalopholis_nigripinnis,#error!,6,1,21,23,NA,NA,NA,NA
2022-10-26,brc_01,brain_coral,kenya,epinephelidae,aethaloperca_rogaa,#error!,1,1,31,33,NA,NA,NA,NA
2022-10-26,brc_01,brain_coral,kenya,epinephelidae,aethaloperca_rogaa,#error!,1,1,26,28,NA,NA,NA,NA
2022-10-26,brc_01,brain_coral,kenya,epinephelidae,cephalopholis_argus,#error!,1,1,21,23,NA,NA,NA,NA
2022-10-26,brc_01,brain_coral,kenya,epinephelidae,cephalopholis_nigripinnis,#error!,3,2,16,18,NA,NA,NA,NA
2022-10-26,brc_01,brain_coral,kenya,epinephelidae,variola_louti,#error!,3,1,41,43,NA,NA,NA,NA
2022-10-26,brc_02,brain_coral,kenya,epinephelidae,cephalopholis_argus,#error!,4,1,36,38,NA,NA,NA,NA
2022-10-26,brc_02,brain_coral,kenya,epinephelidae,cephalopholis_nigripinnis,#error!,4,1,21,23,NA,NA,NA,NA
2022-10-26,brc_02,brain_coral,kenya,epinephelidae,cephalopholis_nigripinnis,#error!,4,1,16,18,NA,NA,NA,NA
2022-10-26,brc_02,brain_coral,kenya,epinephelidae,cephalopholis_argus,#error!,5,1,26,28,NA,NA,NA,NA
2022-10-26,brc_02,brain_coral,kenya,epinephelidae,cephalopholis_nigripinnis,#error!,5,1,16,18,NA,NA,NA,NA
2021-11-17,cha_01,chale,kenya,epinephelidae,variola_louti,#error!,1,2,31,33,NA,NA,NA,NA
2021-11-17,cha_01,chale,kenya,epinephelidae,epinephelus_spilotoceps,#error!,2,1,26,28,NA,NA,NA,NA
2021-11-17,cha_01,chale,kenya,epinephelidae,variola_louti,#error!,2,1,21,23,NA,NA,NA,NA
2021-11-17,cha_01,chale,kenya,epinephelidae,variola_louti,#error!,2,1,36,38,NA,NA,NA,NA
2021-11-17,cha_01,chale,kenya,epinephelidae,epinephelus_spilotoceps,#error!,3,1,21,23,NA,NA,NA,NA
2021-11-17,cha_01,chale,kenya,epinephelidae,epinephelus_spilotoceps,#error!,3,1,26,28,NA,NA,NA,NA
2021-11-17,cha_02,chale,kenya,epinephelidae,cephalopholis_boenack,#error!,5,1,26,28,NA,NA,NA,NA
2022-09-17,chin_02,chindini,comoros,epinephelidae,aethaloperca_rogaa,#error!,3,1,36,38,NA,NA,NA,NA
2022-09-17,chin_02,chindini,comoros,epinephelidae,cephalopholis_nigripinnis,#error!,3,1,16,18,NA,NA,NA,NA
2022-09-17,chin_02,chindini,comoros,epinephelidae,cephalopholis_nigripinnis,#error!,4,6,16,18,NA,NA,NA,NA
2022-09-12,chin_03,chindini,comoros,epinephelidae,cephalopholis_argus,#error!,1,1,21,23,NA,NA,NA,NA
2022-09-12,chin_03,chindini,comoros,epinephelidae,cephalopholis_nigripinnis,#error!,1,6,11,13,NA,NA,NA,NA
2022-09-12,chin_03,chindini,comoros,epinephelidae,cephalopholis_nigripinnis,#error!,1,2,16,18,NA,NA,NA,NA
2022-09-12,chin_03,chindini,comoros,epinephelidae,cephalopholis_nigripinnis,#error!,2,2,16,18,NA,NA,NA,NA
2022-09-12,chin_03,chindini,comoros,epinephelidae,epinephelus_merra,#error!,2,2,21,23,NA,NA,NA,NA
2023-02-11,chp_01,chipopo,kenya,epinephelidae,plectropomus_punctatus,#error!,1,1,41,43,NA,NA,NA,NA
2023-02-11,chp_01,chipopo,kenya,epinephelidae,epinephelus_malabaricus,#error!,1,1,31,33,NA,NA,NA,NA
2023-02-11,chp_01,chipopo,kenya,epinephelidae,aethaloperca_rogaa,#error!,3,1,21,23,NA,NA,NA,NA
2023-02-11,chp_01,chipopo,kenya,epinephelidae,epinephelus_caeruleopunctatus,#error!,3,7,31,33,NA,NA,NA,NA
2023-02-11,chp_01,chipopo,kenya,epinephelidae,epinephelus_caeruleopunctatus,#error!,3,1,21,23,NA,NA,NA,NA
2023-02-11,chp_01,chipopo,kenya,epinephelidae,epinephelus_caeruleopunctatus,#error!,3,2,26,28,NA,NA,NA,NA
2023-02-11,chp_01,chipopo,kenya,epinephelidae,epinephelus_caeruleopunctatus,#error!,3,1,21,23,NA,NA,NA,NA
2023-02-11,chp_01,chipopo,kenya,epinephelidae,epinephelus_caeruleopunctatus,#error!,3,1,31,33,NA,NA,NA,NA
2023-03-20,cho_01,chole,kenya,epinephelidae,epinephelus_malabaricus,#error!,1,1,26,28,NA,NA,NA,NA
2023-03-24,ccb_01,chongo_cha_boso,kenya,epinephelidae,cephalopholis_nigripinnis,#error!,1,8,16,18,NA,NA,NA,NA
2023-03-24,ccb_01,chongo_cha_boso,kenya,epinephelidae,cephalopholis_argus,#error!,1,2,21,23,NA,NA,NA,NA
2023-03-24,ccb_01,chongo_cha_boso,kenya,epinephelidae,epinephelus_spp.,#error!,1,2,16,18,NA,NA,NA,NA
2023-03-24,ccb_01,chongo_cha_boso,kenya,epinephelidae,plectropomus_punctatus,#error!,2,1,41,43,NA,NA,NA,NA
2023-03-24,ccb_01,chongo_cha_boso,kenya,epinephelidae,cephalopholis_nigripinnis,#error!,2,1,16,18,NA,NA,NA,NA
2023-03-22,ccc_01,chongo_cha_chano,kenya,epinephelidae,cephalopholis_argus,#error!,1,1,21,23,NA,NA,NA,NA
2023-03-22,ccc_01,chongo_cha_chano,kenya,epinephelidae,cephalopholis_sonnerati,#error!,1,2,26,28,NA,NA,NA,NA
2023-03-22,ccc_01,chongo_cha_chano,kenya,epinephelidae,cephalopholis_sonnerati,#error!,2,3,26,28,NA,NA,NA,NA
2023-03-21,ccs_01,chongo_cha_sharifu,kenya,epinephelidae,cephalopholis_nigripinnis,#error!,1,1,16,18,NA,NA,NA,NA
2023-03-21,ccs_01,chongo_cha_sharifu,kenya,epinephelidae,variola_louti,#error!,1,2,36,38,NA,NA,NA,NA
2023-03-21,ccs_01,chongo_cha_sharifu,kenya,epinephelidae,variola_louti,#error!,1,1,21,23,NA,NA,NA,NA
2023-03-21,ccs_01,chongo_cha_sharifu,kenya,epinephelidae,cephalopholis_sonnerati,#error!,1,1,26,28,NA,NA,NA,NA
2023-03-21,ccs_01,chongo_cha_sharifu,kenya,epinephelidae,cephalopholis_argus,#error!,1,1,31,33,NA,NA,NA,NA
2023-03-21,ccs_01,chongo_cha_sharifu,kenya,epinephelidae,cephalopholis_argus,#error!,2,2,21,23,NA,NA,NA,NA
2023-03-21,ccs_01,chongo_cha_sharifu,kenya,epinephelidae,cephalopholis_nigripinnis,#error!,2,3,16,18,NA,NA,NA,NA
2023-03-26,dzi_01,dhiwa_za_ishakani,kenya,epinephelidae,epinephelus_merra,#error!,2,1,16,18,NA,NA,NA,NA
2021-11-22,dnr_01,diani_reef,kenya,epinephelidae,cephalopholis_boenack,#error!,1,1,16,18,NA,NA,NA,NA
2021-11-22,dnr_01,diani_reef,kenya,epinephelidae,aethaloperca_rogaa,#error!,2,1,26,28,NA,NA,NA,NA
2021-11-22,dnr_01,diani_reef,kenya,epinephelidae,cephalopholis_nigripinnis,#error!,2,1,11,13,NA,NA,NA,NA
2021-11-22,dnr_02,diani_reef,kenya,epinephelidae,variola_louti,#error!,4,1,16,18,NA,NA,NA,NA
2022-11-18,din_01,dindini,tanzania,epinephelidae,aethaloperca_rogaa,#error!,1,1,36,38,NA,NA,NA,NA
2022-11-18,din_01,dindini,tanzania,epinephelidae,cephalopholis_argus,#error!,1,1,16,18,NA,NA,NA,NA
2022-11-18,din_01,dindini,tanzania,epinephelidae,plectropomus_laevis,#error!,1,1,56,58,NA,NA,NA,NA
2022-11-18,din_01,dindini,tanzania,epinephelidae,plectropomus_laevis,#error!,1,1,51,53,NA,NA,NA,NA
2022-11-18,din_01,dindini,tanzania,epinephelidae,cephalopholis_nigripinnis,#error!,2,1,11,13,NA,NA,NA,NA
2022-11-18,din_01,dindini,tanzania,epinephelidae,cephalopholis_nigripinnis,#error!,3,1,11,13,NA,NA,NA,NA
2022-11-18,din_02,dindini,tanzania,epinephelidae,cephalopholis_miniata,#error!,4,1,16,18,NA,NA,NA,NA
2022-11-18,din_02,dindini,tanzania,epinephelidae,cephalopholis_miniata,#error!,4,1,31,33,NA,NA,NA,NA
2022-11-18,din_02,dindini,tanzania,epinephelidae,cephalopholis_miniata,#error!,4,1,26,28,NA,NA,NA,NA
2022-11-18,din_02,dindini,tanzania,epinephelidae,epinephelus_fasciatus,#error!,4,3,11,13,NA,NA,NA,NA
2022-11-18,din_02,dindini,tanzania,epinephelidae,epinephelus_fasciatus,#error!,4,3,16,18,NA,NA,NA,NA
2022-11-18,din_02,dindini,tanzania,epinephelidae,epinephelus_fuscoguttatus,#error!,4,1,46,48,NA,NA,NA,NA
2022-11-18,din_02,dindini,tanzania,epinephelidae,epinephelus_fuscoguttatus,#error!,4,1,51,53,NA,NA,NA,NA
2022-11-18,din_02,dindini,tanzania,epinephelidae,epinephelus_fasciatus,#error!,5,2,16,18,NA,NA,NA,NA
2018-10-13,mw_b_p_sc16,djirani,comoros,epinephelidae,cephalopholis_leopardus,#error!,1,1,16,18,NA,NA,NA,NA
2018-10-13,mw_b_p_sc16,djirani,comoros,epinephelidae,cephalopholis_leopardus,#error!,1,1,11,13,NA,NA,NA,NA
2018-10-13,mw_b_p_sc16,djirani,comoros,epinephelidae,cephalopholis_spiloparaea,#error!,1,1,31,33,NA,NA,NA,NA
2018-10-13,mw_b_p_sc16,djirani,comoros,epinephelidae,cephalopholis_leopardus,#error!,2,1,21,23,NA,NA,NA,NA
2018-10-13,mw_b_p_sc16,djirani,comoros,epinephelidae,cephalopholis_leopardus,#error!,3,2,16,18,NA,NA,NA,NA
2018-10-14,mw_b_p_sc17,djirani,comoros,epinephelidae,cephalopholis_argus,#error!,4,1,26,28,NA,NA,NA,NA
2018-10-14,mw_b_p_sc17,djirani,comoros,epinephelidae,variola_louti,#error!,4,1,41,43,NA,NA,NA,NA
2018-10-14,mw_b_p_sc17,djirani,comoros,epinephelidae,cephalopholis_nigripinnis,#error!,5,2,11,13,NA,NA,NA,NA
2018-10-14,mw_b_p_sc17,djirani,comoros,epinephelidae,epinephelus_multinotatus,#error!,5,1,56,58,NA,NA,NA,NA
2018-10-14,mw_b_p_sc17,djirani,comoros,epinephelidae,plectropomus_laevis,#error!,5,1,61,63,NA,NA,NA,NA
2018-10-14,mw_b_p_sc17,djirani,comoros,epinephelidae,cephalopholis_nigripinnis,#error!,6,1,11,13,NA,NA,NA,NA
2021-03-19,dol_01,dolphin,kenya,epinephelidae,aethaloperca_rogaa,#error!,1,1,11,13,NA,NA,NA,NA
2021-03-19,dol_01,dolphin,kenya,epinephelidae,cephalopholis_argus,#error!,1,1,26,28,NA,NA,NA,NA
2021-03-19,dol_01,dolphin,kenya,epinephelidae,cephalopholis_argus,#error!,1,1,21,23,NA,NA,NA,NA
2021-03-19,dol_01,dolphin,kenya,epinephelidae,cephalopholis_argus,#error!,1,1,31,33,NA,NA,NA,NA
2021-03-19,dol_01,dolphin,kenya,epinephelidae,cephalopholis_nigripinnis,#error!,1,1,16,18,NA,NA,NA,NA
2021-03-19,dol_01,dolphin,kenya,epinephelidae,aethaloperca_rogaa,#error!,2,1,31,33,NA,NA,NA,NA
2021-03-19,dol_01,dolphin,kenya,epinephelidae,cephalopholis_nigripinnis,#error!,2,1,11,13,NA,NA,NA,NA
2021-03-19,dol_01,dolphin,kenya,epinephelidae,aethaloperca_rogaa,#error!,3,1,31,33,NA,NA,NA,NA
2021-03-19,dol_02,dolphin,kenya,epinephelidae,aethaloperca_rogaa,#error!,4,3,41,43,NA,NA,NA,NA
2021-03-19,dol_02,dolphin,kenya,epinephelidae,aethaloperca_rogaa,#error!,4,1,26,28,NA,NA,NA,NA
2021-03-19,dol_02,dolphin,kenya,epinephelidae,aethaloperca_rogaa,#error!,4,3,31,33,NA,NA,NA,NA
2021-03-19,dol_02,dolphin,kenya,epinephelidae,cephalopholis_argus,#error!,4,3,31,33,NA,NA,NA,NA
2021-03-19,dol_02,dolphin,kenya,epinephelidae,cephalopholis_argus,#error!,4,1,36,38,NA,NA,NA,NA
2021-03-19,dol_02,dolphin,kenya,epinephelidae,cephalopholis_argus,#error!,4,2,26,28,NA,NA,NA,NA
2021-03-19,dol_02,dolphin,kenya,epinephelidae,cephalopholis_miniata,#error!,4,2,31,33,NA,NA,NA,NA
2021-03-19,dol_02,dolphin,kenya,epinephelidae,cephalopholis_miniata,#error!,4,1,26,28,NA,NA,NA,NA
2021-03-19,dol_02,dolphin,kenya,epinephelidae,cephalopholis_miniata,#error!,4,1,21,23,NA,NA,NA,NA
2021-03-19,dol_02,dolphin,kenya,epinephelidae,cephalopholis_boenack,#error!,4,3,16,18,NA,NA,NA,NA
2021-03-19,dol_02,dolphin,kenya,epinephelidae,cephalopholis_boenack,#error!,4,4,21,23,NA,NA,NA,NA
2021-03-19,dol_02,dolphin,kenya,epinephelidae,variola_louti,#error!,4,1,41,43,NA,NA,NA,NA
2021-03-19,dol_02,dolphin,kenya,epinephelidae,variola_louti,#error!,4,1,36,38,NA,NA,NA,NA
2021-03-19,dol_02,dolphin,kenya,epinephelidae,aethaloperca_rogaa,#error!,5,1,26,28,NA,NA,NA,NA
2021-03-19,dol_02,dolphin,kenya,epinephelidae,aethaloperca_rogaa,#error!,5,1,31,33,NA,NA,NA,NA
2021-03-19,dol_02,dolphin,kenya,epinephelidae,cephalopholis_argus,#error!,5,1,21,23,NA,NA,NA,NA
2021-03-19,dol_02,dolphin,kenya,epinephelidae,cephalopholis_argus,#error!,5,1,31,33,NA,NA,NA,NA
2021-03-19,dol_02,dolphin,kenya,epinephelidae,cephalopholis_boenack,#error!,5,1,11,13,NA,NA,NA,NA
2021-03-19,dol_02,dolphin,kenya,epinephelidae,variola_louti,#error!,5,4,31,33,NA,NA,NA,NA
2023-11-02,fassi1,fassi,comoros,epinephelidae,cephalopholis_nigripinnis,#error!,3,11,6,8,NA,NA,NA,NA
2023-11-02,fassi1,fassi,comoros,epinephelidae,cephalopholis_nigripinnis,#error!,4,3,11,13,NA,NA,NA,NA
2023-11-02,fassi2,fassi,comoros,epinephelidae,cephalopholis_nigripinnis,#error!,1,7,11,13,NA,NA,NA,NA
2023-11-02,fassi2,fassi,comoros,epinephelidae,cephalopholis_nigripinnis,#error!,1,1,16,18,NA,NA,NA,NA
2023-11-02,fassi2,fassi,comoros,epinephelidae,cephalopholis_nigripinnis,#error!,2,1,11,13,NA,NA,NA,NA
2018-10-09,mw_e_p_sc09,ferenga,comoros,epinephelidae,cephalopholis_argus,#error!,2,1,21,23,NA,NA,NA,NA
2018-10-09,mw_e_p_sc09,ferenga,comoros,epinephelidae,variola_louti,#error!,2,1,41,43,NA,NA,NA,NA
2018-10-09,mw_e_p_sc09,ferenga,comoros,epinephelidae,variola_louti,#error!,3,1,41,43,NA,NA,NA,NA
2018-10-10,mw_e_p_sc10,ferenga,comoros,epinephelidae,variola_louti,#error!,4,1,41,43,NA,NA,NA,NA
2018-10-10,mw_e_p_sc10,ferenga,comoros,epinephelidae,aethaloperca_rogaa,#error!,5,1,21,23,NA,NA,NA,NA
2018-10-10,mw_e_p_sc10,ferenga,comoros,epinephelidae,plectropomus_laevis,#error!,5,1,66,68,NA,NA,NA,NA
2018-10-10,mw_e_p_sc10,ferenga,comoros,epinephelidae,variola_louti,#error!,5,1,26,28,NA,NA,NA,NA
2018-10-10,mw_e_p_sc10,ferenga,comoros,epinephelidae,cephalopholis_leopardus,#error!,6,2,16,18,NA,NA,NA,NA
2019-11-15,fug_01,fundo_coral_garden,tanzania,epinephelidae,aethaloperca_rogaa,#error!,1,1,21,23,NA,NA,NA,NA
2019-11-15,fug_01,fundo_coral_garden,tanzania,epinephelidae,cephalopholis_miniata,#error!,2,1,21,23,NA,NA,NA,NA
2019-11-17,fug_03,fundo_coral_garden,tanzania,epinephelidae,cephalopholis_nigripinnis,#error!,4,1,16,18,NA,NA,NA,NA
2019-11-17,fug_03,fundo_coral_garden,tanzania,epinephelidae,cephalopholis_nigripinnis,#error!,4,1,21,23,NA,NA,NA,NA
2019-11-17,fug_03,fundo_coral_garden,tanzania,epinephelidae,cephalopholis_nigripinnis,#error!,4,1,16,18,NA,NA,NA,NA
2019-11-13,fgi_02,fundo_gap_inner,tanzania,epinephelidae,cephalopholis_nigripinnis,#error!,3,1,11,13,NA,NA,NA,NA
2019-11-14,fuo_01,fundo_outer,tanzania,epinephelidae,cephalopholis_miniata,#error!,2,1,26,28,NA,NA,NA,NA
2019-11-14,fuo_01,fundo_outer,tanzania,epinephelidae,cephalopholis_miniata,#error!,2,1,36,38,NA,NA,NA,NA
2019-11-14,fuo_01,fundo_outer,tanzania,epinephelidae,cephalopholis_miniata,#error!,2,1,31,33,NA,NA,NA,NA
2019-11-14,fuo_01,fundo_outer,tanzania,epinephelidae,aethaloperca_rogaa,#error!,3,1,16,18,NA,NA,NA,NA
2019-11-14,fuo_01,fundo_outer,tanzania,epinephelidae,cephalopholis_miniata,#error!,3,1,31,33,NA,NA,NA,NA
2019-11-14,fuo_01,fundo_outer,tanzania,epinephelidae,cephalopholis_nigripinnis,#error!,3,1,16,18,NA,NA,NA,NA
2019-11-14,fuo_02,fundo_outer,tanzania,epinephelidae,variola_louti,#error!,4,1,36,38,NA,NA,NA,NA
2019-11-14,fuo_02,fundo_outer,tanzania,epinephelidae,variola_louti,#error!,4,1,41,43,NA,NA,NA,NA
2022-09-16,ifou_01,ifoundihe_chamboini,comoros,epinephelidae,aethaloperca_rogaa,#error!,1,2,31,33,NA,NA,NA,NA
2022-09-16,ifou_01,ifoundihe_chamboini,comoros,epinephelidae,cephalopholis_nigripinnis,#error!,1,4,16,18,NA,NA,NA,NA
2022-09-16,ifou_01,ifoundihe_chamboini,comoros,epinephelidae,variola_louti,#error!,1,1,26,28,NA,NA,NA,NA
2022-09-16,ifou_01,ifoundihe_chamboini,comoros,epinephelidae,aethaloperca_rogaa,#error!,2,1,26,28,NA,NA,NA,NA
2022-09-16,ifou_01,ifoundihe_chamboini,comoros,epinephelidae,variola_albimarginata,#error!,2,1,31,33,NA,NA,NA,NA
2022-09-16,ifou_01,ifoundihe_chamboini,comoros,epinephelidae,cephalopholis_argus,#error!,2,1,26,28,NA,NA,NA,NA
2022-09-16,ifou_01,ifoundihe_chamboini,comoros,epinephelidae,cephalopholis_nigripinnis,#error!,2,1,16,18,NA,NA,NA,NA
2022-09-16,ifou_01,ifoundihe_chamboini,comoros,epinephelidae,variola_louti,#error!,2,1,31,33,NA,NA,NA,NA
2022-09-17,ifou_02,ifoundihe_chamboini,comoros,epinephelidae,cephalopholis_argus,#error!,3,1,26,28,NA,NA,NA,NA
2022-09-17,ifou_02,ifoundihe_chamboini,comoros,epinephelidae,cephalopholis_nigripinnis,#error!,3,4,16,18,NA,NA,NA,NA
2022-09-17,ifou_02,ifoundihe_chamboini,comoros,epinephelidae,cephalopholis_nigripinnis,#error!,3,3,21,23,NA,NA,NA,NA
2022-09-17,ifou_02,ifoundihe_chamboini,comoros,epinephelidae,cephalopholis_nigripinnis,#error!,4,3,16,18,NA,NA,NA,NA
2022-09-17,ifou_02,ifoundihe_chamboini,comoros,epinephelidae,variola_albimarginata,#error!,4,1,26,28,NA,NA,NA,NA
2022-09-17,ifou_02,ifoundihe_chamboini,comoros,epinephelidae,variola_louti,#error!,4,2,26,28,NA,NA,NA,NA
2022-09-17,ifou_02,ifoundihe_chamboini,comoros,epinephelidae,cephalopholis_nigripinnis,#error!,5,3,16,18,NA,NA,NA,NA
2022-09-17,ifou_02,ifoundihe_chamboini,comoros,epinephelidae,cephalopholis_nigripinnis,#error!,5,3,21,23,NA,NA,NA,NA
2022-09-15,itso_01,itsoundzou,comoros,epinephelidae,cephalopholis_nigripinnis,#error!,1,2,16,18,NA,NA,NA,NA
2022-09-15,itso_01,itsoundzou,comoros,epinephelidae,cephalopholis_miniata,#error!,2,21,31,33,NA,NA,NA,NA
2022-09-16,itso_02,itsoundzou,comoros,epinephelidae,cephalopholis_argus,#error!,3,1,21,23,NA,NA,NA,NA
2022-09-16,itso_02,itsoundzou,comoros,epinephelidae,cephalopholis_miniata,#error!,3,1,26,28,NA,NA,NA,NA
2022-09-16,itso_02,itsoundzou,comoros,epinephelidae,cephalopholis_miniata,#error!,3,2,21,23,NA,NA,NA,NA
2022-09-16,itso_02,itsoundzou,comoros,epinephelidae,variola_louti,#error!,3,1,36,38,NA,NA,NA,NA
2022-09-16,itso_02,itsoundzou,comoros,epinephelidae,cephalopholis_nigripinnis,#error!,3,2,16,18,NA,NA,NA,NA
2022-09-16,itso_02,itsoundzou,comoros,epinephelidae,cephalopholis_nigripinnis,#error!,3,1,21,23,NA,NA,NA,NA
2022-09-16,itso_02,itsoundzou,comoros,epinephelidae,cephalopholis_argus,#error!,4,1,26,28,NA,NA,NA,NA
2022-09-16,itso_02,itsoundzou,comoros,epinephelidae,variola_louti,#error!,4,1,26,28,NA,NA,NA,NA
2022-09-07,ivoi_01,ivoini,comoros,epinephelidae,cephalopholis_nigripinnis,#error!,1,3,16,18,NA,NA,NA,NA
2022-09-07,ivoi_01,ivoini,comoros,epinephelidae,cephalopholis_nigripinnis,#error!,1,1,11,13,NA,NA,NA,NA
2022-09-07,ivoi_01,ivoini,comoros,epinephelidae,cephalopholis_argus,#error!,2,1,21,23,NA,NA,NA,NA
2022-09-07,ivoi_02,ivoini,comoros,epinephelidae,cephalopholis_argus,#error!,3,1,11,13,NA,NA,NA,NA
2022-09-07,ivoi_02,ivoini,comoros,epinephelidae,cephalopholis_nigripinnis,#error!,3,1,16,18,NA,NA,NA,NA
2022-09-07,ivoi_02,ivoini,comoros,epinephelidae,epinephelus_fasciatus,#error!,3,3,16,18,NA,NA,NA,NA
2022-09-07,ivoi_02,ivoini,comoros,epinephelidae,epinephelus_fasciatus,#error!,3,1,21,23,NA,NA,NA,NA
2022-09-07,ivoi_02,ivoini,comoros,epinephelidae,epinephelus_fasciatus,#error!,3,2,11,13,NA,NA,NA,NA
2022-09-07,ivoi_02,ivoini,comoros,epinephelidae,cephalopholis_argus,#error!,4,1,6,8,NA,NA,NA,NA
2022-09-07,ivoi_02,ivoini,comoros,epinephelidae,cephalopholis_nigripinnis,#error!,4,2,11,13,NA,NA,NA,NA
2022-09-07,ivoi_02,ivoini,comoros,epinephelidae,cephalopholis_nigripinnis,#error!,4,1,16,18,NA,NA,NA,NA
2022-09-07,ivoi_02,ivoini,comoros,epinephelidae,cephalopholis_nigripinnis,#error!,5,2,11,13,NA,NA,NA,NA
2022-09-07,ivoi_02,ivoini,comoros,epinephelidae,cephalopholis_nigripinnis,#error!,5,1,6,8,NA,NA,NA,NA
2022-09-07,ivoi_02,ivoini,comoros,epinephelidae,epinephelus_fasciatus,#error!,5,1,6,8,NA,NA,NA,NA
2022-03-04,iwe_01,iweni,kenya,epinephelidae,plectropomus_punctatus,#error!,1,1,36,38,NA,NA,NA,NA
2021-03-29,jac_01,jacaranda,kenya,epinephelidae,cephalopholis_argus,#error!,1,2,11,13,NA,NA,NA,NA
2021-03-29,jac_02,jacaranda,kenya,epinephelidae,cephalopholis_argus,#error!,4,1,11,13,NA,NA,NA,NA
2022-03-31,jmk_01,jamba_wa_kwale,kenya,epinephelidae,cephalopholis_nigripinnis,#error!,1,1,16,18,NA,NA,NA,NA
2022-03-31,jmk_01,jamba_wa_kwale,kenya,epinephelidae,cephalopholis_argus,#error!,3,1,31,33,NA,NA,NA,NA
2022-03-31,jmk_01,jamba_wa_kwale,kenya,epinephelidae,cephalopholis_boenack,#error!,3,1,16,18,NA,NA,NA,NA
2022-03-31,jmk_01,jamba_wa_kwale,kenya,epinephelidae,cephalopholis_nigripinnis,#error!,3,1,16,18,NA,NA,NA,NA
2023-02-11,jmi_01,jumba_idodi,kenya,epinephelidae,epinephelus_merra,#error!,1,1,16,18,NA,NA,NA,NA
2023-02-11,jmi_01,jumba_idodi,kenya,epinephelidae,cephalopholis_argus,#error!,2,1,21,23,NA,NA,NA,NA
2022-10-25,jbr_02,jumbo_ruins,kenya,epinephelidae,cephalopholis_argus,#error!,5,1,21,23,NA,NA,NA,NA
2023-02-18,kfc_01,kadhikia_fawachu,kenya,epinephelidae,epinephelus_merra,#error!,2,1,21,23,NA,NA,NA,NA
2023-02-18,kfc_01,kadhikia_fawachu,kenya,epinephelidae,epinephelus_merra,#error!,3,1,16,18,NA,NA,NA,NA
2022-02-04,kanz_01,kanzoni,comoros,epinephelidae,aethaloperca_rogaa,#error!,3,1,16,18,NA,NA,NA,NA
2022-02-04,kanz_01,kanzoni,comoros,epinephelidae,cephalopholis_argus,#error!,3,1,16,18,NA,NA,NA,NA
2022-02-05,kanz_02,kanzoni,comoros,epinephelidae,cephalopholis_leopardus,#error!,4,1,11,13,NA,NA,NA,NA
2021-03-25,kas_01,kasa,kenya,epinephelidae,cephalopholis_argus,#error!,1,1,26,28,NA,NA,NA,NA
2021-03-25,kas_01,kasa,kenya,epinephelidae,cephalopholis_argus,#error!,2,1,31,33,NA,NA,NA,NA
2021-03-25,kas_01,kasa,kenya,epinephelidae,cephalopholis_argus,#error!,2,2,26,28,NA,NA,NA,NA
2021-03-25,kas_01,kasa,kenya,epinephelidae,epinephelus_fuscoguttatus,#error!,2,1,61,63,NA,NA,NA,NA
2021-03-25,kas_01,kasa,kenya,epinephelidae,cephalopholis_argus,#error!,3,2,26,28,NA,NA,NA,NA
2021-03-25,kas_02,kasa,kenya,epinephelidae,cephalopholis_nigripinnis,#error!,4,2,11,13,NA,NA,NA,NA
2021-03-25,kas_02,kasa,kenya,epinephelidae,cephalopholis_argus,#error!,5,1,26,28,NA,NA,NA,NA
2021-03-25,kas_02,kasa,kenya,epinephelidae,cephalopholis_nigripinnis,#error!,5,1,11,13,NA,NA,NA,NA
2021-11-18,ksm_01,kaya_similani,kenya,epinephelidae,cephalopholis_argus,#error!,1,1,31,33,NA,NA,NA,NA
2021-11-18,ksm_01,kaya_similani,kenya,epinephelidae,cephalopholis_nigripinnis,#error!,1,1,16,18,NA,NA,NA,NA
2022-11-16,kif_01,kifinge,tanzania,epinephelidae,cephalopholis_argus,#error!,1,1,36,38,NA,NA,NA,NA
2022-11-16,kif_01,kifinge,tanzania,epinephelidae,cephalopholis_argus,#error!,2,1,26,28,NA,NA,NA,NA
2022-11-16,kif_01,kifinge,tanzania,epinephelidae,cephalopholis_boenack,#error!,2,1,11,13,NA,NA,NA,NA
2022-11-16,kif_01,kifinge,tanzania,epinephelidae,cephalopholis_argus,#error!,3,1,16,18,NA,NA,NA,NA
2022-11-16,kif_01,kifinge,tanzania,epinephelidae,plectropomus_punctatus,#error!,3,1,51,53,NA,NA,NA,NA
2022-11-16,kif_02,kifinge,tanzania,epinephelidae,cephalopholis_miniata,#error!,4,1,41,43,NA,NA,NA,NA
2022-11-16,kif_02,kifinge,tanzania,epinephelidae,epinephelus_fuscoguttatus,#error!,4,1,31,33,NA,NA,NA,NA
2022-11-16,kif_02,kifinge,tanzania,epinephelidae,cephalopholis_argus,#error!,5,3,16,18,NA,NA,NA,NA
2022-11-16,kif_02,kifinge,tanzania,epinephelidae,cephalopholis_argus,#error!,5,1,21,23,NA,NA,NA,NA
2022-11-16,kif_02,kifinge,tanzania,epinephelidae,variola_louti,#error!,5,1,16,18,NA,NA,NA,NA
2022-11-16,kif_02,kifinge,tanzania,epinephelidae,cephalopholis_nigripinnis,#error!,5,1,16,18,NA,NA,NA,NA
2021-11-21,kkd_01,kikadini,kenya,epinephelidae,cephalopholis_nigripinnis,#error!,2,1,11,13,NA,NA,NA,NA
2021-03-16,kiln_01,kilifi_north,kenya,epinephelidae,cephalopholis_nigripinnis,#error!,3,1,16,18,NA,NA,NA,NA
2021-03-16,kiln_01,kilifi_north,kenya,epinephelidae,cephalopholis_nigripinnis,#error!,3,1,11,13,NA,NA,NA,NA
2021-11-20,kmo_01,kinondo_makonde,kenya,epinephelidae,aethaloperca_rogaa,#error!,2,1,16,18,NA,NA,NA,NA
2021-11-20,kmo_01,kinondo_makonde,kenya,epinephelidae,cephalopholis_argus,#error!,2,1,26,28,NA,NA,NA,NA
2021-11-20,kmo_02,kinondo_makonde,kenya,epinephelidae,cephalopholis_nigripinnis,#error!,4,1,11,13,NA,NA,NA,NA
2022-03-05,knyo_01,kinyika_outer,kenya,epinephelidae,epinephelus_fasciatus,#error!,3,1,16,18,NA,NA,NA,NA
2021-04-13,kse_01,kisite_east,kenya,epinephelidae,cephalopholis_argus,#error!,1,2,31,33,NA,NA,NA,NA
2021-04-13,kse_01,kisite_east,kenya,epinephelidae,cephalopholis_argus,#error!,1,1,21,23,NA,NA,NA,NA
2021-04-13,kse_01,kisite_east,kenya,epinephelidae,cephalopholis_boenack,#error!,2,1,26,28,NA,NA,NA,NA
2021-04-13,kse_01,kisite_east,kenya,epinephelidae,aethaloperca_rogaa,#error!,2,1,26,28,NA,NA,NA,NA
2021-04-13,kse_01,kisite_east,kenya,epinephelidae,epinephelus_merra,#error!,2,1,16,18,NA,NA,NA,NA
2021-04-13,kse_01,kisite_east,kenya,epinephelidae,variola_louti,#error!,2,1,31,33,NA,NA,NA,NA
2021-04-13,kse_01,kisite_east,kenya,epinephelidae,epinephelus_merra,#error!,3,1,31,33,NA,NA,NA,NA
2021-04-13,kse_01,kisite_east,kenya,epinephelidae,cephalopholis_argus,#error!,3,1,11,13,NA,NA,NA,NA
2021-04-13,kse_01,kisite_east,kenya,epinephelidae,variola_louti,#error!,3,1,16,18,NA,NA,NA,NA
2021-04-13,kse_02,kisite_east,kenya,epinephelidae,aethaloperca_rogaa,#error!,4,1,21,23,NA,NA,NA,NA
2021-04-13,kse_02,kisite_east,kenya,epinephelidae,aethaloperca_rogaa,#error!,4,1,31,33,NA,NA,NA,NA
2021-04-13,kse_02,kisite_east,kenya,epinephelidae,aethaloperca_rogaa,#error!,4,1,11,13,NA,NA,NA,NA
2021-04-13,kse_02,kisite_east,kenya,epinephelidae,cephalopholis_argus,#error!,4,1,26,28,NA,NA,NA,NA
2021-04-13,kse_02,kisite_east,kenya,epinephelidae,cephalopholis_argus,#error!,4,2,31,33,NA,NA,NA,NA
2021-04-13,kse_02,kisite_east,kenya,epinephelidae,cephalopholis_argus,#error!,4,2,21,23,NA,NA,NA,NA
2021-04-13,kse_02,kisite_east,kenya,epinephelidae,variola_louti,#error!,5,1,26,28,NA,NA,NA,NA
2022-11-17,msu_01,kisiwa_kikubwa,tanzania,epinephelidae,cephalopholis_argus,#error!,2,1,36,38,NA,NA,NA,NA
2022-11-17,msu_01,kisiwa_kikubwa,tanzania,epinephelidae,cephalopholis_argus,#error!,2,1,31,33,NA,NA,NA,NA
2022-11-17,msu_01,kisiwa_kikubwa,tanzania,epinephelidae,cephalopholis_nigripinnis,#error!,2,1,11,13,NA,NA,NA,NA
2022-11-17,msu_01,kisiwa_kikubwa,tanzania,epinephelidae,cephalopholis_argus,#error!,3,1,31,33,NA,NA,NA,NA
2022-11-20,kitin_01,kitutia_inner,tanzania,epinephelidae,cephalopholis_nigripinnis,#error!,1,1,16,18,NA,NA,NA,NA
2022-11-20,kitin_01,kitutia_inner,tanzania,epinephelidae,cephalopholis_argus,#error!,2,1,16,18,NA,NA,NA,NA
2022-11-20,kitin_01,kitutia_inner,tanzania,epinephelidae,cephalopholis_argus,#error!,3,1,16,18,NA,NA,NA,NA
2022-11-20,kitin_01,kitutia_inner,tanzania,epinephelidae,cephalopholis_argus,#error!,3,1,21,23,NA,NA,NA,NA
2022-11-20,kitin_02,kitutia_inner,tanzania,epinephelidae,cephalopholis_argus,#error!,4,4,16,18,NA,NA,NA,NA
2022-11-21,kitout_01,kitutia_outer,tanzania,epinephelidae,variola_albimarginata,#error!,1,1,31,33,NA,NA,NA,NA
2022-11-21,kitout_01,kitutia_outer,tanzania,epinephelidae,cephalopholis_argus,#error!,1,1,21,23,NA,NA,NA,NA
2022-11-21,kitout_01,kitutia_outer,tanzania,epinephelidae,cephalopholis_argus,#error!,1,1,26,28,NA,NA,NA,NA
2022-11-21,kitout_01,kitutia_outer,tanzania,epinephelidae,epinephelus_macrospilos,#error!,1,1,36,38,NA,NA,NA,NA
2022-11-21,kitout_01,kitutia_outer,tanzania,epinephelidae,cephalopholis_nigripinnis,#error!,1,1,21,23,NA,NA,NA,NA
2022-11-21,kitout_01,kitutia_outer,tanzania,epinephelidae,cephalopholis_nigripinnis,#error!,2,3,16,18,NA,NA,NA,NA
2022-11-21,kitout_01,kitutia_outer,tanzania,epinephelidae,epinephelus_fasciatus,#error!,2,1,11,13,NA,NA,NA,NA
2022-11-21,kitout_02,kitutia_outer,tanzania,epinephelidae,cephalopholis_argus,#error!,3,1,26,28,NA,NA,NA,NA
2022-11-21,kitout_02,kitutia_outer,tanzania,epinephelidae,cephalopholis_nigripinnis,#error!,3,2,21,23,NA,NA,NA,NA
2022-11-21,kitout_02,kitutia_outer,tanzania,epinephelidae,cephalopholis_nigripinnis,#error!,3,2,16,18,NA,NA,NA,NA
2022-11-21,kitout_02,kitutia_outer,tanzania,epinephelidae,cephalopholis_nigripinnis,#error!,3,1,11,13,NA,NA,NA,NA
2022-11-21,kitout_02,kitutia_outer,tanzania,epinephelidae,cephalopholis_nigripinnis,#error!,4,1,16,18,NA,NA,NA,NA
2023-02-16,ktw_01,kitwani,kenya,epinephelidae,cephalopholis_argus,#error!,1,1,26,28,NA,NA,NA,NA
2019-11-16,kug_01,kokota_uvinje_gap,tanzania,epinephelidae,cephalopholis_nigripinnis,#error!,1,1,16,18,NA,NA,NA,NA
2023-03-27,kui_01,kui,kenya,epinephelidae,epinephelus_flavocaeruleus,#error!,2,1,36,38,NA,NA,NA,NA
2023-03-27,kui_01,kui,kenya,epinephelidae,epinephelus_malabaricus,#error!,3,1,31,33,NA,NA,NA,NA
2020-11-25,kur_02,kuruwitu_tengefu,kenya,epinephelidae,cephalopholis_argus,#error!,5,1,31,33,NA,NA,NA,NA
2020-11-25,kur_02,kuruwitu_tengefu,kenya,epinephelidae,epinephelus_spilotoceps,#error!,5,1,16,18,NA,NA,NA,NA
2021-03-24,lev_01,leven,kenya,epinephelidae,epinephelus_spilotoceps,#error!,1,1,11,13,NA,NA,NA,NA
2021-03-24,lev_01,leven,kenya,epinephelidae,cephalopholis_argus,#error!,2,1,31,33,NA,NA,NA,NA
2021-03-24,lev_01,leven,kenya,epinephelidae,cephalopholis_nigripinnis,#error!,2,1,11,13,NA,NA,NA,NA
2021-03-24,lev_02,leven,kenya,epinephelidae,aethaloperca_rogaa,#error!,4,1,21,23,NA,NA,NA,NA
2022-10-27,lbb_01,lobster_bank,kenya,epinephelidae,cephalopholis_argus,#error!,1,1,36,38,NA,NA,NA,NA
2022-10-27,lbb_01,lobster_bank,kenya,epinephelidae,cephalopholis_argus,#error!,1,1,31,33,NA,NA,NA,NA
2022-10-27,lbb_01,lobster_bank,kenya,epinephelidae,variola_louti,#error!,1,1,36,38,NA,NA,NA,NA
2022-10-27,lbb_01,lobster_bank,kenya,epinephelidae,cephalopholis_nigripinnis,#error!,1,1,16,18,NA,NA,NA,NA
2022-10-27,lbb_01,lobster_bank,kenya,epinephelidae,cephalopholis_nigripinnis,#error!,2,1,16,18,NA,NA,NA,NA
2022-10-27,lbb_01,lobster_bank,kenya,epinephelidae,cephalopholis_nigripinnis,#error!,3,2,21,23,NA,NA,NA,NA
2022-10-27,lbb_01,lobster_bank,kenya,epinephelidae,cephalopholis_nigripinnis,#error!,3,1,16,18,NA,NA,NA,NA
2022-10-27,lbb_01,lobster_bank,kenya,epinephelidae,cephalopholis_argus,#error!,3,1,26,28,NA,NA,NA,NA
2022-10-27,lbb_01,lobster_bank,kenya,epinephelidae,cephalopholis_argus,#error!,3,1,31,33,NA,NA,NA,NA
2022-10-27,lbb_02,lobster_bank,kenya,epinephelidae,cephalopholis_nigripinnis,#error!,4,1,16,18,NA,NA,NA,NA
2022-10-27,lbb_02,lobster_bank,kenya,epinephelidae,cephalopholis_argus,#error!,5,1,36,38,NA,NA,NA,NA
2022-10-27,lbb_02,lobster_bank,kenya,epinephelidae,cephalopholis_argus,#error!,5,1,31,33,NA,NA,NA,NA
2021-11-19,mgd_01,magandia,kenya,epinephelidae,cephalopholis_nigripinnis,#error!,1,1,16,18,NA,NA,NA,NA
2021-11-19,mgd_01,magandia,kenya,epinephelidae,cephalopholis_argus,#error!,2,1,31,33,NA,NA,NA,NA
2021-11-19,mgd_01,magandia,kenya,epinephelidae,cephalopholis_argus,#error!,2,1,41,43,NA,NA,NA,NA
2021-11-19,mgd_01,magandia,kenya,epinephelidae,cephalopholis_argus,#error!,3,1,26,28,NA,NA,NA,NA
2021-11-19,mgd_01,magandia,kenya,epinephelidae,cephalopholis_nigripinnis,#error!,3,3,16,18,NA,NA,NA,NA
2023-03-26,mgl_01,magulugulu,kenya,epinephelidae,epinephelus_fuscoguttatus,#error!,2,1,31,33,NA,NA,NA,NA
2023-03-26,mgl_01,magulugulu,kenya,epinephelidae,plectropomus_punctatus,#error!,2,1,31,33,NA,NA,NA,NA
2023-03-26,mgl_01,magulugulu,kenya,epinephelidae,dermatolepis_striolata,#error!,2,1,31,33,NA,NA,NA,NA
2021-04-12,mkk_01,makokokwe,kenya,epinephelidae,cephalopholis_argus,#error!,1,1,31,33,NA,NA,NA,NA
2021-04-12,mkk_01,makokokwe,kenya,epinephelidae,aethaloperca_rogaa,#error!,2,1,16,18,NA,NA,NA,NA
2021-04-12,mkk_01,makokokwe,kenya,epinephelidae,cephalopholis_argus,#error!,2,1,26,28,NA,NA,NA,NA
2021-04-12,mkk_01,makokokwe,kenya,epinephelidae,epinephelus_fuscoguttatus,#error!,2,1,26,28,NA,NA,NA,NA
2022-09-13,male_03,male,comoros,epinephelidae,cephalopholis_nigripinnis,#error!,1,3,16,18,NA,NA,NA,NA
2022-09-13,male_03,male,comoros,epinephelidae,cephalopholis_nigripinnis,#error!,1,4,11,13,NA,NA,NA,NA
2022-09-13,male_03,male,comoros,epinephelidae,cephalopholis_argus,#error!,2,2,16,18,NA,NA,NA,NA
2022-09-13,male_03,male,comoros,epinephelidae,cephalopholis_argus,#error!,2,1,26,28,NA,NA,NA,NA
2022-09-13,male_03,male,comoros,epinephelidae,cephalopholis_nigripinnis,#error!,2,4,11,13,NA,NA,NA,NA
2022-09-13,male_04,male,comoros,epinephelidae,cephalopholis_nigripinnis,#error!,3,1,16,18,NA,NA,NA,NA
2022-09-13,male_04,male,comoros,epinephelidae,cephalopholis_nigripinnis,#error!,4,3,16,18,NA,NA,NA,NA
2022-09-13,male_04,male,comoros,epinephelidae,cephalopholis_argus,#error!,5,1,21,23,NA,NA,NA,NA
2022-09-13,male_04,male,comoros,epinephelidae,cephalopholis_nigripinnis,#error!,5,4,16,18,NA,NA,NA,NA
2021-03-31,mlcg_02,malindi_coral_garden,kenya,epinephelidae,cephalopholis_argus,#error!,1,2,11,13,NA,NA,NA,NA
2021-03-31,mlcg_02,malindi_coral_garden,kenya,epinephelidae,cephalopholis_argus,#error!,1,1,16,18,NA,NA,NA,NA
2021-03-31,mlcg_02,malindi_coral_garden,kenya,epinephelidae,cephalopholis_argus,#error!,3,1,16,18,NA,NA,NA,NA
2019-11-12,man_01,mandela,tanzania,epinephelidae,cephalopholis_nigripinnis,#error!,1,1,16,18,NA,NA,NA,NA
2019-11-12,man_01,mandela,tanzania,epinephelidae,cephalopholis_miniata,#error!,2,1,21,23,NA,NA,NA,NA
2019-11-12,man_01,mandela,tanzania,epinephelidae,cephalopholis_leopardus,#error!,2,1,11,13,NA,NA,NA,NA
2019-11-12,man_01,mandela,tanzania,epinephelidae,cephalopholis_nigripinnis,#error!,2,3,16,18,NA,NA,NA,NA
2019-11-12,man_01,mandela,tanzania,epinephelidae,cephalopholis_leopardus,#error!,3,1,11,13,NA,NA,NA,NA
2022-11-15,mgein_01,mange_inner,tanzania,epinephelidae,cephalopholis_argus,#error!,3,1,21,23,NA,NA,NA,NA
2022-11-15,mgein_01,mange_inner,tanzania,epinephelidae,cephalopholis_leopardus,#error!,3,1,16,18,NA,NA,NA,NA
2022-11-22,mgeout_01,mange_outer,tanzania,epinephelidae,cephalopholis_argus,#error!,1,1,21,23,NA,NA,NA,NA
2022-11-22,mgeout_01,mange_outer,tanzania,epinephelidae,cephalopholis_argus,#error!,1,2,31,33,NA,NA,NA,NA
2022-11-22,mgeout_01,mange_outer,tanzania,epinephelidae,cephalopholis_argus,#error!,1,2,36,38,NA,NA,NA,NA
2022-11-22,mgeout_01,mange_outer,tanzania,epinephelidae,cephalopholis_argus,#error!,2,1,26,28,NA,NA,NA,NA
2022-11-22,mgeout_01,mange_outer,tanzania,epinephelidae,cephalopholis_nigripinnis,#error!,2,1,16,18,NA,NA,NA,NA
2022-11-22,mgeout_01,mange_outer,tanzania,epinephelidae,epinephelus_spilotoceps,#error!,2,1,26,28,NA,NA,NA,NA
2022-11-22,mgeout_02,mange_outer,tanzania,epinephelidae,cephalopholis_argus,#error!,4,1,31,33,NA,NA,NA,NA
2022-11-22,mgeout_02,mange_outer,tanzania,epinephelidae,cephalopholis_argus,#error!,5,1,31,33,NA,NA,NA,NA
2022-10-19,mps_02,mapasi,kenya,epinephelidae,variola_louti,#error!,4,1,31,33,NA,NA,NA,NA
2022-10-19,mps_01,mapasi,kenya,epinephelidae,epinephelus_spilotoceps,#error!,1,1,21,23,NA,NA,NA,NA
2018-10-07,gc_a_p_sc07,mbachile_napabo,comoros,epinephelidae,cephalopholis_boenack,#error!,1,1,16,18,NA,NA,NA,NA
2018-10-07,gc_a_p_sc07,mbachile_napabo,comoros,epinephelidae,cephalopholis_miniata,#error!,1,2,21,23,NA,NA,NA,NA
2018-10-07,gc_a_p_sc07,mbachile_napabo,comoros,epinephelidae,cephalopholis_miniata,#error!,1,1,26,28,NA,NA,NA,NA
2018-10-07,gc_a_p_sc07,mbachile_napabo,comoros,epinephelidae,cephalopholis_nigripinnis,#error!,1,2,16,18,NA,NA,NA,NA
2018-10-07,gc_a_p_sc07,mbachile_napabo,comoros,epinephelidae,cephalopholis_nigripinnis,#error!,1,2,11,13,NA,NA,NA,NA
2018-10-07,gc_a_p_sc07,mbachile_napabo,comoros,epinephelidae,cephalopholis_miniata,#error!,2,1,21,23,NA,NA,NA,NA
2018-10-07,gc_a_p_sc07,mbachile_napabo,comoros,epinephelidae,cephalopholis_miniata,#error!,2,1,16,18,NA,NA,NA,NA
2018-10-07,gc_a_p_sc07,mbachile_napabo,comoros,epinephelidae,cephalopholis_spiloparaea,#error!,2,1,26,28,NA,NA,NA,NA
2018-10-07,gc_a_p_sc07,mbachile_napabo,comoros,epinephelidae,cephalopholis_nigripinnis,#error!,3,1,16,18,NA,NA,NA,NA
2018-10-07,gc_a_p_sc07,mbachile_napabo,comoros,epinephelidae,variola_louti,#error!,3,1,51,53,NA,NA,NA,NA
2018-10-08,gc_a_p_sc08,mbachile_napabo,comoros,epinephelidae,cephalopholis_nigripinnis,#error!,4,1,21,23,NA,NA,NA,NA
2018-10-08,gc_a_p_sc08,mbachile_napabo,comoros,epinephelidae,cephalopholis_nigripinnis,#error!,4,2,16,18,NA,NA,NA,NA
2018-10-08,gc_a_p_sc08,mbachile_napabo,comoros,epinephelidae,cephalopholis_nigripinnis,#error!,5,1,11,13,NA,NA,NA,NA
2018-10-08,gc_a_p_sc08,mbachile_napabo,comoros,epinephelidae,cephalopholis_nigripinnis,#error!,5,1,16,18,NA,NA,NA,NA
2018-10-08,gc_a_p_sc08,mbachile_napabo,comoros,epinephelidae,cephalopholis_boenack,#error!,6,1,11,13,NA,NA,NA,NA
2018-10-08,gc_a_p_sc08,mbachile_napabo,comoros,epinephelidae,cephalopholis_nigripinnis,#error!,6,2,11,13,NA,NA,NA,NA
2018-10-08,gc_a_p_sc08,mbachile_napabo,comoros,epinephelidae,cephalopholis_nigripinnis,#error!,6,2,16,18,NA,NA,NA,NA
2022-04-02,mbo_01,mboe,kenya,epinephelidae,aethaloperca_rogaa,#error!,2,1,26,28,NA,NA,NA,NA
2022-04-02,mbo_02,mboe,kenya,epinephelidae,aethaloperca_rogaa,#error!,5,1,26,28,NA,NA,NA,NA
2022-04-05,mek_01,mekka,kenya,epinephelidae,cephalopholis_nigripinnis,#error!,1,2,11,13,NA,NA,NA,NA
2022-04-05,mek_01,mekka,kenya,epinephelidae,cephalopholis_nigripinnis,#error!,1,1,21,23,NA,NA,NA,NA
2022-04-05,mek_01,mekka,kenya,epinephelidae,cephalopholis_boenack,#error!,2,1,21,23,NA,NA,NA,NA
2022-04-05,mek_01,mekka,kenya,epinephelidae,cephalopholis_nigripinnis,#error!,2,1,16,18,NA,NA,NA,NA
2022-04-05,mek_01,mekka,kenya,epinephelidae,cephalopholis_nigripinnis,#error!,2,1,26,28,NA,NA,NA,NA
2022-04-05,mek_01,mekka,kenya,epinephelidae,cephalopholis_nigripinnis,#error!,3,4,21,23,NA,NA,NA,NA
2022-04-05,mek_01,mekka,kenya,epinephelidae,cephalopholis_nigripinnis,#error!,3,1,26,28,NA,NA,NA,NA
2022-04-05,mek_01,mekka,kenya,epinephelidae,cephalopholis_nigripinnis,#error!,3,1,16,18,NA,NA,NA,NA
2022-04-05,mek_01,mekka,kenya,epinephelidae,epinephelus_fasciatus,#error!,3,1,16,18,NA,NA,NA,NA
2022-04-05,mek_02,mekka,kenya,epinephelidae,cephalopholis_nigripinnis,#error!,4,1,16,18,NA,NA,NA,NA
2022-09-10,mimo_01,memboiboini,comoros,epinephelidae,cephalopholis_leopardus,#error!,1,1,16,18,NA,NA,NA,NA
2022-09-10,mimo_01,memboiboini,comoros,epinephelidae,cephalopholis_leopardus,#error!,1,1,11,13,NA,NA,NA,NA
2022-09-10,mimo_01,memboiboini,comoros,epinephelidae,cephalopholis_nigripinnis,#error!,1,1,16,18,NA,NA,NA,NA
2022-09-10,mimo_02,memboiboini,comoros,epinephelidae,cephalopholis_nigripinnis,#error!,2,1,16,18,NA,NA,NA,NA
2022-09-10,mimo_02,memboiboini,comoros,epinephelidae,cephalopholis_leopardus,#error!,2,2,16,18,NA,NA,NA,NA
2022-09-10,mimo_02,memboiboini,comoros,epinephelidae,cephalopholis_nigripinnis,#error!,3,2,16,18,NA,NA,NA,NA
2022-09-10,mimo_02,memboiboini,comoros,epinephelidae,cephalopholis_nigripinnis,#error!,4,1,16,18,NA,NA,NA,NA
2022-09-10,mimo_02,memboiboini,comoros,epinephelidae,cephalopholis_leopardus,#error!,4,1,16,18,NA,NA,NA,NA
2023-02-14,miko_01,mikes_outer,kenya,epinephelidae,epinephelus_merra,#error!,3,1,31,33,NA,NA,NA,NA
2018-10-11,mw_d_p_sc13,mirereni,comoros,epinephelidae,cephalopholis_spiloparaea,#error!,1,1,16,18,NA,NA,NA,NA
2018-10-11,mw_d_p_sc13,mirereni,comoros,epinephelidae,cephalopholis_spiloparaea,#error!,1,1,21,23,NA,NA,NA,NA
2018-10-11,mw_d_p_sc13,mirereni,comoros,epinephelidae,cephalopholis_nigripinnis,#error!,2,1,16,18,NA,NA,NA,NA
2018-10-11,mw_d_p_sc13,mirereni,comoros,epinephelidae,cephalopholis_spiloparaea,#error!,2,1,21,23,NA,NA,NA,NA
2018-10-12,mw_d_p_sc14,mirereni,comoros,epinephelidae,aethaloperca_rogaa,#error!,3,1,16,18,NA,NA,NA,NA
2018-10-12,mw_d_p_sc14,mirereni,comoros,epinephelidae,cephalopholis_argus,#error!,3,1,36,38,NA,NA,NA,NA
2018-10-12,mw_d_p_sc14,mirereni,comoros,epinephelidae,plectropomus_laevis,#error!,3,1,21,23,NA,NA,NA,NA
2018-10-12,mw_d_p_sc14,mirereni,comoros,epinephelidae,cephalopholis_argus,#error!,4,1,16,18,NA,NA,NA,NA
2018-10-12,mw_d_p_sc14,mirereni,comoros,epinephelidae,cephalopholis_argus,#error!,5,1,26,28,NA,NA,NA,NA
2018-10-13,mw_b_p_sc15,miringoni,comoros,epinephelidae,cephalopholis_argus,#error!,1,1,46,48,NA,NA,NA,NA
2018-10-13,mw_b_p_sc15,miringoni,comoros,epinephelidae,cephalopholis_argus,#error!,1,1,26,28,NA,NA,NA,NA
2018-10-13,mw_b_p_sc15,miringoni,comoros,epinephelidae,epinephelus_flavocaeruleus,#error!,1,1,36,38,NA,NA,NA,NA
2018-10-13,mw_b_p_sc15,miringoni,comoros,epinephelidae,cephalopholis_argus,#error!,2,1,26,28,NA,NA,NA,NA
2018-10-13,mw_b_p_sc15,miringoni,comoros,epinephelidae,cephalopholis_leopardus,#error!,3,1,11,13,NA,NA,NA,NA
2018-10-13,mw_b_p_sc15,miringoni,comoros,epinephelidae,cephalopholis_leopardus,#error!,3,2,16,18,NA,NA,NA,NA
2018-10-14,mw_b_p_sc18,miringoni,comoros,epinephelidae,cephalopholis_argus,#error!,5,1,21,23,NA,NA,NA,NA
2018-10-14,mw_b_p_sc18,miringoni,comoros,epinephelidae,cephalopholis_argus,#error!,6,1,16,18,NA,NA,NA,NA
2018-10-14,mw_b_p_sc18,miringoni,comoros,epinephelidae,cephalopholis_nigripinnis,#error!,6,1,16,18,NA,NA,NA,NA
2019-11-10,mis_01,misali,tanzania,epinephelidae,cephalopholis_argus,#error!,1,1,21,23,NA,NA,NA,NA
2019-11-10,mis_01,misali,tanzania,epinephelidae,cephalopholis_argus,#error!,1,1,31,33,NA,NA,NA,NA
2019-11-10,mis_01,misali,tanzania,epinephelidae,cephalopholis_argus,#error!,3,1,26,28,NA,NA,NA,NA
2019-11-10,mis_02,misali,tanzania,epinephelidae,cephalopholis_nigripinnis,#error!,5,1,11,13,NA,NA,NA,NA
2018-10-05,gc_a_p_sc05,mitsamiouli,comoros,epinephelidae,cephalopholis_nigripinnis,#error!,1,1,16,18,NA,NA,NA,NA
2018-10-06,gc_a_p_sc06,mitsamiouli,comoros,epinephelidae,cephalopholis_spiloparaea,#error!,4,4,16,18,NA,NA,NA,NA
2018-10-06,gc_a_p_sc06,mitsamiouli,comoros,epinephelidae,cephalopholis_argus,#error!,4,1,26,28,NA,NA,NA,NA
2018-10-06,gc_a_p_sc06,mitsamiouli,comoros,epinephelidae,cephalopholis_leopardus,#error!,4,1,16,18,NA,NA,NA,NA
2018-10-06,gc_a_p_sc06,mitsamiouli,comoros,epinephelidae,aethaloperca_rogaa,#error!,4,1,21,23,NA,NA,NA,NA
2018-10-06,gc_a_p_sc06,mitsamiouli,comoros,epinephelidae,cephalopholis_spiloparaea,#error!,5,1,11,13,NA,NA,NA,NA
2018-10-06,gc_a_p_sc06,mitsamiouli,comoros,epinephelidae,cephalopholis_argus,#error!,5,1,26,28,NA,NA,NA,NA
2018-10-06,gc_a_p_sc06,mitsamiouli,comoros,epinephelidae,cephalopholis_nigripinnis,#error!,5,2,16,18,NA,NA,NA,NA
2018-10-06,gc_a_p_sc06,mitsamiouli,comoros,epinephelidae,cephalopholis_nigripinnis,#error!,5,1,11,13,NA,NA,NA,NA
2018-10-06,gc_a_p_sc06,mitsamiouli,comoros,epinephelidae,variola_louti,#error!,5,1,21,23,NA,NA,NA,NA
2018-10-06,gc_a_p_sc06,mitsamiouli,comoros,epinephelidae,variola_louti,#error!,5,1,11,13,NA,NA,NA,NA
2018-10-06,gc_a_p_sc06,mitsamiouli,comoros,epinephelidae,cephalopholis_argus,#error!,6,1,16,18,NA,NA,NA,NA
2018-10-06,gc_a_p_sc06,mitsamiouli,comoros,epinephelidae,cephalopholis_nigripinnis,#error!,6,1,16,18,NA,NA,NA,NA
2023-11-01,mitsam2,mitsamiouli,comoros,epinephelidae,cephalopholis_nigripinnis,#error!,1,1,11,13,NA,NA,NA,NA
2023-11-01,mitsam2,mitsamiouli,comoros,epinephelidae,cephalopholis_nigripinnis,#error!,1,1,16,18,NA,NA,NA,NA
2023-11-01,mitsam2,mitsamiouli,comoros,epinephelidae,variola_louti,#error!,1,1,21,23,NA,NA,NA,NA
2023-11-01,mitsam2,mitsamiouli,comoros,epinephelidae,cephalopholis_nigripinnis,#error!,2,1,11,13,NA,NA,NA,NA
2023-11-01,mitsam2,mitsamiouli,comoros,epinephelidae,variola_louti,#error!,2,1,16,18,NA,NA,NA,NA
2023-11-01,mitsam2,mitsamiouli,comoros,epinephelidae,cephalopholis_leopardus,#error!,2,2,11,13,NA,NA,NA,NA
2023-11-01,mitsam3,mitsamiouli,comoros,epinephelidae,cephalopholis_nigripinnis,#error!,3,1,11,13,NA,NA,NA,NA
2023-11-01,mitsam3,mitsamiouli,comoros,epinephelidae,cephalopholis_nigripinnis,#error!,4,1,11,13,NA,NA,NA,NA
2022-10-18,mjk_01,mji_wa_kale,kenya,epinephelidae,epinephelus_merra,#error!,4,1,16,18,NA,NA,NA,NA
2022-10-18,mjk_02,mji_wa_kale,kenya,epinephelidae,cephalopholis_argus,#error!,3,1,21,23,NA,NA,NA,NA
2022-04-01,mli_01,mliani,kenya,epinephelidae,cephalopholis_argus,#error!,3,1,11,13,NA,NA,NA,NA
2022-10-28,mbcg_01,mombasa_coral_garden,kenya,epinephelidae,cephalopholis_argus,#error!,1,1,31,33,NA,NA,NA,NA
2022-10-28,mbcg_01,mombasa_coral_garden,kenya,epinephelidae,cephalopholis_argus,#error!,1,3,21,23,NA,NA,NA,NA
2022-10-28,mbcg_01,mombasa_coral_garden,kenya,epinephelidae,cephalopholis_argus,#error!,1,1,16,18,NA,NA,NA,NA
2022-10-28,mbcg_01,mombasa_coral_garden,kenya,epinephelidae,epinephelus_spilotoceps,#error!,1,1,26,28,NA,NA,NA,NA
2022-10-28,mbcg_01,mombasa_coral_garden,kenya,epinephelidae,cephalopholis_argus,#error!,2,1,31,33,NA,NA,NA,NA
2022-10-28,mbcg_01,mombasa_coral_garden,kenya,epinephelidae,cephalopholis_argus,#error!,2,3,21,23,NA,NA,NA,NA
2022-10-28,mbcg_01,mombasa_coral_garden,kenya,epinephelidae,cephalopholis_argus,#error!,2,1,16,18,NA,NA,NA,NA
2021-03-18,mor_01,moray,kenya,epinephelidae,cephalopholis_argus,#error!,1,4,26,28,NA,NA,NA,NA
2021-03-18,mor_01,moray,kenya,epinephelidae,aethaloperca_rogaa,#error!,1,2,26,28,NA,NA,NA,NA
2021-03-18,mor_01,moray,kenya,epinephelidae,cephalopholis_argus,#error!,2,1,26,28,NA,NA,NA,NA
2021-03-18,mor_02,moray,kenya,epinephelidae,cephalopholis_argus,#error!,4,1,31,33,NA,NA,NA,NA
2021-03-18,mor_02,moray,kenya,epinephelidae,cephalopholis_argus,#error!,4,1,26,28,NA,NA,NA,NA
2021-03-18,mor_02,moray,kenya,epinephelidae,cephalopholis_miniata,#error!,4,1,31,33,NA,NA,NA,NA
2021-03-18,mor_02,moray,kenya,epinephelidae,aethaloperca_rogaa,#error!,5,1,16,18,NA,NA,NA,NA
2021-03-18,mor_02,moray,kenya,epinephelidae,cephalopholis_boenack,#error!,5,1,16,18,NA,NA,NA,NA
2021-03-18,mor_02,moray,kenya,epinephelidae,cephalopholis_nigripinnis,#error!,5,1,11,13,NA,NA,NA,NA
2023-03-20,mhd_01,muhindi,kenya,epinephelidae,epinephelus_merra,#error!,2,1,11,13,NA,NA,NA,NA
2021-11-16,mvu_01,mvureni,kenya,epinephelidae,cephalopholis_argus,#error!,1,1,26,28,NA,NA,NA,NA
2022-04-03,mwk_01,mwakinyavu,kenya,epinephelidae,aethaloperca_rogaa,#error!,1,1,16,18,NA,NA,NA,NA
2022-04-03,mwk_01,mwakinyavu,kenya,epinephelidae,epinephelus_spilotoceps,#error!,1,1,31,33,NA,NA,NA,NA
2022-04-03,mwk_01,mwakinyavu,kenya,epinephelidae,epinephelus_spilotoceps,#error!,1,1,26,28,NA,NA,NA,NA
2023-02-12,mwy_01,mwamba_yee,kenya,epinephelidae,cephalopholis_sonnerati,#error!,2,1,16,18,NA,NA,NA,NA
2023-02-12,mwy_01,mwamba_yee,kenya,epinephelidae,cephalopholis_sonnerati,#error!,3,1,16,18,NA,NA,NA,NA
2023-11-04,ndje_01,ndjelezi,comoros,epinephelidae,cephalopholis_nigripinnis,#error!,1,4,11,13,NA,NA,NA,NA
2023-11-04,ndje_01,ndjelezi,comoros,epinephelidae,cephalopholis_miniata,#error!,1,1,16,18,NA,NA,NA,NA
2023-11-04,ndje_01,ndjelezi,comoros,epinephelidae,epinephelus_fasciatus,#error!,1,1,16,18,NA,NA,NA,NA
2023-11-04,ndje_01,ndjelezi,comoros,epinephelidae,epinephelus_melanostigma,#error!,1,1,36,38,NA,NA,NA,NA
2023-11-04,ndje_01,ndjelezi,comoros,epinephelidae,cephalopholis_leopardus,#error!,2,1,11,13,NA,NA,NA,NA
2023-11-04,ndje_01,ndjelezi,comoros,epinephelidae,epinephelus_fasciatus,#error!,2,3,11,13,NA,NA,NA,NA
2023-11-04,ndje_01,ndjelezi,comoros,epinephelidae,epinephelus_fasciatus,#error!,2,2,16,18,NA,NA,NA,NA
2023-11-04,ndje_02,ndjelezi,comoros,epinephelidae,epinephelus_spilotoceps,#error!,3,1,21,23,NA,NA,NA,NA
2023-11-04,ndje_02,ndjelezi,comoros,epinephelidae,epinephelus_spilotoceps,#error!,3,1,26,28,NA,NA,NA,NA
2023-11-04,ndje_02,ndjelezi,comoros,epinephelidae,cephalopholis_nigripinnis,#error!,4,1,11,13,NA,NA,NA,NA
2023-11-04,ndje_02,ndjelezi,comoros,epinephelidae,cephalopholis_nigripinnis,#error!,4,2,16,18,NA,NA,NA,NA
2022-09-06,ndro_01,ndroude,comoros,epinephelidae,epinephelus_tukula,#error!,1,1,101,103,NA,NA,NA,NA
2022-09-06,ndro_01,ndroude,comoros,epinephelidae,cephalopholis_argus,#error!,2,1,31,33,NA,NA,NA,NA
2022-09-06,ndro_01,ndroude,comoros,epinephelidae,cephalopholis_argus,#error!,2,1,21,23,NA,NA,NA,NA
2022-09-06,ndro_02,ndroude,comoros,epinephelidae,cephalopholis_argus,#error!,3,2,11,13,NA,NA,NA,NA
2022-09-06,ndro_02,ndroude,comoros,epinephelidae,cephalopholis_argus,#error!,3,1,16,18,NA,NA,NA,NA
2022-09-06,ndro_02,ndroude,comoros,epinephelidae,cephalopholis_nigripinnis,#error!,3,2,11,13,NA,NA,NA,NA
2022-09-06,ndro_02,ndroude,comoros,epinephelidae,cephalopholis_nigripinnis,#error!,4,3,16,18,NA,NA,NA,NA
2022-09-06,ndro_02,ndroude,comoros,epinephelidae,cephalopholis_argus,#error!,5,1,16,18,NA,NA,NA,NA
2022-09-06,ndro_02,ndroude,comoros,epinephelidae,epinephelus_spilotoceps,#error!,5,1,21,23,NA,NA,NA,NA
2019-11-06,njg_01,njao_gap,tanzania,epinephelidae,cephalopholis_boenack,#error!,1,1,16,18,NA,NA,NA,NA
2021-03-30,nor_01,north_reef,kenya,epinephelidae,aethaloperca_rogaa,#error!,1,1,31,33,NA,NA,NA,NA
2021-03-30,nor_01,north_reef,kenya,epinephelidae,aethaloperca_rogaa,#error!,1,1,16,18,NA,NA,NA,NA
2021-03-30,nor_01,north_reef,kenya,epinephelidae,cephalopholis_argus,#error!,1,1,36,38,NA,NA,NA,NA
2021-03-30,nor_01,north_reef,kenya,epinephelidae,cephalopholis_argus,#error!,1,1,26,28,NA,NA,NA,NA
2021-03-30,nor_01,north_reef,kenya,epinephelidae,aethaloperca_rogaa,#error!,2,1,31,33,NA,NA,NA,NA
2021-03-30,nor_01,north_reef,kenya,epinephelidae,cephalopholis_argus,#error!,3,1,41,43,NA,NA,NA,NA
2021-03-30,nor_02,north_reef,kenya,epinephelidae,cephalopholis_argus,#error!,4,1,31,33,NA,NA,NA,NA
2021-03-30,nor_02,north_reef,kenya,epinephelidae,cephalopholis_argus,#error!,4,1,26,28,NA,NA,NA,NA
2021-03-30,nor_02,north_reef,kenya,epinephelidae,cephalopholis_argus,#error!,4,1,36,38,NA,NA,NA,NA
2021-03-30,nor_02,north_reef,kenya,epinephelidae,cephalopholis_boenack,#error!,4,1,21,23,NA,NA,NA,NA
2021-03-30,nor_02,north_reef,kenya,epinephelidae,aethaloperca_rogaa,#error!,5,1,16,18,NA,NA,NA,NA
2021-03-30,nor_02,north_reef,kenya,epinephelidae,aethaloperca_rogaa,#error!,5,1,11,13,NA,NA,NA,NA
2022-11-14,nyn_01,nyamalile_north,tanzania,epinephelidae,cephalopholis_nigripinnis,#error!,1,1,16,18,NA,NA,NA,NA
2022-11-14,nyn_01,nyamalile_north,tanzania,epinephelidae,plectropomus_laevis,#error!,1,1,31,33,NA,NA,NA,NA
2022-11-14,nyn_01,nyamalile_north,tanzania,epinephelidae,cephalopholis_nigripinnis,#error!,2,1,21,23,NA,NA,NA,NA
2022-11-14,nyn_01,nyamalile_north,tanzania,epinephelidae,cephalopholis_nigripinnis,#error!,2,2,16,18,NA,NA,NA,NA
2022-11-14,nys_01,nyamalile_south,tanzania,epinephelidae,cephalopholis_argus,#error!,1,1,16,18,NA,NA,NA,NA
2018-09-27,aj_a_p_sc01,ouani,comoros,epinephelidae,cephalopholis_nigripinnis,#error!,1,1,21,23,NA,NA,NA,NA
2020-11-19,pap_01,papa_reef,kenya,epinephelidae,cephalopholis_miniata,#error!,1,1,21,23,NA,NA,NA,NA
2020-11-19,pap_01,papa_reef,kenya,epinephelidae,cephalopholis_argus,#error!,2,1,26,28,NA,NA,NA,NA
2020-11-19,pap_01,papa_reef,kenya,epinephelidae,cephalopholis_argus,#error!,2,1,21,23,NA,NA,NA,NA
2020-11-19,pap_02,papa_reef,kenya,epinephelidae,epinephelus_spilotoceps,#error!,4,2,11,13,NA,NA,NA,NA
2020-11-19,pap_02,papa_reef,kenya,epinephelidae,cephalopholis_miniata,#error!,5,1,26,28,NA,NA,NA,NA
2020-11-19,pap_02,papa_reef,kenya,epinephelidae,epinephelus_caeruleopunctatus,#error!,5,1,26,28,NA,NA,NA,NA
2020-11-19,pap_02,papa_reef,kenya,epinephelidae,epinephelus_spilotoceps,#error!,5,2,16,18,NA,NA,NA,NA
2019-11-07,par_01,paradise,tanzania,epinephelidae,cephalopholis_nigripinnis,#error!,1,1,16,18,NA,NA,NA,NA
2019-11-07,par_01,paradise,tanzania,epinephelidae,cephalopholis_nigripinnis,#error!,1,2,21,23,NA,NA,NA,NA
2019-11-07,par_01,paradise,tanzania,epinephelidae,cephalopholis_nigripinnis,#error!,1,1,11,13,NA,NA,NA,NA
2023-02-17,pet_01,pethali,kenya,epinephelidae,epinephelus_merra,#error!,1,1,26,28,NA,NA,NA,NA
2023-02-17,pet_01,pethali,kenya,epinephelidae,cephalopholis_argus,#error!,2,1,16,18,NA,NA,NA,NA
2023-02-17,pet_01,pethali,kenya,epinephelidae,epinephelus_merra,#error!,2,1,26,28,NA,NA,NA,NA
2023-02-17,pet_02,pethali,kenya,epinephelidae,epinephelus_merra,#error!,5,1,26,28,NA,NA,NA,NA
2018-10-15,mw_a_p_sc19,point_ouani,comoros,epinephelidae,variola_louti,#error!,1,1,26,28,NA,NA,NA,NA
2018-10-15,mw_a_p_sc19,point_ouani,comoros,epinephelidae,aethaloperca_rogaa,#error!,3,1,21,23,NA,NA,NA,NA
2023-03-23,riw_01,ras_iwatine,kenya,epinephelidae,epinephelus_merra,#error!,1,1,16,18,NA,NA,NA,NA
2018-10-10,mw_e_p_sc11,sambia,comoros,epinephelidae,cephalopholis_leopardus,#error!,1,1,16,18,NA,NA,NA,NA
2018-10-10,mw_e_p_sc11,sambia,comoros,epinephelidae,cephalopholis_leopardus,#error!,2,1,16,18,NA,NA,NA,NA
2018-10-10,mw_e_p_sc11,sambia,comoros,epinephelidae,plectropomus_laevis,#error!,2,1,16,18,NA,NA,NA,NA
2018-10-10,mw_e_p_sc11,sambia,comoros,epinephelidae,cephalopholis_argus,#error!,3,1,16,18,NA,NA,NA,NA
2018-10-10,mw_e_p_sc11,sambia,comoros,epinephelidae,cephalopholis_argus,#error!,3,1,11,13,NA,NA,NA,NA
2018-10-11,mw_e_p_sc12,sambia,comoros,epinephelidae,cephalopholis_spiloparaea,#error!,4,1,26,28,NA,NA,NA,NA
2018-10-11,mw_e_p_sc12,sambia,comoros,epinephelidae,plectropomus_laevis,#error!,4,1,46,48,NA,NA,NA,NA
2018-10-11,mw_e_p_sc12,sambia,comoros,epinephelidae,cephalopholis_leopardus,#error!,5,1,16,18,NA,NA,NA,NA
2018-10-11,mw_e_p_sc12,sambia,comoros,epinephelidae,epinephelus_flavocaeruleus,#error!,6,1,41,43,NA,NA,NA,NA
2018-10-11,mw_e_p_sc12,sambia,comoros,epinephelidae,aethaloperca_rogaa,#error!,6,1,26,28,NA,NA,NA,NA
2018-10-11,mw_e_p_sc12,sambia,comoros,epinephelidae,variola_louti,#error!,6,1,46,48,NA,NA,NA,NA
2019-11-05,scs_02,scorpions_secret,tanzania,epinephelidae,cephalopholis_leopardus,#error!,4,1,11,13,NA,NA,NA,NA
2019-11-05,scs_02,scorpions_secret,tanzania,epinephelidae,cephalopholis_boenack,#error!,5,1,21,23,NA,NA,NA,NA
2019-11-05,scs_02,scorpions_secret,tanzania,epinephelidae,cephalopholis_boenack,#error!,5,4,16,18,NA,NA,NA,NA
2019-11-05,scs_02,scorpions_secret,tanzania,epinephelidae,cephalopholis_boenack,#error!,5,1,11,13,NA,NA,NA,NA
2019-11-05,scs_02,scorpions_secret,tanzania,epinephelidae,cephalopholis_argus,#error!,5,1,26,28,NA,NA,NA,NA
2019-11-05,scs_02,scorpions_secret,tanzania,epinephelidae,cephalopholis_argus,#error!,5,1,21,23,NA,NA,NA,NA
2019-11-05,scs_02,scorpions_secret,tanzania,epinephelidae,aethaloperca_rogaa,#error!,5,1,36,38,NA,NA,NA,NA
2019-11-05,scs_02,scorpions_secret,tanzania,epinephelidae,cephalopholis_miniata,#error!,5,1,26,28,NA,NA,NA,NA
2019-11-05,scs_02,scorpions_secret,tanzania,epinephelidae,cephalopholis_miniata,#error!,5,1,21,23,NA,NA,NA,NA
2019-11-08,shi_01,shimba,tanzania,epinephelidae,variola_louti,#error!,1,1,16,18,NA,NA,NA,NA
2019-11-08,shi_02,shimba,tanzania,epinephelidae,cephalopholis_argus,#error!,4,1,26,28,NA,NA,NA,NA
2019-11-08,shi_02,shimba,tanzania,epinephelidae,cephalopholis_nigripinnis,#error!,4,1,21,23,NA,NA,NA,NA
2019-11-08,shi_02,shimba,tanzania,epinephelidae,cephalopholis_boenack,#error!,4,1,21,23,NA,NA,NA,NA
2019-11-08,shi_02,shimba,tanzania,epinephelidae,cephalopholis_nigripinnis,#error!,5,3,16,18,NA,NA,NA,NA
2019-11-08,shi_02,shimba,tanzania,epinephelidae,cephalopholis_nigripinnis,#error!,5,1,11,13,NA,NA,NA,NA
2022-11-04,tkg_01,takaungu,kenya,epinephelidae,cephalopholis_nigripinnis,#error!,1,1,16,18,NA,NA,NA,NA
2020-11-20,tur_01,turtle_reef,kenya,epinephelidae,cephalopholis_argus,#error!,1,1,36,38,NA,NA,NA,NA
2020-11-20,tur_02,turtle_reef,kenya,epinephelidae,cephalopholis_boenack,#error!,4,1,21,23,NA,NA,NA,NA
2020-11-20,tur_02,turtle_reef,kenya,epinephelidae,epinephelus_spilotoceps,#error!,5,1,11,13,NA,NA,NA,NA
2020-11-20,tur_02,turtle_reef,kenya,epinephelidae,cephalopholis_boenack,#error!,5,1,16,18,NA,NA,NA,NA
2021-04-15,ump_01,upper_mpunguti,kenya,epinephelidae,cephalopholis_nigripinnis,#error!,1,1,11,13,NA,NA,NA,NA
2021-04-15,ump_01,upper_mpunguti,kenya,epinephelidae,cephalopholis_miniata,#error!,1,1,16,18,NA,NA,NA,NA
2021-04-15,ump_02,upper_mpunguti,kenya,epinephelidae,cephalopholis_nigripinnis,#error!,4,1,11,13,NA,NA,NA,NA
2021-04-15,ump_02,upper_mpunguti,kenya,epinephelidae,cephalopholis_argus,#error!,4,1,11,13,NA,NA,NA,NA
2021-04-15,ump_02,upper_mpunguti,kenya,epinephelidae,aethaloperca_rogaa,#error!,5,1,11,13,NA,NA,NA,NA
2021-04-15,ump_02,upper_mpunguti,kenya,epinephelidae,cephalopholis_argus,#error!,5,1,16,18,NA,NA,NA,NA
2021-04-15,ump_02,upper_mpunguti,kenya,epinephelidae,cephalopholis_nigripinnis,#error!,5,2,11,13,NA,NA,NA,NA
2022-11-13,mil_01,utumbi,tanzania,epinephelidae,cephalopholis_nigripinnis,#error!,3,1,21,23,NA,NA,NA,NA
2022-11-13,mil_01,utumbi,tanzania,epinephelidae,epinephelus_fuscoguttatus,#error!,4,1,41,43,NA,NA,NA,NA
2022-11-13,utm_01,utumbi,tanzania,epinephelidae,aethaloperca_rogaa,#error!,1,1,31,33,NA,NA,NA,NA
2022-11-13,utm_01,utumbi,tanzania,epinephelidae,cephalopholis_boenack,#error!,1,1,16,18,NA,NA,NA,NA
2022-11-13,utm_01,utumbi,tanzania,epinephelidae,aethaloperca_rogaa,#error!,2,1,41,43,NA,NA,NA,NA
2022-11-13,utm_01,utumbi,tanzania,epinephelidae,cephalopholis_nigripinnis,#error!,2,1,16,18,NA,NA,NA,NA
2022-11-13,utm_01,utumbi,tanzania,epinephelidae,variola_louti,#error!,2,1,16,18,NA,NA,NA,NA
2021-03-17,uyo_01,uyombo,kenya,epinephelidae,cephalopholis_argus,#error!,2,1,21,23,NA,NA,NA,NA
2021-03-17,uyo_02,uyombo,kenya,epinephelidae,aethaloperca_rogaa,#error!,4,1,21,23,NA,NA,NA,NA
2021-02-16,vms_01,vuma_south,kenya,epinephelidae,epinephelus_fasciatus,#error!,1,1,16,18,NA,NA,NA,NA
2021-02-16,vms_01,vuma_south,kenya,epinephelidae,epinephelus_fasciatus,#error!,1,2,11,13,NA,NA,NA,NA
2021-02-16,vms_02,vuma_south,kenya,epinephelidae,aethaloperca_rogaa,#error!,5,1,26,28,NA,NA,NA,NA
2020-12-23,was_01,wasini_tengefu,kenya,epinephelidae,cephalopholis_boenack,#error!,2,1,16,18,NA,NA,NA,NA
2020-12-23,was_01,wasini_tengefu,kenya,epinephelidae,cephalopholis_boenack,#error!,3,1,16,18,NA,NA,NA,NA
2020-12-23,was_02,wasini_tengefu,kenya,epinephelidae,aethaloperca_rogaa,#error!,5,1,16,18,NA,NA,NA,NA
2022-11-03,wmb_01,wembe,kenya,epinephelidae,cephalopholis_nigripinnis,#error!,1,3,16,18,NA,NA,NA,NA
2022-11-03,wmb_01,wembe,kenya,epinephelidae,epinephelus_merra,#error!,1,2,21,23,NA,NA,NA,NA
2022-11-03,wmb_01,wembe,kenya,epinephelidae,cephalopholis_argus,#error!,2,1,21,23,NA,NA,NA,NA
2022-11-03,wmb_01,wembe,kenya,epinephelidae,cephalopholis_argus,#error!,2,1,31,33,NA,NA,NA,NA
2022-11-03,wmb_01,wembe,kenya,epinephelidae,cephalopholis_argus,#error!,2,2,26,28,NA,NA,NA,NA
2022-11-03,wmb_01,wembe,kenya,epinephelidae,cephalopholis_nigripinnis,#error!,2,3,16,18,NA,NA,NA,NA
2022-11-03,wmb_01,wembe,kenya,epinephelidae,cephalopholis_nigripinnis,#error!,2,1,21,23,NA,NA,NA,NA
2022-11-03,wmb_01,wembe,kenya,epinephelidae,epinephelus_fasciatus,#error!,2,1,21,23,NA,NA,NA,NA
2022-11-03,wmb_01,wembe,kenya,epinephelidae,epinephelus_fasciatus,#error!,2,2,16,18,NA,NA,NA,NA
2022-11-03,wmb_02,wembe,kenya,epinephelidae,cephalopholis_nigripinnis,#error!,3,3,16,18,NA,NA,NA,NA
2022-11-03,wmb_02,wembe,kenya,epinephelidae,cephalopholis_nigripinnis,#error!,4,1,16,18,NA,NA,NA,NA
2022-11-03,wmb_02,wembe,kenya,epinephelidae,cephalopholis_nigripinnis,#error!,5,3,16,18,NA,NA,NA,NA
2022-11-03,wmb_02,wembe,kenya,epinephelidae,epinephelus_spilotoceps,#error!,5,1,21,23,NA,NA,NA,NA
2022-11-19,yuy_01,yuyuni,tanzania,epinephelidae,cephalopholis_argus,#error!,1,2,26,28,NA,NA,NA,NA
2022-11-19,yuy_01,yuyuni,tanzania,epinephelidae,cephalopholis_argus,#error!,1,2,31,33,NA,NA,NA,NA
2022-11-19,yuy_01,yuyuni,tanzania,epinephelidae,cephalopholis_nigripinnis,#error!,1,1,16,18,NA,NA,NA,NA
2022-11-19,yuy_01,yuyuni,tanzania,epinephelidae,cephalopholis_argus,#error!,2,2,26,28,NA,NA,NA,NA
2022-11-19,yuy_01,yuyuni,tanzania,epinephelidae,cephalopholis_argus,#error!,2,1,21,23,NA,NA,NA,NA
2022-11-19,yuy_01,yuyuni,tanzania,epinephelidae,cephalopholis_boenack,#error!,2,2,16,18,NA,NA,NA,NA
2022-11-19,yuy_01,yuyuni,tanzania,epinephelidae,variola_louti,#error!,2,1,36,38,NA,NA,NA,NA
2022-11-19,yuy_01,yuyuni,tanzania,epinephelidae,cephalopholis_nigripinnis,#error!,2,1,16,18,NA,NA,NA,NA
2022-11-19,yuy_01,yuyuni,tanzania,epinephelidae,cephalopholis_argus,#error!,3,1,31,33,NA,NA,NA,NA
2022-11-19,yuy_01,yuyuni,tanzania,epinephelidae,cephalopholis_argus,#error!,3,1,26,28,NA,NA,NA,NA
2022-11-19,yuy_01,yuyuni,tanzania,epinephelidae,cephalopholis_boenack,#error!,3,2,11,13,NA,NA,NA,NA
2022-11-19,yuy_01,yuyuni,tanzania,epinephelidae,cephalopholis_boenack,#error!,3,1,16,18,NA,NA,NA,NA
2022-11-19,yuy_01,yuyuni,tanzania,epinephelidae,cephalopholis_nigripinnis,#error!,3,2,16,18,NA,NA,NA,NA
2022-11-19,yuy_01,yuyuni,tanzania,epinephelidae,cephalopholis_nigripinnis,#error!,3,1,11,13,NA,NA,NA,NA
2022-11-19,yuy_02,yuyuni,tanzania,epinephelidae,cephalopholis_argus,#error!,4,2,21,23,NA,NA,NA,NA
2022-11-19,yuy_02,yuyuni,tanzania,epinephelidae,cephalopholis_argus,#error!,4,1,16,18,NA,NA,NA,NA
2022-11-19,yuy_02,yuyuni,tanzania,epinephelidae,cephalopholis_argus,#error!,4,1,26,28,NA,NA,NA,NA
2022-11-19,yuy_02,yuyuni,tanzania,epinephelidae,variola_louti,#error!,4,1,51,53,NA,NA,NA,NA
2022-11-19,yuy_02,yuyuni,tanzania,epinephelidae,anyperodon_leucogrammicus,#error!,4,1,41,43,NA,NA,NA,NA
2022-11-19,yuy_02,yuyuni,tanzania,epinephelidae,epinephelus_tauvina,#error!,4,1,46,48,NA,NA,NA,NA
2022-11-19,yuy_02,yuyuni,tanzania,epinephelidae,epinephelus_spilotoceps,#error!,5,2,31,33,NA,NA,NA,NA
2022-11-19,yuy_02,yuyuni,tanzania,epinephelidae,epinephelus_spilotoceps,#error!,5,1,26,28,NA,NA,NA,NA
2022-11-19,yuy_02,yuyuni,tanzania,epinephelidae,cephalopholis_nigripinnis,#error!,5,1,21,23,NA,NA,NA,NA
2021-11-23,and_01,andromache,kenya,haemulidae,plectorhinchus_gaterinus,#error!,1,1,26,28,NA,NA,NA,NA
2021-11-23,and_01,andromache,kenya,haemulidae,plectorhinchus_gaterinus,#error!,1,1,21,23,NA,NA,NA,NA
2021-11-23,and_01,andromache,kenya,haemulidae,plectorhinchus_gaterinus,#error!,1,1,31,33,NA,NA,NA,NA
2021-11-23,and_01,andromache,kenya,haemulidae,plectorhinchus_flavomaculatus,#error!,1,1,36,38,NA,NA,NA,NA
2021-11-23,and_01,andromache,kenya,haemulidae,plectorhinchus_gaterinus,#error!,2,1,26,28,NA,NA,NA,NA
2021-11-23,and_01,andromache,kenya,haemulidae,plectorhinchus_gaterinus,#error!,2,1,21,23,NA,NA,NA,NA
2021-11-23,and_01,andromache,kenya,haemulidae,plectorhinchus_gaterinus,#error!,3,1,26,28,NA,NA,NA,NA
2022-10-26,brc_01,brain_coral,kenya,haemulidae,plectorhinchus_gaterinus,#error!,1,4,31,33,NA,NA,NA,NA
2022-10-26,brc_01,brain_coral,kenya,haemulidae,plectorhinchus_gaterinus,#error!,1,1,26,28,NA,NA,NA,NA
2022-10-26,brc_01,brain_coral,kenya,haemulidae,plectorhinchus_gaterinus,#error!,1,1,36,38,NA,NA,NA,NA
2022-10-26,brc_01,brain_coral,kenya,haemulidae,plectorhinchus_flavomaculatus,#error!,2,1,31,33,NA,NA,NA,NA
2022-10-26,brc_01,brain_coral,kenya,haemulidae,plectorhinchus_flavomaculatus,#error!,2,1,26,28,NA,NA,NA,NA
2022-10-26,brc_02,brain_coral,kenya,haemulidae,plectorhinchus_gaterinus,#error!,4,1,26,28,NA,NA,NA,NA
2021-11-17,cha_01,chale,kenya,haemulidae,plectorhinchus_gaterinus,#error!,1,1,31,33,NA,NA,NA,NA
2023-02-18,chm_01,chambani,kenya,haemulidae,plectorhinchus_gaterinus,#error!,1,1,21,23,NA,NA,NA,NA
2023-02-18,chm_01,chambani,kenya,haemulidae,plectorhinchus_gaterinus,#error!,2,3,21,23,NA,NA,NA,NA
2023-02-18,chm_01,chambani,kenya,haemulidae,plectorhinchus_gaterinus,#error!,3,5,16,18,NA,NA,NA,NA
2022-09-12,chin_03,chindini,comoros,haemulidae,plectorhinchus_vittatus,#error!,1,1,21,23,NA,NA,NA,NA
2022-09-12,chin_03,chindini,comoros,haemulidae,plectorhinchus_vittatus,#error!,2,1,21,23,NA,NA,NA,NA
2023-02-11,chp_01,chipopo,kenya,haemulidae,plectorhinchus_gaterinus,#error!,1,75,21,23,NA,NA,NA,NA
2023-02-11,chp_01,chipopo,kenya,haemulidae,plectorhinchus_gaterinus,#error!,1,25,16,18,NA,NA,NA,NA
2023-02-11,chp_01,chipopo,kenya,haemulidae,plectorhinchus_gaterinus,#error!,1,1,21,23,NA,NA,NA,NA
2023-02-11,chp_01,chipopo,kenya,haemulidae,plectorhinchus_gaterinus,#error!,2,80,16,18,NA,NA,NA,NA
2023-02-11,chp_01,chipopo,kenya,haemulidae,plectorhinchus_gaterinus,#error!,2,12,21,23,NA,NA,NA,NA
2023-02-11,chp_01,chipopo,kenya,haemulidae,plectorhinchus_gaterinus,#error!,2,91,16,18,NA,NA,NA,NA
2023-02-11,chp_01,chipopo,kenya,haemulidae,plectorhinchus_gaterinus,#error!,3,69,16,18,NA,NA,NA,NA
2023-02-11,chp_01,chipopo,kenya,haemulidae,plectorhinchus_gaterinus,#error!,3,35,21,23,NA,NA,NA,NA
2023-03-20,cho_01,chole,kenya,haemulidae,plectorhinchus_schotaf,#error!,1,3,16,18,NA,NA,NA,NA
2023-03-20,cho_01,chole,kenya,haemulidae,plectorhinchus_gaterinus,#error!,1,14,16,18,NA,NA,NA,NA
2023-03-20,cho_01,chole,kenya,haemulidae,plectorhinchus_gaterinus,#error!,2,12,16,18,NA,NA,NA,NA
2023-03-20,cho_01,chole,kenya,haemulidae,plectorhinchus_gaterinus,#error!,3,24,16,18,NA,NA,NA,NA
2023-03-20,cho_01,chole,kenya,haemulidae,plectorhinchus_schotaf,#error!,3,5,21,23,NA,NA,NA,NA
2023-03-20,cho_01,chole,kenya,haemulidae,plectorhinchus_flavomaculatus,#error!,3,3,21,23,NA,NA,NA,NA
2023-03-20,cho_01,chole,kenya,haemulidae,plectorhinchus_flavomaculatus,#error!,3,2,16,18,NA,NA,NA,NA
2023-03-21,ccs_01,chongo_cha_sharifu,kenya,haemulidae,diagramma_centurio,#error!,1,1,36,38,NA,NA,NA,NA
2023-03-21,ccs_01,chongo_cha_sharifu,kenya,haemulidae,plectorhinchus_flavomaculatus,#error!,2,9,36,38,NA,NA,NA,NA
2023-03-26,dzi_01,dhiwa_za_ishakani,kenya,haemulidae,plectorhinchus_flavomaculatus,#error!,1,1,16,18,NA,NA,NA,NA
2021-03-19,dol_01,dolphin,kenya,haemulidae,plectorhinchus_gaterinus,#error!,1,3,21,23,NA,NA,NA,NA
2021-03-19,dol_01,dolphin,kenya,haemulidae,plectorhinchus_gaterinus,#error!,1,4,16,18,NA,NA,NA,NA
2021-03-19,dol_01,dolphin,kenya,haemulidae,plectorhinchus_gaterinus,#error!,3,1,26,28,NA,NA,NA,NA
2021-03-19,dol_02,dolphin,kenya,haemulidae,plectorhinchus_gaterinus,#error!,4,2,31,33,NA,NA,NA,NA
2021-03-19,dol_02,dolphin,kenya,haemulidae,plectorhinchus_flavomaculatus,#error!,4,1,31,33,NA,NA,NA,NA
2021-03-19,dol_02,dolphin,kenya,haemulidae,plectorhinchus_gaterinus,#error!,5,4,31,33,NA,NA,NA,NA
2021-03-19,dol_02,dolphin,kenya,haemulidae,plectorhinchus_gaterinus,#error!,5,1,26,28,NA,NA,NA,NA
2021-03-19,dol_02,dolphin,kenya,haemulidae,plectorhinchus_flavomaculatus,#error!,5,4,31,33,NA,NA,NA,NA
2018-10-09,mw_e_p_sc09,ferenga,comoros,haemulidae,plectorhinchus_vittatus,#error!,3,1,36,38,NA,NA,NA,NA
2019-11-15,fug_01,fundo_coral_garden,tanzania,haemulidae,plectorhinchus_gaterinus,#error!,2,1,36,38,NA,NA,NA,NA
2019-11-14,fuo_02,fundo_outer,tanzania,haemulidae,plectorhinchus_gaterinus,#error!,5,4,31,33,NA,NA,NA,NA
2019-11-14,fuo_02,fundo_outer,tanzania,haemulidae,plectorhinchus_gaterinus,#error!,5,4,26,28,NA,NA,NA,NA
2022-09-16,ifou_01,ifoundihe_chamboini,comoros,haemulidae,plectorhinchus_sordidus,#error!,1,1,36,38,NA,NA,NA,NA
2022-09-15,itso_01,itsoundzou,comoros,haemulidae,plectorhinchus_vittatus,#error!,1,1,36,38,NA,NA,NA,NA
2022-09-15,itso_01,itsoundzou,comoros,haemulidae,plectorhinchus_picus,#error!,2,1,41,43,NA,NA,NA,NA
2022-09-16,itso_02,itsoundzou,comoros,haemulidae,plectorhinchus_spp.,#error!,3,1,16,18,NA,NA,NA,NA
2022-09-16,itso_02,itsoundzou,comoros,haemulidae,plectorhinchus_spp.,#error!,3,1,36,38,NA,NA,NA,NA
2022-09-16,itso_02,itsoundzou,comoros,haemulidae,plectorhinchus_spp.,#error!,4,1,21,23,NA,NA,NA,NA
2022-09-16,itso_02,itsoundzou,comoros,haemulidae,plectorhinchus_spp.,#error!,4,1,36,38,NA,NA,NA,NA
2022-03-04,iwe_01,iweni,kenya,haemulidae,plectorhinchus_gaterinus,#error!,5,1,26,28,NA,NA,NA,NA
2023-02-11,jmi_01,jumba_idodi,kenya,haemulidae,plectorhinchus_gaterinus,#error!,2,1,16,18,NA,NA,NA,NA
2022-10-25,jbr_01,jumbo_ruins,kenya,haemulidae,plectorhinchus_gaterinus,#error!,1,1,26,28,NA,NA,NA,NA
2022-10-25,jbr_02,jumbo_ruins,kenya,haemulidae,plectorhinchus_playfairi,#error!,5,1,36,38,NA,NA,NA,NA
2023-02-18,kfc_01,kadhikia_fawachu,kenya,haemulidae,plectorhinchus_gaterinus,#error!,2,2,31,33,NA,NA,NA,NA
2023-02-18,kfc_01,kadhikia_fawachu,kenya,haemulidae,plectorhinchus_gaterinus,#error!,2,10,21,23,NA,NA,NA,NA
2023-02-18,kfc_01,kadhikia_fawachu,kenya,haemulidae,plectorhinchus_gaterinus,#error!,3,7,21,23,NA,NA,NA,NA
2023-03-24,kkr_01,kadhikia_kuru,kenya,haemulidae,plectorhinchus_flavomaculatus,#error!,1,4,21,23,NA,NA,NA,NA
2023-03-24,kkr_01,kadhikia_kuru,kenya,haemulidae,plectorhinchus_flavomaculatus,#error!,2,1,26,28,NA,NA,NA,NA
2023-03-24,kkr_01,kadhikia_kuru,kenya,haemulidae,plectorhinchus_gaterinus,#error!,2,6,26,28,NA,NA,NA,NA
2023-03-24,kkr_01,kadhikia_kuru,kenya,haemulidae,plectorhinchus_gaterinus,#error!,3,5,21,23,NA,NA,NA,NA
2023-03-24,kkr_01,kadhikia_kuru,kenya,haemulidae,plectorhinchus_playfairi,#error!,3,1,21,23,NA,NA,NA,NA
2023-03-24,kkr_01,kadhikia_kuru,kenya,haemulidae,plectorhinchus_flavomaculatus,#error!,3,5,21,23,NA,NA,NA,NA
2022-02-04,kanz_01,kanzoni,comoros,haemulidae,plectorhinchus_vittatus,#error!,3,1,26,28,NA,NA,NA,NA
2022-02-05,kanz_02,kanzoni,comoros,haemulidae,plectorhinchus_vittatus,#error!,4,1,31,33,NA,NA,NA,NA
2022-02-05,kanz_02,kanzoni,comoros,haemulidae,plectorhinchus_vittatus,#error!,4,1,26,28,NA,NA,NA,NA
2021-03-25,kas_01,kasa,kenya,haemulidae,plectorhinchus_gaterinus,#error!,1,1,26,28,NA,NA,NA,NA
2021-03-25,kas_01,kasa,kenya,haemulidae,plectorhinchus_gaterinus,#error!,1,2,31,33,NA,NA,NA,NA
2021-03-25,kas_01,kasa,kenya,haemulidae,plectorhinchus_gaterinus,#error!,1,1,21,23,NA,NA,NA,NA
2021-03-25,kas_02,kasa,kenya,haemulidae,plectorhinchus_gaterinus,#error!,4,4,31,33,NA,NA,NA,NA
2021-03-25,kas_02,kasa,kenya,haemulidae,plectorhinchus_flavomaculatus,#error!,5,1,41,43,NA,NA,NA,NA
2021-03-25,kas_02,kasa,kenya,haemulidae,plectorhinchus_vittatus,#error!,5,1,21,23,NA,NA,NA,NA
2022-11-16,kif_01,kifinge,tanzania,haemulidae,plectorhinchus_gaterinus,#error!,1,4,26,28,NA,NA,NA,NA
2022-11-16,kif_01,kifinge,tanzania,haemulidae,plectorhinchus_gaterinus,#error!,1,1,31,33,NA,NA,NA,NA
2022-11-16,kif_02,kifinge,tanzania,haemulidae,plectorhinchus_gaterinus,#error!,4,3,16,18,NA,NA,NA,NA
2022-11-16,kif_02,kifinge,tanzania,haemulidae,plectorhinchus_gaterinus,#error!,4,1,31,33,NA,NA,NA,NA
2022-11-16,kif_02,kifinge,tanzania,haemulidae,plectorhinchus_gaterinus,#error!,4,1,21,23,NA,NA,NA,NA
2022-11-16,kif_02,kifinge,tanzania,haemulidae,plectorhinchus_gaterinus,#error!,5,3,26,28,NA,NA,NA,NA
2021-11-21,kkd_02,kikadini,kenya,haemulidae,plectorhinchus_gaterinus,#error!,5,2,41,43,NA,NA,NA,NA
2022-03-30,klg_01,kilingoni,kenya,haemulidae,plectorhinchus_playfairi,#error!,1,1,16,18,NA,NA,NA,NA
2022-03-30,klg_01,kilingoni,kenya,haemulidae,diagramma_centurio,#error!,1,1,26,28,NA,NA,NA,NA
2021-11-20,kmo_01,kinondo_makonde,kenya,haemulidae,plectorhinchus_gaterinus,#error!,1,1,21,23,NA,NA,NA,NA
2021-11-20,kmo_01,kinondo_makonde,kenya,haemulidae,plectorhinchus_gaterinus,#error!,1,1,26,28,NA,NA,NA,NA
2021-11-20,kmo_01,kinondo_makonde,kenya,haemulidae,plectorhinchus_flavomaculatus,#error!,2,1,36,38,NA,NA,NA,NA
2021-11-20,kmo_02,kinondo_makonde,kenya,haemulidae,plectorhinchus_flavomaculatus,#error!,5,1,26,28,NA,NA,NA,NA
2022-03-03,kny_01,kinyika_inner,kenya,haemulidae,plectorhinchus_gaterinus,#error!,3,1,31,33,NA,NA,NA,NA
2022-03-03,kny_01,kinyika_inner,kenya,haemulidae,plectorhinchus_gaterinus,#error!,3,8,26,28,NA,NA,NA,NA
2022-03-03,kny_01,kinyika_inner,kenya,haemulidae,plectorhinchus_flavomaculatus,#error!,3,1,26,28,NA,NA,NA,NA
2022-03-05,knyo_01,kinyika_outer,kenya,haemulidae,diagramma_centurio,#error!,1,1,36,38,NA,NA,NA,NA
2022-03-05,knyo_01,kinyika_outer,kenya,haemulidae,plectorhinchus_flavomaculatus,#error!,1,1,36,38,NA,NA,NA,NA
2022-03-05,knyo_01,kinyika_outer,kenya,haemulidae,plectorhinchus_flavomaculatus,#error!,2,2,31,33,NA,NA,NA,NA
2022-03-05,knyo_01,kinyika_outer,kenya,haemulidae,plectorhinchus_flavomaculatus,#error!,3,1,31,33,NA,NA,NA,NA
2021-04-13,kse_01,kisite_east,kenya,haemulidae,plectorhinchus_gaterinus,#error!,1,3,26,28,NA,NA,NA,NA
2021-04-13,kse_01,kisite_east,kenya,haemulidae,plectorhinchus_flavomaculatus,#error!,1,1,31,33,NA,NA,NA,NA
2021-04-13,kse_01,kisite_east,kenya,haemulidae,plectorhinchus_gaterinus,#error!,2,2,26,28,NA,NA,NA,NA
2021-04-13,kse_02,kisite_east,kenya,haemulidae,plectorhinchus_gaterinus,#error!,4,1,31,33,NA,NA,NA,NA
2021-04-13,kse_02,kisite_east,kenya,haemulidae,plectorhinchus_flavomaculatus,#error!,4,1,31,33,NA,NA,NA,NA
2022-11-17,kik_01,kisiwa_kikubwa,tanzania,haemulidae,plectorhinchus_gaterinus,#error!,4,1,16,18,NA,NA,NA,NA
2022-11-17,msu_01,kisiwa_kikubwa,tanzania,haemulidae,diagramma_centurio,#error!,1,1,21,23,NA,NA,NA,NA
2022-11-17,msu_01,kisiwa_kikubwa,tanzania,haemulidae,plectorhinchus_gaterinus,#error!,3,1,31,33,NA,NA,NA,NA
2022-11-20,kitin_01,kitutia_inner,tanzania,haemulidae,plectorhinchus_gaterinus,#error!,3,1,26,28,NA,NA,NA,NA
2023-02-16,ktw_01,kitwani,kenya,haemulidae,plectorhinchus_gaterinus,#error!,1,10,11,13,NA,NA,NA,NA
2023-02-16,ktw_01,kitwani,kenya,haemulidae,plectorhinchus_gaterinus,#error!,1,5,16,18,NA,NA,NA,NA
2023-02-16,ktw_01,kitwani,kenya,haemulidae,plectorhinchus_gaterinus,#error!,2,30,16,18,NA,NA,NA,NA
2023-02-16,ktw_01,kitwani,kenya,haemulidae,plectorhinchus_gaterinus,#error!,3,5,16,18,NA,NA,NA,NA
2023-02-16,ktw_01,kitwani,kenya,haemulidae,plectorhinchus_gaterinus,#error!,3,2,11,13,NA,NA,NA,NA
2019-11-16,kug_01,kokota_uvinje_gap,tanzania,haemulidae,plectorhinchus_gaterinus,#error!,2,1,31,33,NA,NA,NA,NA
2019-11-16,kug_01,kokota_uvinje_gap,tanzania,haemulidae,plectorhinchus_gaterinus,#error!,3,1,21,23,NA,NA,NA,NA
2023-03-27,kui_01,kui,kenya,haemulidae,plectorhinchus_gaterinus,#error!,1,6,21,23,NA,NA,NA,NA
2023-03-27,kui_01,kui,kenya,haemulidae,plectorhinchus_flavomaculatus,#error!,1,1,21,23,NA,NA,NA,NA
2023-03-27,kui_01,kui,kenya,haemulidae,plectorhinchus_gaterinus,#error!,2,41,21,23,NA,NA,NA,NA
2023-03-27,kui_01,kui,kenya,haemulidae,plectorhinchus_gaterinus,#error!,3,16,21,23,NA,NA,NA,NA
2021-03-24,lev_01,leven,kenya,haemulidae,plectorhinchus_flavomaculatus,#error!,1,1,31,33,NA,NA,NA,NA
2021-03-24,lev_02,leven,kenya,haemulidae,plectorhinchus_gaterinus,#error!,4,2,16,18,NA,NA,NA,NA
2021-03-24,lev_02,leven,kenya,haemulidae,plectorhinchus_gaterinus,#error!,4,4,26,28,NA,NA,NA,NA
2022-10-27,lbb_01,lobster_bank,kenya,haemulidae,plectorhinchus_gaterinus,#error!,1,1,31,33,NA,NA,NA,NA
2022-10-27,lbb_02,lobster_bank,kenya,haemulidae,plectorhinchus_schotaf,#error!,4,1,41,43,NA,NA,NA,NA
2023-02-19,mab_01,mabiyu,kenya,haemulidae,plectorhinchus_gaterinus,#error!,1,10,21,23,NA,NA,NA,NA
2023-02-19,mab_01,mabiyu,kenya,haemulidae,plectorhinchus_gaterinus,#error!,2,7,21,23,NA,NA,NA,NA
2023-02-19,mab_01,mabiyu,kenya,haemulidae,plectorhinchus_gaterinus,#error!,2,4,26,28,NA,NA,NA,NA
2023-03-26,mgl_01,magulugulu,kenya,haemulidae,plectorhinchus_playfairi,#error!,2,2,21,23,NA,NA,NA,NA
2023-03-26,mgl_01,magulugulu,kenya,haemulidae,plectorhinchus_gaterinus,#error!,2,1,21,23,NA,NA,NA,NA
2023-03-26,mgl_01,magulugulu,kenya,haemulidae,plectorhinchus_spp.,#error!,2,1,36,38,NA,NA,NA,NA
2021-04-12,mkk_01,makokokwe,kenya,haemulidae,plectorhinchus_gaterinus,#error!,1,4,26,28,NA,NA,NA,NA
2021-04-12,mkk_02,makokokwe,kenya,haemulidae,plectorhinchus_gaterinus,#error!,4,1,31,33,NA,NA,NA,NA
2021-04-12,mkk_02,makokokwe,kenya,haemulidae,plectorhinchus_gaterinus,#error!,4,1,26,28,NA,NA,NA,NA
2021-03-31,mlcg_01,malindi_coral_garden,kenya,haemulidae,plectorhinchus_gaterinus,#error!,4,1,26,28,NA,NA,NA,NA
2021-03-31,mlcg_01,malindi_coral_garden,kenya,haemulidae,plectorhinchus_gaterinus,#error!,4,1,21,23,NA,NA,NA,NA
2021-03-31,mlcg_02,malindi_coral_garden,kenya,haemulidae,plectorhinchus_flavomaculatus,#error!,1,9,31,33,NA,NA,NA,NA
2021-03-31,mlcg_02,malindi_coral_garden,kenya,haemulidae,plectorhinchus_gaterinus,#error!,1,1,26,28,NA,NA,NA,NA
2021-03-31,mlcg_02,malindi_coral_garden,kenya,haemulidae,plectorhinchus_flavomaculatus,#error!,2,2,31,33,NA,NA,NA,NA
2021-03-31,mlcg_02,malindi_coral_garden,kenya,haemulidae,plectorhinchus_flavomaculatus,#error!,2,1,21,23,NA,NA,NA,NA
2021-03-31,mlcg_02,malindi_coral_garden,kenya,haemulidae,plectorhinchus_flavomaculatus,#error!,3,9,26,28,NA,NA,NA,NA
2021-03-31,mlcg_02,malindi_coral_garden,kenya,haemulidae,plectorhinchus_gaterinus,#error!,3,1,21,23,NA,NA,NA,NA
2021-03-31,mlcg_02,malindi_coral_garden,kenya,haemulidae,plectorhinchus_vittatus,#error!,3,1,26,28,NA,NA,NA,NA
2023-02-21,mat_01,manda_toto,kenya,haemulidae,plectorhinchus_gaterinus,#error!,1,6,16,18,NA,NA,NA,NA
2023-02-21,mat_01,manda_toto,kenya,haemulidae,plectorhinchus_gaterinus,#error!,1,5,21,23,NA,NA,NA,NA
2023-02-21,mat_01,manda_toto,kenya,haemulidae,plectorhinchus_gaterinus,#error!,3,1,21,23,NA,NA,NA,NA
2019-11-12,man_01,mandela,tanzania,haemulidae,plectorhinchus_gaterinus,#error!,1,4,26,28,NA,NA,NA,NA
2019-11-12,man_01,mandela,tanzania,haemulidae,plectorhinchus_gaterinus,#error!,1,1,31,33,NA,NA,NA,NA
2019-11-12,man_01,mandela,tanzania,haemulidae,plectorhinchus_gaterinus,#error!,1,2,21,23,NA,NA,NA,NA
2019-11-12,man_01,mandela,tanzania,haemulidae,plectorhinchus_gaterinus,#error!,2,1,26,28,NA,NA,NA,NA
2022-11-22,mgeout_01,mange_outer,tanzania,haemulidae,plectorhinchus_plagiodesmus,#error!,1,1,51,53,NA,NA,NA,NA
2022-11-22,mgeout_01,mange_outer,tanzania,haemulidae,plectorhinchus_flavomaculatus,#error!,2,2,31,33,NA,NA,NA,NA
2022-11-22,mgeout_01,mange_outer,tanzania,haemulidae,plectorhinchus_flavomaculatus,#error!,2,2,36,38,NA,NA,NA,NA
2022-10-19,mps_02,mapasi,kenya,haemulidae,plectorhinchus_gaterinus,#error!,4,1,16,18,NA,NA,NA,NA
2022-10-19,mps_02,mapasi,kenya,haemulidae,plectorhinchus_gaterinus,#error!,5,2,21,23,NA,NA,NA,NA
2022-10-19,mps_01,mapasi,kenya,haemulidae,plectorhinchus_gaterinus,#error!,1,1,21,23,NA,NA,NA,NA
2020-11-18,mar_01,marereni_tengefu,kenya,haemulidae,plectorhinchus_playfairi,#error!,1,1,16,18,NA,NA,NA,NA
2020-11-18,mar_01,marereni_tengefu,kenya,haemulidae,plectorhinchus_flavomaculatus,#error!,1,2,16,18,NA,NA,NA,NA
2020-11-18,mar_01,marereni_tengefu,kenya,haemulidae,plectorhinchus_playfairi,#error!,2,1,16,18,NA,NA,NA,NA
2020-11-18,mar_01,marereni_tengefu,kenya,haemulidae,plectorhinchus_flavomaculatus,#error!,2,3,16,18,NA,NA,NA,NA
2020-11-18,mar_01,marereni_tengefu,kenya,haemulidae,plectorhinchus_schotaf,#error!,2,3,16,18,NA,NA,NA,NA
2020-11-18,mar_01,marereni_tengefu,kenya,haemulidae,plectorhinchus_flavomaculatus,#error!,3,1,16,18,NA,NA,NA,NA
2020-11-18,mar_01,marereni_tengefu,kenya,haemulidae,plectorhinchus_schotaf,#error!,3,1,16,18,NA,NA,NA,NA
2020-11-18,mar_01,marereni_tengefu,kenya,haemulidae,plectorhinchus_flavomaculatus,#error!,4,1,16,18,NA,NA,NA,NA
2022-04-02,mbo_01,mboe,kenya,haemulidae,plectorhinchus_flavomaculatus,#error!,2,1,31,33,NA,NA,NA,NA
2022-04-02,mbo_01,mboe,kenya,haemulidae,plectorhinchus_gaterinus,#error!,2,2,31,33,NA,NA,NA,NA
2022-04-02,mbo_01,mboe,kenya,haemulidae,plectorhinchus_gaterinus,#error!,2,1,26,28,NA,NA,NA,NA
2023-02-14,miki_01,mikes_inner,kenya,haemulidae,plectorhinchus_gaterinus,#error!,1,6,16,18,NA,NA,NA,NA
2023-02-14,miki_01,mikes_inner,kenya,haemulidae,plectorhinchus_gaterinus,#error!,2,11,11,13,NA,NA,NA,NA
2023-02-14,miko_02,mikes_outer,kenya,haemulidae,plectorhinchus_gaterinus,#error!,4,1,21,23,NA,NA,NA,NA
2023-02-14,miko_02,mikes_outer,kenya,haemulidae,plectorhinchus_gaterinus,#error!,5,1,16,18,NA,NA,NA,NA
2023-02-14,miko_02,mikes_outer,kenya,haemulidae,plectorhinchus_gaterinus,#error!,5,8,11,13,NA,NA,NA,NA
2018-10-12,mw_d_p_sc14,mirereni,comoros,haemulidae,plectorhinchus_vittatus,#error!,3,1,26,28,NA,NA,NA,NA
2018-10-12,mw_d_p_sc14,mirereni,comoros,haemulidae,plectorhinchus_vittatus,#error!,4,2,31,33,NA,NA,NA,NA
2019-11-10,mis_01,misali,tanzania,haemulidae,plectorhinchus_gaterinus,#error!,1,1,26,28,NA,NA,NA,NA
2019-11-10,mis_01,misali,tanzania,haemulidae,plectorhinchus_vittatus,#error!,3,1,26,28,NA,NA,NA,NA
2019-11-10,mis_02,misali,tanzania,haemulidae,plectorhinchus_gaterinus,#error!,5,1,16,18,NA,NA,NA,NA
2019-11-10,mis_02,misali,tanzania,haemulidae,plectorhinchus_gaterinus,#error!,5,1,21,23,NA,NA,NA,NA
2022-10-18,mjk_01,mji_wa_kale,kenya,haemulidae,plectorhinchus_gaterinus,#error!,4,3,16,18,NA,NA,NA,NA
2022-10-18,mjk_02,mji_wa_kale,kenya,haemulidae,plectorhinchus_gaterinus,#error!,1,5,21,23,NA,NA,NA,NA
2022-10-18,mjk_02,mji_wa_kale,kenya,haemulidae,plectorhinchus_gaterinus,#error!,1,1,16,18,NA,NA,NA,NA
2023-02-13,mkcg_01,mkokoni_coral_garden,kenya,haemulidae,plectorhinchus_gaterinus,#error!,1,35,16,18,NA,NA,NA,NA
2023-02-13,mkcg_01,mkokoni_coral_garden,kenya,haemulidae,plectorhinchus_gaterinus,#error!,1,10,11,13,NA,NA,NA,NA
2023-02-13,mkcg_01,mkokoni_coral_garden,kenya,haemulidae,plectorhinchus_flavomaculatus,#error!,1,3,16,18,NA,NA,NA,NA
2023-02-13,mkcg_01,mkokoni_coral_garden,kenya,haemulidae,plectorhinchus_gaterinus,#error!,1,8,11,13,NA,NA,NA,NA
2023-02-13,mkcg_01,mkokoni_coral_garden,kenya,haemulidae,plectorhinchus_flavomaculatus,#error!,2,1,11,13,NA,NA,NA,NA
2023-02-13,mkcg_01,mkokoni_coral_garden,kenya,haemulidae,plectorhinchus_flavomaculatus,#error!,2,1,11,13,NA,NA,NA,NA
2023-02-13,mkcg_01,mkokoni_coral_garden,kenya,haemulidae,plectorhinchus_gaterinus,#error!,2,5,21,23,NA,NA,NA,NA
2023-02-13,mkcg_01,mkokoni_coral_garden,kenya,haemulidae,plectorhinchus_gaterinus,#error!,3,2,11,13,NA,NA,NA,NA
2022-10-28,mbcg_01,mombasa_coral_garden,kenya,haemulidae,plectorhinchus_gaterinus,#error!,1,42,21,23,NA,NA,NA,NA
2022-10-28,mbcg_01,mombasa_coral_garden,kenya,haemulidae,plectorhinchus_gaterinus,#error!,1,1,16,18,NA,NA,NA,NA
2022-10-28,mbcg_01,mombasa_coral_garden,kenya,haemulidae,plectorhinchus_flavomaculatus,#error!,1,3,31,33,NA,NA,NA,NA
2022-10-28,mbcg_01,mombasa_coral_garden,kenya,haemulidae,plectorhinchus_flavomaculatus,#error!,1,1,26,28,NA,NA,NA,NA
2022-10-28,mbcg_01,mombasa_coral_garden,kenya,haemulidae,plectorhinchus_gaterinus,#error!,2,1,21,23,NA,NA,NA,NA
2022-10-28,mbcg_01,mombasa_coral_garden,kenya,haemulidae,plectorhinchus_flavomaculatus,#error!,2,4,26,28,NA,NA,NA,NA
2022-10-28,mbcg_01,mombasa_coral_garden,kenya,haemulidae,plectorhinchus_flavomaculatus,#error!,2,1,31,33,NA,NA,NA,NA
2022-10-28,mbcg_01,mombasa_coral_garden,kenya,haemulidae,plectorhinchus_flavomaculatus,#error!,2,1,16,18,NA,NA,NA,NA
2021-03-18,mor_01,moray,kenya,haemulidae,plectorhinchus_flavomaculatus,#error!,1,1,36,38,NA,NA,NA,NA
2021-03-18,mor_01,moray,kenya,haemulidae,plectorhinchus_schotaf,#error!,1,6,36,38,NA,NA,NA,NA
2021-03-18,mor_02,moray,kenya,haemulidae,plectorhinchus_flavomaculatus,#error!,4,5,36,38,NA,NA,NA,NA
2021-03-18,mor_02,moray,kenya,haemulidae,plectorhinchus_flavomaculatus,#error!,5,2,31,33,NA,NA,NA,NA
2021-03-18,mor_02,moray,kenya,haemulidae,plectorhinchus_gaterinus,#error!,5,2,26,28,NA,NA,NA,NA
2021-03-18,mor_02,moray,kenya,haemulidae,plectorhinchus_gaterinus,#error!,5,1,21,23,NA,NA,NA,NA
2020-11-24,mrd_01,mradi_tengefu,kenya,haemulidae,plectorhinchus_flavomaculatus,#error!,1,1,31,33,NA,NA,NA,NA
2023-03-20,mhd_01,muhindi,kenya,haemulidae,plectorhinchus_flavomaculatus,#error!,1,2,16,18,NA,NA,NA,NA
2023-03-20,mhd_01,muhindi,kenya,haemulidae,plectorhinchus_playfairi,#error!,1,1,16,18,NA,NA,NA,NA
2023-03-20,mhd_01,muhindi,kenya,haemulidae,plectorhinchus_gaterinus,#error!,1,3,21,23,NA,NA,NA,NA
2023-03-20,mhd_01,muhindi,kenya,haemulidae,plectorhinchus_gaterinus,#error!,2,8,21,23,NA,NA,NA,NA
2023-03-20,mhd_01,muhindi,kenya,haemulidae,plectorhinchus_flavomaculatus,#error!,2,1,21,23,NA,NA,NA,NA
2023-03-20,mhd_01,muhindi,kenya,haemulidae,plectorhinchus_plagiodesmus,#error!,3,2,21,23,NA,NA,NA,NA
2023-03-20,mhd_01,muhindi,kenya,haemulidae,plectorhinchus_gaterinus,#error!,3,9,21,23,NA,NA,NA,NA
2023-03-20,mhd_01,muhindi,kenya,haemulidae,plectorhinchus_flavomaculatus,#error!,3,2,21,23,NA,NA,NA,NA
2022-04-03,mwk_02,mwakinyavu,kenya,haemulidae,diagramma_centurio,#error!,4,2,36,38,NA,NA,NA,NA
2023-03-25,mwm_01,mwamba_mkuu,kenya,haemulidae,plectorhinchus_flavomaculatus,#error!,1,1,21,23,NA,NA,NA,NA
2023-02-12,mwy_01,mwamba_yee,kenya,haemulidae,plectorhinchus_gaterinus,#error!,3,3,11,13,NA,NA,NA,NA
2022-09-06,ndro_01,ndroude,comoros,haemulidae,plectorhinchus_vittatus,#error!,2,1,26,28,NA,NA,NA,NA
2022-10-17,ngm_01,ngomani,kenya,haemulidae,plectorhinchus_gaterinus,#error!,1,1,16,18,NA,NA,NA,NA
2022-10-17,ngm_01,ngomani,kenya,haemulidae,plectorhinchus_gaterinus,#error!,2,1,26,28,NA,NA,NA,NA
2022-10-17,ngm_01,ngomani,kenya,haemulidae,plectorhinchus_gaterinus,#error!,2,6,21,23,NA,NA,NA,NA
2022-10-17,ngm_01,ngomani,kenya,haemulidae,plectorhinchus_gaterinus,#error!,2,2,16,18,NA,NA,NA,NA
2022-10-17,ngm_02,ngomani,kenya,haemulidae,plectorhinchus_gaterinus,#error!,4,3,16,18,NA,NA,NA,NA
2022-10-17,ngm_02,ngomani,kenya,haemulidae,plectorhinchus_gaterinus,#error!,5,4,16,18,NA,NA,NA,NA
2022-10-17,ngm_02,ngomani,kenya,haemulidae,plectorhinchus_gaterinus,#error!,5,2,21,23,NA,NA,NA,NA
2022-10-17,ngm_02,ngomani,kenya,haemulidae,plectorhinchus_gaterinus,#error!,5,1,11,13,NA,NA,NA,NA
2019-11-09,njc_01,njao_coral_garden,tanzania,haemulidae,plectorhinchus_gaterinus,#error!,2,1,31,33,NA,NA,NA,NA
2019-11-09,njc_01,njao_coral_garden,tanzania,haemulidae,plectorhinchus_gaterinus,#error!,2,1,26,28,NA,NA,NA,NA
2021-03-30,nor_01,north_reef,kenya,haemulidae,plectorhinchus_flavomaculatus,#error!,2,4,31,33,NA,NA,NA,NA
2021-03-30,nor_01,north_reef,kenya,haemulidae,plectorhinchus_flavomaculatus,#error!,2,1,26,28,NA,NA,NA,NA
2021-03-30,nor_01,north_reef,kenya,haemulidae,plectorhinchus_flavomaculatus,#error!,3,1,26,28,NA,NA,NA,NA
2021-03-30,nor_01,north_reef,kenya,haemulidae,plectorhinchus_flavomaculatus,#error!,3,1,31,33,NA,NA,NA,NA
2021-03-30,nor_01,north_reef,kenya,haemulidae,plectorhinchus_flavomaculatus,#error!,3,1,11,13,NA,NA,NA,NA
2021-03-30,nor_02,north_reef,kenya,haemulidae,plectorhinchus_flavomaculatus,#error!,4,25,26,28,NA,NA,NA,NA
2021-03-30,nor_02,north_reef,kenya,haemulidae,plectorhinchus_gaterinus,#error!,4,15,26,28,NA,NA,NA,NA
2021-03-30,nor_02,north_reef,kenya,haemulidae,plectorhinchus_gaterinus,#error!,4,11,16,18,NA,NA,NA,NA
2021-03-30,nor_02,north_reef,kenya,haemulidae,diagramma_centurio,#error!,4,8,26,28,NA,NA,NA,NA
2021-03-30,nor_02,north_reef,kenya,haemulidae,plectorhinchus_playfairi,#error!,4,1,26,28,NA,NA,NA,NA
2021-03-30,nor_02,north_reef,kenya,haemulidae,plectorhinchus_flavomaculatus,#error!,5,2,31,33,NA,NA,NA,NA
2021-03-30,nor_02,north_reef,kenya,haemulidae,plectorhinchus_flavomaculatus,#error!,5,1,36,38,NA,NA,NA,NA
2021-03-30,nor_02,north_reef,kenya,haemulidae,plectorhinchus_flavomaculatus,#error!,5,1,26,28,NA,NA,NA,NA
2020-11-19,pap_01,papa_reef,kenya,haemulidae,plectorhinchus_gaterinus,#error!,1,7,26,28,NA,NA,NA,NA
2020-11-19,pap_01,papa_reef,kenya,haemulidae,plectorhinchus_flavomaculatus,#error!,1,1,26,28,NA,NA,NA,NA
2020-11-19,pap_01,papa_reef,kenya,haemulidae,plectorhinchus_playfairi,#error!,1,2,21,23,NA,NA,NA,NA
2020-11-19,pap_01,papa_reef,kenya,haemulidae,plectorhinchus_gaterinus,#error!,3,2,16,18,NA,NA,NA,NA
2020-11-19,pap_02,papa_reef,kenya,haemulidae,plectorhinchus_playfairi,#error!,4,1,11,13,NA,NA,NA,NA
2023-02-17,pet_01,pethali,kenya,haemulidae,plectorhinchus_gaterinus,#error!,3,10,16,18,NA,NA,NA,NA
2023-02-17,pet_01,pethali,kenya,haemulidae,plectorhinchus_gaterinus,#error!,3,11,21,23,NA,NA,NA,NA
2023-02-17,pet_02,pethali,kenya,haemulidae,plectorhinchus_gaterinus,#error!,4,1,26,28,NA,NA,NA,NA
2023-02-17,pet_02,pethali,kenya,haemulidae,plectorhinchus_gaterinus,#error!,5,5,21,23,NA,NA,NA,NA
2018-10-16,mw_a_p_sc20,point_ouani,comoros,haemulidae,plectorhinchus_vittatus,#error!,5,1,36,38,NA,NA,NA,NA
2023-02-10,pop_01,popo,kenya,haemulidae,plectorhinchus_flavomaculatus,#error!,1,1,21,23,NA,NA,NA,NA
2023-02-10,pop_01,popo,kenya,haemulidae,plectorhinchus_gaterinus,#error!,2,3,16,18,NA,NA,NA,NA
2023-02-10,pop_01,popo,kenya,haemulidae,plectorhinchus_gaterinus,#error!,2,3,21,23,NA,NA,NA,NA
2023-02-10,pop_01,popo,kenya,haemulidae,plectorhinchus_flavomaculatus,#error!,2,2,21,23,NA,NA,NA,NA
2023-02-10,sag_01,sagafu,kenya,haemulidae,plectorhinchus_gaterinus,#error!,4,9,16,18,NA,NA,NA,NA
2023-02-10,sag_01,sagafu,kenya,haemulidae,plectorhinchus_gaterinus,#error!,4,1,11,13,NA,NA,NA,NA
2023-02-10,sag_01,sagafu,kenya,haemulidae,plectorhinchus_flavomaculatus,#error!,4,1,21,23,NA,NA,NA,NA
2023-02-10,sag_01,sagafu,kenya,haemulidae,plectorhinchus_flavomaculatus,#error!,4,1,16,18,NA,NA,NA,NA
2018-10-10,mw_e_p_sc11,sambia,comoros,haemulidae,diagramma_centurio,#error!,1,1,26,28,NA,NA,NA,NA
2018-10-10,mw_e_p_sc11,sambia,comoros,haemulidae,plectorhinchus_vittatus,#error!,1,2,21,23,NA,NA,NA,NA
2018-10-10,mw_e_p_sc11,sambia,comoros,haemulidae,plectorhinchus_vittatus,#error!,3,1,6,8,NA,NA,NA,NA
2018-10-11,mw_e_p_sc12,sambia,comoros,haemulidae,plectorhinchus_vittatus,#error!,4,1,36,38,NA,NA,NA,NA
2018-10-11,mw_e_p_sc12,sambia,comoros,haemulidae,plectorhinchus_vittatus,#error!,4,1,31,33,NA,NA,NA,NA
2018-10-11,mw_e_p_sc12,sambia,comoros,haemulidae,plectorhinchus_vittatus,#error!,6,1,36,38,NA,NA,NA,NA
2020-11-20,tur_01,turtle_reef,kenya,haemulidae,plectorhinchus_gaterinus,#error!,1,4,21,23,NA,NA,NA,NA
2020-11-20,tur_01,turtle_reef,kenya,haemulidae,plectorhinchus_gaterinus,#error!,1,10,16,18,NA,NA,NA,NA
2020-11-20,tur_01,turtle_reef,kenya,haemulidae,plectorhinchus_gaterinus,#error!,1,6,26,28,NA,NA,NA,NA
2020-11-20,tur_01,turtle_reef,kenya,haemulidae,plectorhinchus_gaterinus,#error!,1,4,36,38,NA,NA,NA,NA
2020-11-20,tur_01,turtle_reef,kenya,haemulidae,plectorhinchus_flavomaculatus,#error!,1,3,16,18,NA,NA,NA,NA
2020-11-20,tur_01,turtle_reef,kenya,haemulidae,plectorhinchus_flavomaculatus,#error!,1,4,21,23,NA,NA,NA,NA
2020-11-20,tur_01,turtle_reef,kenya,haemulidae,plectorhinchus_flavomaculatus,#error!,1,2,26,28,NA,NA,NA,NA
2020-11-20,tur_01,turtle_reef,kenya,haemulidae,diagramma_centurio,#error!,1,2,36,38,NA,NA,NA,NA
2020-11-20,tur_01,turtle_reef,kenya,haemulidae,plectorhinchus_schotaf,#error!,1,4,16,18,NA,NA,NA,NA
2020-11-20,tur_01,turtle_reef,kenya,haemulidae,diagramma_centurio,#error!,1,3,41,43,NA,NA,NA,NA
2020-11-20,tur_02,turtle_reef,kenya,haemulidae,plectorhinchus_flavomaculatus,#error!,4,2,21,23,NA,NA,NA,NA
2020-11-20,tur_02,turtle_reef,kenya,haemulidae,plectorhinchus_flavomaculatus,#error!,5,2,21,23,NA,NA,NA,NA
2022-11-13,utm_01,utumbi,tanzania,haemulidae,plectorhinchus_gaterinus,#error!,2,5,31,33,NA,NA,NA,NA
2022-11-13,utm_01,utumbi,tanzania,haemulidae,plectorhinchus_gaterinus,#error!,2,6,26,28,NA,NA,NA,NA
2022-11-13,utm_01,utumbi,tanzania,haemulidae,diagramma_centurio,#error!,2,1,41,43,NA,NA,NA,NA
2022-11-13,utm_01,utumbi,tanzania,haemulidae,diagramma_centurio,#error!,2,4,26,28,NA,NA,NA,NA
2022-11-13,utm_01,utumbi,tanzania,haemulidae,diagramma_centurio,#error!,2,2,31,33,NA,NA,NA,NA
2021-03-17,uyo_01,uyombo,kenya,haemulidae,plectorhinchus_gaterinus,#error!,1,3,31,33,NA,NA,NA,NA
2021-03-17,uyo_01,uyombo,kenya,haemulidae,plectorhinchus_gaterinus,#error!,2,4,26,28,NA,NA,NA,NA
2021-03-17,uyo_01,uyombo,kenya,haemulidae,plectorhinchus_gaterinus,#error!,2,1,31,33,NA,NA,NA,NA
2021-03-17,uyo_02,uyombo,kenya,haemulidae,plectorhinchus_gaterinus,#error!,4,7,31,33,NA,NA,NA,NA
2021-03-17,uyo_02,uyombo,kenya,haemulidae,plectorhinchus_gaterinus,#error!,4,7,26,28,NA,NA,NA,NA
2020-12-23,was_01,wasini_tengefu,kenya,haemulidae,plectorhinchus_schotaf,#error!,1,4,26,28,NA,NA,NA,NA
2020-12-23,was_01,wasini_tengefu,kenya,haemulidae,plectorhinchus_gaterinus,#error!,1,11,21,23,NA,NA,NA,NA
2020-12-23,was_01,wasini_tengefu,kenya,haemulidae,plectorhinchus_schotaf,#error!,2,3,16,18,NA,NA,NA,NA
2020-12-23,was_01,wasini_tengefu,kenya,haemulidae,plectorhinchus_schotaf,#error!,2,2,31,33,NA,NA,NA,NA
2020-12-23,was_01,wasini_tengefu,kenya,haemulidae,plectorhinchus_gaterinus,#error!,2,5,16,18,NA,NA,NA,NA
2020-12-23,was_01,wasini_tengefu,kenya,haemulidae,plectorhinchus_gaterinus,#error!,2,4,21,23,NA,NA,NA,NA
2020-12-23,was_01,wasini_tengefu,kenya,haemulidae,diagramma_centurio,#error!,2,1,36,38,NA,NA,NA,NA
2020-12-23,was_01,wasini_tengefu,kenya,haemulidae,diagramma_centurio,#error!,2,1,11,13,NA,NA,NA,NA
2020-12-23,was_02,wasini_tengefu,kenya,haemulidae,plectorhinchus_schotaf,#error!,4,1,21,23,NA,NA,NA,NA
2020-12-23,was_02,wasini_tengefu,kenya,haemulidae,plectorhinchus_gaterinus,#error!,4,1,26,28,NA,NA,NA,NA
2020-12-23,was_02,wasini_tengefu,kenya,haemulidae,plectorhinchus_schotaf,#error!,5,1,21,23,NA,NA,NA,NA
2020-12-23,was_02,wasini_tengefu,kenya,haemulidae,plectorhinchus_schotaf,#error!,5,1,31,33,NA,NA,NA,NA
2021-04-01,wcg_01,watamu_coral_garden,kenya,haemulidae,plectorhinchus_flavomaculatus,#error!,1,1,31,33,NA,NA,NA,NA
2021-04-01,wcg_01,watamu_coral_garden,kenya,haemulidae,plectorhinchus_gaterinus,#error!,2,1,31,33,NA,NA,NA,NA
2021-04-01,wcg_01,watamu_coral_garden,kenya,haemulidae,plectorhinchus_flavomaculatus,#error!,3,1,26,28,NA,NA,NA,NA
2021-04-01,wcg_01,watamu_coral_garden,kenya,haemulidae,plectorhinchus_flavomaculatus,#error!,3,1,31,33,NA,NA,NA,NA
2022-11-19,yuy_02,yuyuni,tanzania,haemulidae,plectorhinchus_gaterinus,#error!,4,1,26,28,NA,NA,NA,NA
2022-04-04,aru_02,arusha,kenya,kyphosidae,kyphosus_sp.,#error!,5,2,31,33,NA,NA,NA,NA
2021-03-19,dol_02,dolphin,kenya,kyphosidae,kyphosus_sp.,#error!,5,8,21,23,NA,NA,NA,NA
2018-10-09,mw_e_p_sc09,ferenga,comoros,kyphosidae,kyphosus_sp.,#error!,3,1,26,28,NA,NA,NA,NA
2019-11-15,fug_01,fundo_coral_garden,tanzania,kyphosidae,kyphosus_sp.,#error!,3,5,21,23,NA,NA,NA,NA
2021-03-25,kas_02,kasa,kenya,kyphosidae,kyphosus_sp.,#error!,4,1,36,38,NA,NA,NA,NA
2021-03-25,kas_02,kasa,kenya,kyphosidae,kyphosus_sp.,#error!,5,1,16,18,NA,NA,NA,NA
2021-03-25,kas_02,kasa,kenya,kyphosidae,kyphosus_sp.,#error!,5,2,26,28,NA,NA,NA,NA
2021-03-25,kas_02,kasa,kenya,kyphosidae,kyphosus_sp.,#error!,5,3,31,33,NA,NA,NA,NA
2021-04-13,kse_01,kisite_east,kenya,kyphosidae,kyphosus_sp.,#error!,1,7,36,38,NA,NA,NA,NA
2019-11-16,kug_01,kokota_uvinje_gap,tanzania,kyphosidae,kyphosus_sp.,#error!,3,2,26,28,NA,NA,NA,NA
2021-04-12,mkk_01,makokokwe,kenya,kyphosidae,kyphosus_sp.,#error!,2,4,26,28,NA,NA,NA,NA
2021-04-12,mkk_01,makokokwe,kenya,kyphosidae,kyphosus_sp.,#error!,3,1,21,23,NA,NA,NA,NA
2021-03-31,mlcg_02,malindi_coral_garden,kenya,kyphosidae,kyphosus_sp.,#error!,1,6,16,18,NA,NA,NA,NA
2022-04-02,mbo_01,mboe,kenya,kyphosidae,kyphosus_sp.,#error!,1,2,31,33,NA,NA,NA,NA
2018-10-14,mw_b_p_sc18,miringoni,comoros,kyphosidae,kyphosus_sp.,#error!,4,2,26,28,NA,NA,NA,NA
2018-10-14,mw_b_p_sc18,miringoni,comoros,kyphosidae,kyphosus_sp.,#error!,6,2,26,28,NA,NA,NA,NA
2019-11-10,mis_01,misali,tanzania,kyphosidae,kyphosus_sp.,#error!,1,1,26,28,NA,NA,NA,NA
2021-03-18,mor_01,moray,kenya,kyphosidae,kyphosus_sp.,#error!,1,4,31,33,NA,NA,NA,NA
2021-03-18,mor_01,moray,kenya,kyphosidae,kyphosus_sp.,#error!,2,1,46,48,NA,NA,NA,NA
2019-11-06,njg_01,njao_gap,tanzania,kyphosidae,kyphosus_sp.,#error!,2,10,21,23,NA,NA,NA,NA
2019-11-06,njg_01,njao_gap,tanzania,kyphosidae,kyphosus_sp.,#error!,2,3,16,18,NA,NA,NA,NA
2018-10-15,mw_a_p_sc19,point_ouani,comoros,kyphosidae,kyphosus_sp.,#error!,2,1,21,23,NA,NA,NA,NA
2018-10-16,mw_a_p_sc20,point_ouani,comoros,kyphosidae,kyphosus_sp.,#error!,4,23,26,28,NA,NA,NA,NA
2018-10-16,mw_a_p_sc20,point_ouani,comoros,kyphosidae,kyphosus_sp.,#error!,5,2,26,28,NA,NA,NA,NA
2018-10-11,mw_e_p_sc12,sambia,comoros,kyphosidae,kyphosus_sp.,#error!,4,2,31,33,NA,NA,NA,NA
2018-10-11,mw_e_p_sc12,sambia,comoros,kyphosidae,kyphosus_sp.,#error!,6,1,36,38,NA,NA,NA,NA
2018-10-11,mw_e_p_sc12,sambia,comoros,kyphosidae,kyphosus_sp.,#error!,6,1,31,33,NA,NA,NA,NA
2020-11-20,tur_01,turtle_reef,kenya,kyphosidae,kyphosus_sp.,#error!,1,11,21,23,NA,NA,NA,NA
2020-11-20,tur_01,turtle_reef,kenya,kyphosidae,kyphosus_sp.,#error!,1,2,26,28,NA,NA,NA,NA
2020-11-20,tur_01,turtle_reef,kenya,kyphosidae,kyphosus_sp.,#error!,1,1,21,23,NA,NA,NA,NA
2020-11-20,tur_01,turtle_reef,kenya,kyphosidae,kyphosus_sp.,#error!,1,2,21,23,NA,NA,NA,NA
2020-12-23,was_01,wasini_tengefu,kenya,kyphosidae,kyphosus_sp.,#error!,1,1,16,18,NA,NA,NA,NA
2020-12-23,was_01,wasini_tengefu,kenya,kyphosidae,kyphosus_sp.,#error!,1,6,16,18,NA,NA,NA,NA
2020-12-23,was_01,wasini_tengefu,kenya,kyphosidae,kyphosus_sp.,#error!,1,12,21,23,NA,NA,NA,NA
2020-12-23,was_01,wasini_tengefu,kenya,kyphosidae,kyphosus_sp.,#error!,2,3,16,18,NA,NA,NA,NA
2020-12-23,was_01,wasini_tengefu,kenya,kyphosidae,kyphosus_sp.,#error!,2,2,16,18,NA,NA,NA,NA
2020-12-23,was_01,wasini_tengefu,kenya,kyphosidae,kyphosus_sp.,#error!,3,1,21,23,NA,NA,NA,NA
2021-04-01,wcg_01,watamu_coral_garden,kenya,kyphosidae,kyphosus_sp.,#error!,2,7,36,38,NA,NA,NA,NA
2021-04-01,wcg_01,watamu_coral_garden,kenya,kyphosidae,kyphosus_sp.,#error!,3,1,41,43,NA,NA,NA,NA
2021-04-01,wcg_01,watamu_coral_garden,kenya,kyphosidae,kyphosus_sp.,#error!,3,10,26,28,NA,NA,NA,NA
2021-11-23,and_01,andromache,kenya,lethrinidae,lethrinus_lentjan,#error!,1,1,16,18,NA,NA,NA,NA
2022-04-04,aru_02,arusha,kenya,lethrinidae,monotaxis_grandoculis,#error!,5,5,36,38,NA,NA,NA,NA
2022-09-08,bang_02,bangoi,comoros,lethrinidae,monotaxis_grandoculis,#error!,3,2,26,28,NA,NA,NA,NA
2018-09-30,aj_b_p_sc03,bimbini,comoros,lethrinidae,monotaxis_grandoculis,#error!,1,2,16,18,NA,NA,NA,NA
2018-09-30,aj_b_p_sc03,bimbini,comoros,lethrinidae,monotaxis_grandoculis,#error!,1,3,21,23,NA,NA,NA,NA
2018-09-30,aj_b_p_sc03,bimbini,comoros,lethrinidae,monotaxis_grandoculis,#error!,2,2,56,58,NA,NA,NA,NA
2018-10-01,aj_b_p_sc04,bimbini,comoros,lethrinidae,gnathodentex_aurolineatus,#error!,4,13,21,23,NA,NA,NA,NA
2018-10-01,aj_b_p_sc04,bimbini,comoros,lethrinidae,monotaxis_grandoculis,#error!,4,4,16,18,NA,NA,NA,NA
2018-10-01,aj_b_p_sc04,bimbini,comoros,lethrinidae,gnathodentex_aurolineatus,#error!,5,8,16,18,NA,NA,NA,NA
2018-10-01,aj_b_p_sc04,bimbini,comoros,lethrinidae,monotaxis_grandoculis,#error!,5,1,16,18,NA,NA,NA,NA
2023-03-25,bos_01,boso,kenya,lethrinidae,lethrinus_harak,#error!,1,1,21,23,NA,NA,NA,NA
2023-03-25,bos_01,boso,kenya,lethrinidae,lethrinus_lentjan,#error!,2,1,16,18,NA,NA,NA,NA
2022-10-26,brc_01,brain_coral,kenya,lethrinidae,lethrinus_mahsena,#error!,3,1,31,33,NA,NA,NA,NA
2022-10-26,brc_02,brain_coral,kenya,lethrinidae,lethrinus_lentjan,#error!,4,1,16,18,NA,NA,NA,NA
2022-10-26,brc_02,brain_coral,kenya,lethrinidae,lethrinus_lentjan,#error!,5,1,16,18,NA,NA,NA,NA
2021-11-17,cha_01,chale,kenya,lethrinidae,monotaxis_grandoculis,#error!,2,1,26,28,NA,NA,NA,NA
2021-11-17,cha_01,chale,kenya,lethrinidae,monotaxis_grandoculis,#error!,2,1,21,23,NA,NA,NA,NA
2022-09-17,chin_02,chindini,comoros,lethrinidae,monotaxis_grandoculis,#error!,3,5,16,18,NA,NA,NA,NA
2022-09-17,chin_02,chindini,comoros,lethrinidae,monotaxis_grandoculis,#error!,3,1,31,33,NA,NA,NA,NA
2022-09-12,chin_03,chindini,comoros,lethrinidae,monotaxis_grandoculis,#error!,1,3,21,23,NA,NA,NA,NA
2022-09-12,chin_03,chindini,comoros,lethrinidae,monotaxis_grandoculis,#error!,2,5,21,23,NA,NA,NA,NA
2023-02-11,chp_01,chipopo,kenya,lethrinidae,monotaxis_grandoculis,#error!,1,1,26,28,NA,NA,NA,NA
2023-02-11,chp_01,chipopo,kenya,lethrinidae,monotaxis_grandoculis,#error!,1,3,16,18,NA,NA,NA,NA
2023-02-11,chp_01,chipopo,kenya,lethrinidae,lethrinus_lentjan,#error!,2,4,21,23,NA,NA,NA,NA
2023-02-11,chp_01,chipopo,kenya,lethrinidae,lethrinus_harak,#error!,2,1,21,23,NA,NA,NA,NA
2023-02-11,chp_01,chipopo,kenya,lethrinidae,lethrinus_lentjan,#error!,3,1,21,23,NA,NA,NA,NA
2023-03-24,ccb_01,chongo_cha_boso,kenya,lethrinidae,lethrinus_lentjan,#error!,1,1,21,23,NA,NA,NA,NA
2023-03-26,dzi_01,dhiwa_za_ishakani,kenya,lethrinidae,lethrinus_mahsena,#error!,2,1,16,18,NA,NA,NA,NA
2023-03-26,dzi_01,dhiwa_za_ishakani,kenya,lethrinidae,lethrinus_lentjan,#error!,2,40,16,18,NA,NA,NA,NA
2022-11-18,din_01,dindini,tanzania,lethrinidae,gnathodentex_aurolineatus,#error!,2,5,11,13,NA,NA,NA,NA
2018-10-13,mw_b_p_sc16,djirani,comoros,lethrinidae,monotaxis_grandoculis,#error!,3,1,36,38,NA,NA,NA,NA
2018-10-13,mw_b_p_sc16,djirani,comoros,lethrinidae,monotaxis_grandoculis,#error!,3,1,41,43,NA,NA,NA,NA
2018-10-14,mw_b_p_sc17,djirani,comoros,lethrinidae,monotaxis_grandoculis,#error!,6,1,26,28,NA,NA,NA,NA
2021-03-19,dol_01,dolphin,kenya,lethrinidae,lethrinus_obsoletus,#error!,1,1,16,18,NA,NA,NA,NA
2021-03-19,dol_01,dolphin,kenya,lethrinidae,lethrinus_mahsena,#error!,2,2,26,28,NA,NA,NA,NA
2021-03-19,dol_02,dolphin,kenya,lethrinidae,lethrinus_mahsena,#error!,4,1,26,28,NA,NA,NA,NA
2023-11-02,fassi1,fassi,comoros,lethrinidae,monotaxis_grandoculis,#error!,4,1,11,13,NA,NA,NA,NA
2023-11-02,fassi2,fassi,comoros,lethrinidae,monotaxis_grandoculis,#error!,1,1,11,13,NA,NA,NA,NA
2023-11-02,fassi2,fassi,comoros,lethrinidae,monotaxis_grandoculis,#error!,2,2,11,13,NA,NA,NA,NA
2018-10-09,mw_e_p_sc09,ferenga,comoros,lethrinidae,monotaxis_grandoculis,#error!,1,1,36,38,NA,NA,NA,NA
2018-10-09,mw_e_p_sc09,ferenga,comoros,lethrinidae,monotaxis_grandoculis,#error!,2,1,11,13,NA,NA,NA,NA
2018-10-09,mw_e_p_sc09,ferenga,comoros,lethrinidae,monotaxis_grandoculis,#error!,2,1,16,18,NA,NA,NA,NA
2018-10-09,mw_e_p_sc09,ferenga,comoros,lethrinidae,monotaxis_grandoculis,#error!,2,8,41,43,NA,NA,NA,NA
2018-10-09,mw_e_p_sc09,ferenga,comoros,lethrinidae,monotaxis_grandoculis,#error!,2,2,36,38,NA,NA,NA,NA
2018-10-09,mw_e_p_sc09,ferenga,comoros,lethrinidae,lethrinus_xanthochilus,#error!,3,1,36,38,NA,NA,NA,NA
2018-10-09,mw_e_p_sc09,ferenga,comoros,lethrinidae,monotaxis_grandoculis,#error!,3,4,36,38,NA,NA,NA,NA
2018-10-09,mw_e_p_sc09,ferenga,comoros,lethrinidae,monotaxis_grandoculis,#error!,3,6,41,43,NA,NA,NA,NA
2018-10-10,mw_e_p_sc10,ferenga,comoros,lethrinidae,monotaxis_grandoculis,#error!,5,2,21,23,NA,NA,NA,NA
2018-10-10,mw_e_p_sc10,ferenga,comoros,lethrinidae,monotaxis_grandoculis,#error!,5,1,31,33,NA,NA,NA,NA
2018-10-10,mw_e_p_sc10,ferenga,comoros,lethrinidae,monotaxis_grandoculis,#error!,6,5,26,28,NA,NA,NA,NA
2018-10-10,mw_e_p_sc10,ferenga,comoros,lethrinidae,monotaxis_grandoculis,#error!,6,5,31,33,NA,NA,NA,NA
2019-11-15,fug_01,fundo_coral_garden,tanzania,lethrinidae,monotaxis_grandoculis,#error!,1,3,36,38,NA,NA,NA,NA
2019-11-15,fug_01,fundo_coral_garden,tanzania,lethrinidae,monotaxis_grandoculis,#error!,1,4,31,33,NA,NA,NA,NA
2019-11-15,fug_01,fundo_coral_garden,tanzania,lethrinidae,monotaxis_grandoculis,#error!,1,3,26,28,NA,NA,NA,NA
2019-11-15,fug_01,fundo_coral_garden,tanzania,lethrinidae,lethrinus_harak,#error!,2,2,36,38,NA,NA,NA,NA
2019-11-15,fug_01,fundo_coral_garden,tanzania,lethrinidae,lethrinus_harak,#error!,2,2,41,43,NA,NA,NA,NA
2019-11-15,fug_01,fundo_coral_garden,tanzania,lethrinidae,lethrinus_harak,#error!,3,2,36,38,NA,NA,NA,NA
2019-11-15,fug_01,fundo_coral_garden,tanzania,lethrinidae,lethrinus_harak,#error!,3,1,46,48,NA,NA,NA,NA
2019-11-17,fug_03,fundo_coral_garden,tanzania,lethrinidae,lethrinus_harak,#error!,4,2,31,33,NA,NA,NA,NA
2019-11-17,fug_03,fundo_coral_garden,tanzania,lethrinidae,lethrinus_harak,#error!,5,1,31,33,NA,NA,NA,NA
2019-11-13,fgi_01,fundo_gap_inner,tanzania,lethrinidae,monotaxis_grandoculis,#error!,1,2,11,13,NA,NA,NA,NA
2019-11-13,fgi_02,fundo_gap_inner,tanzania,lethrinidae,monotaxis_grandoculis,#error!,3,4,11,13,NA,NA,NA,NA
2019-11-14,fuo_01,fundo_outer,tanzania,lethrinidae,lethrinus_obsoletus,#error!,1,1,31,33,NA,NA,NA,NA
2019-11-14,fuo_01,fundo_outer,tanzania,lethrinidae,lethrinus_harak,#error!,1,1,31,33,NA,NA,NA,NA
2019-11-14,fuo_01,fundo_outer,tanzania,lethrinidae,lethrinus_harak,#error!,1,1,36,38,NA,NA,NA,NA
2019-11-14,fuo_01,fundo_outer,tanzania,lethrinidae,lethrinus_obsoletus,#error!,2,1,36,38,NA,NA,NA,NA
2019-11-14,fuo_02,fundo_outer,tanzania,lethrinidae,lethrinus_harak,#error!,4,1,36,38,NA,NA,NA,NA
2019-11-14,fuo_02,fundo_outer,tanzania,lethrinidae,lethrinus_obsoletus,#error!,5,1,26,28,NA,NA,NA,NA
2019-11-14,fuo_02,fundo_outer,tanzania,lethrinidae,lethrinus_harak,#error!,5,1,31,33,NA,NA,NA,NA
2022-09-16,ifou_01,ifoundihe_chamboini,comoros,lethrinidae,monotaxis_grandoculis,#error!,1,3,26,28,NA,NA,NA,NA
2022-09-15,itso_01,itsoundzou,comoros,lethrinidae,monotaxis_grandoculis,#error!,1,1,21,23,NA,NA,NA,NA
2022-09-16,itso_02,itsoundzou,comoros,lethrinidae,monotaxis_grandoculis,#error!,3,2,16,18,NA,NA,NA,NA
2022-09-16,itso_02,itsoundzou,comoros,lethrinidae,monotaxis_grandoculis,#error!,3,2,21,23,NA,NA,NA,NA
2022-03-04,iwe_01,iweni,kenya,lethrinidae,lethrinus_nebulosus,#error!,1,4,16,18,NA,NA,NA,NA
2022-03-04,iwe_01,iweni,kenya,lethrinidae,lethrinus_obsoletus,#error!,1,1,16,18,NA,NA,NA,NA
2022-03-04,iwe_01,iweni,kenya,lethrinidae,lethrinus_harak,#error!,1,1,26,28,NA,NA,NA,NA
2022-03-04,iwe_01,iweni,kenya,lethrinidae,lethrinus_nebulosus,#error!,2,2,21,23,NA,NA,NA,NA
2022-03-04,iwe_01,iweni,kenya,lethrinidae,lethrinus_harak,#error!,4,1,26,28,NA,NA,NA,NA
2022-03-04,iwe_01,iweni,kenya,lethrinidae,lethrinus_harak,#error!,4,8,16,18,NA,NA,NA,NA
2022-03-31,jmk_01,jamba_wa_kwale,kenya,lethrinidae,lethrinus_harak,#error!,3,2,31,33,NA,NA,NA,NA
2022-03-31,jmk_02,jamba_wa_kwale,kenya,lethrinidae,lethrinus_obsoletus,#error!,4,1,31,33,NA,NA,NA,NA
2022-03-31,jmk_02,jamba_wa_kwale,kenya,lethrinidae,lethrinus_harak,#error!,5,1,31,33,NA,NA,NA,NA
2022-10-25,jbr_01,jumbo_ruins,kenya,lethrinidae,lethrinus_harak,#error!,1,4,21,23,NA,NA,NA,NA
2022-10-25,jbr_01,jumbo_ruins,kenya,lethrinidae,lethrinus_harak,#error!,2,1,21,23,NA,NA,NA,NA
2023-03-24,kkr_01,kadhikia_kuru,kenya,lethrinidae,lethrinus_lentjan,#error!,2,1,21,23,NA,NA,NA,NA
2023-03-24,kkr_01,kadhikia_kuru,kenya,lethrinidae,lethrinus_lentjan,#error!,3,21,16,18,NA,NA,NA,NA
2022-02-04,kanz_01,kanzoni,comoros,lethrinidae,monotaxis_grandoculis,#error!,1,4,11,13,NA,NA,NA,NA
2022-02-04,kanz_01,kanzoni,comoros,lethrinidae,monotaxis_grandoculis,#error!,1,3,16,18,NA,NA,NA,NA
2022-02-04,kanz_01,kanzoni,comoros,lethrinidae,monotaxis_grandoculis,#error!,2,3,26,28,NA,NA,NA,NA
2022-02-04,kanz_01,kanzoni,comoros,lethrinidae,monotaxis_grandoculis,#error!,2,2,21,23,NA,NA,NA,NA
2022-02-04,kanz_01,kanzoni,comoros,lethrinidae,gnathodentex_aurolineatus,#error!,3,7,16,18,NA,NA,NA,NA
2022-02-04,kanz_01,kanzoni,comoros,lethrinidae,monotaxis_grandoculis,#error!,3,1,21,23,NA,NA,NA,NA
2021-11-18,ksm_02,kaya_similani,kenya,lethrinidae,monotaxis_grandoculis,#error!,2,1,26,28,NA,NA,NA,NA
2022-11-16,kif_01,kifinge,tanzania,lethrinidae,lethrinus_harak,#error!,1,1,16,18,NA,NA,NA,NA
2022-11-16,kif_01,kifinge,tanzania,lethrinidae,gnathodentex_aurolineatus,#error!,1,1,16,18,NA,NA,NA,NA
2022-11-16,kif_01,kifinge,tanzania,lethrinidae,lethrinus_lentjan,#error!,2,1,16,18,NA,NA,NA,NA
2022-11-16,kif_02,kifinge,tanzania,lethrinidae,lethrinus_lentjan,#error!,4,1,16,18,NA,NA,NA,NA
2022-11-16,kif_02,kifinge,tanzania,lethrinidae,lethrinus_lentjan,#error!,4,3,11,13,NA,NA,NA,NA
2022-11-16,kif_02,kifinge,tanzania,lethrinidae,lethrinus_mahsena,#error!,4,1,31,33,NA,NA,NA,NA
2021-11-21,kkd_01,kikadini,kenya,lethrinidae,lethrinus_mahsena,#error!,3,1,16,18,NA,NA,NA,NA
2021-03-16,kiln_02,kilifi_north,kenya,lethrinidae,monotaxis_grandoculis,#error!,5,2,26,28,NA,NA,NA,NA
2022-03-30,klg_01,kilingoni,kenya,lethrinidae,lethrinus_obsoletus,#error!,1,4,16,18,NA,NA,NA,NA
2022-03-30,klg_01,kilingoni,kenya,lethrinidae,lethrinus_harak,#error!,1,1,26,28,NA,NA,NA,NA
2022-03-30,klg_01,kilingoni,kenya,lethrinidae,lethrinus_harak,#error!,3,1,21,23,NA,NA,NA,NA
2022-03-30,klg_01,kilingoni,kenya,lethrinidae,lethrinus_mahsena,#error!,4,3,21,23,NA,NA,NA,NA
2022-03-30,klg_01,kilingoni,kenya,lethrinidae,lethrinus_lentjan,#error!,4,4,11,13,NA,NA,NA,NA
2021-11-20,kmo_01,kinondo_makonde,kenya,lethrinidae,lethrinus_obsoletus,#error!,2,1,26,28,NA,NA,NA,NA
2021-11-20,kmo_02,kinondo_makonde,kenya,lethrinidae,monotaxis_grandoculis,#error!,5,1,21,23,NA,NA,NA,NA
2021-04-13,kse_01,kisite_east,kenya,lethrinidae,lethrinus_lentjan,#error!,1,30,21,23,NA,NA,NA,NA
2021-04-13,kse_01,kisite_east,kenya,lethrinidae,monotaxis_grandoculis,#error!,1,1,36,38,NA,NA,NA,NA
2021-04-13,kse_01,kisite_east,kenya,lethrinidae,monotaxis_grandoculis,#error!,1,1,16,18,NA,NA,NA,NA
2021-04-13,kse_01,kisite_east,kenya,lethrinidae,lethrinus_lentjan,#error!,2,100,21,23,NA,NA,NA,NA
2021-04-13,kse_01,kisite_east,kenya,lethrinidae,lethrinus_lentjan,#error!,2,20,16,18,NA,NA,NA,NA
2021-04-13,kse_01,kisite_east,kenya,lethrinidae,lethrinus_obsoletus,#error!,3,4,26,28,NA,NA,NA,NA
2021-04-13,kse_01,kisite_east,kenya,lethrinidae,lethrinus_obsoletus,#error!,3,1,21,23,NA,NA,NA,NA
2021-04-13,kse_01,kisite_east,kenya,lethrinidae,lethrinus_lentjan,#error!,3,4,26,28,NA,NA,NA,NA
2021-04-13,kse_01,kisite_east,kenya,lethrinidae,lethrinus_lentjan,#error!,3,30,21,23,NA,NA,NA,NA
2021-04-13,kse_01,kisite_east,kenya,lethrinidae,lethrinus_lentjan,#error!,3,4,26,28,NA,NA,NA,NA
2021-04-13,kse_02,kisite_east,kenya,lethrinidae,gnathodentex_aurolineatus,#error!,4,20,16,18,NA,NA,NA,NA
2021-04-13,kse_02,kisite_east,kenya,lethrinidae,lethrinus_lentjan,#error!,4,10,16,18,NA,NA,NA,NA
2021-04-13,kse_02,kisite_east,kenya,lethrinidae,lethrinus_harak,#error!,4,1,31,33,NA,NA,NA,NA
2021-04-13,kse_02,kisite_east,kenya,lethrinidae,lethrinus_obsoletus,#error!,5,1,21,23,NA,NA,NA,NA
2021-04-13,kse_02,kisite_east,kenya,lethrinidae,lethrinus_lentjan,#error!,5,10,16,18,NA,NA,NA,NA
2022-11-17,kik_01,kisiwa_kikubwa,tanzania,lethrinidae,lethrinus_harak,#error!,4,4,21,23,NA,NA,NA,NA
2022-11-17,kik_01,kisiwa_kikubwa,tanzania,lethrinidae,monotaxis_grandoculis,#error!,4,3,16,18,NA,NA,NA,NA
2022-11-17,kik_01,kisiwa_kikubwa,tanzania,lethrinidae,lethrinus_harak,#error!,5,4,21,23,NA,NA,NA,NA
2022-11-17,msu_01,kisiwa_kikubwa,tanzania,lethrinidae,lethrinus_obsoletus,#error!,1,1,31,33,NA,NA,NA,NA
2022-11-17,msu_01,kisiwa_kikubwa,tanzania,lethrinidae,monotaxis_grandoculis,#error!,1,1,16,18,NA,NA,NA,NA
2022-11-17,msu_01,kisiwa_kikubwa,tanzania,lethrinidae,lethrinus_obsoletus,#error!,2,1,21,23,NA,NA,NA,NA
2022-11-17,msu_01,kisiwa_kikubwa,tanzania,lethrinidae,lethrinus_mahsena,#error!,2,1,21,23,NA,NA,NA,NA
2022-11-17,msu_01,kisiwa_kikubwa,tanzania,lethrinidae,monotaxis_grandoculis,#error!,3,1,16,18,NA,NA,NA,NA
2022-11-21,kitout_02,kitutia_outer,tanzania,lethrinidae,gymnocranius_grandoculis,#error!,3,1,41,43,NA,NA,NA,NA
2019-11-16,kug_02,kokota_uvinje_gap,tanzania,lethrinidae,monotaxis_grandoculis,#error!,4,1,11,13,NA,NA,NA,NA
2019-11-16,kug_02,kokota_uvinje_gap,tanzania,lethrinidae,monotaxis_grandoculis,#error!,5,1,11,13,NA,NA,NA,NA
2023-03-27,kui_01,kui,kenya,lethrinidae,lethrinus_mahsena,#error!,2,1,11,13,NA,NA,NA,NA
2020-11-25,kur_01,kuruwitu_tengefu,kenya,lethrinidae,lethrinus_harak,#error!,1,20,16,18,NA,NA,NA,NA
2020-11-25,kur_01,kuruwitu_tengefu,kenya,lethrinidae,lethrinus_harak,#error!,1,6,11,13,NA,NA,NA,NA
2020-11-25,kur_01,kuruwitu_tengefu,kenya,lethrinidae,lethrinus_harak,#error!,2,5,26,28,NA,NA,NA,NA
2020-11-25,kur_01,kuruwitu_tengefu,kenya,lethrinidae,lethrinus_harak,#error!,2,1,31,33,NA,NA,NA,NA
2020-11-25,kur_01,kuruwitu_tengefu,kenya,lethrinidae,lethrinus_harak,#error!,2,20,16,18,NA,NA,NA,NA
2020-11-25,kur_01,kuruwitu_tengefu,kenya,lethrinidae,lethrinus_harak,#error!,2,1,31,33,NA,NA,NA,NA
2020-11-25,kur_01,kuruwitu_tengefu,kenya,lethrinidae,lethrinus_harak,#error!,2,1,26,28,NA,NA,NA,NA
2020-11-25,kur_01,kuruwitu_tengefu,kenya,lethrinidae,lethrinus_harak,#error!,3,2,31,33,NA,NA,NA,NA
2020-11-25,kur_01,kuruwitu_tengefu,kenya,lethrinidae,lethrinus_harak,#error!,3,1,16,18,NA,NA,NA,NA
2020-11-25,kur_02,kuruwitu_tengefu,kenya,lethrinidae,lethrinus_harak,#error!,4,6,31,33,NA,NA,NA,NA
2020-11-25,kur_02,kuruwitu_tengefu,kenya,lethrinidae,lethrinus_harak,#error!,4,2,26,28,NA,NA,NA,NA
2020-11-25,kur_02,kuruwitu_tengefu,kenya,lethrinidae,lethrinus_harak,#error!,5,3,31,33,NA,NA,NA,NA
2021-03-24,lev_01,leven,kenya,lethrinidae,monotaxis_grandoculis,#error!,1,1,26,28,NA,NA,NA,NA
2021-03-24,lev_01,leven,kenya,lethrinidae,monotaxis_grandoculis,#error!,1,1,31,33,NA,NA,NA,NA
2021-03-24,lev_02,leven,kenya,lethrinidae,lethrinus_mahsena,#error!,4,1,16,18,NA,NA,NA,NA
2021-03-24,lev_02,leven,kenya,lethrinidae,lethrinus_harak,#error!,4,2,26,28,NA,NA,NA,NA
2022-10-27,lbb_01,lobster_bank,kenya,lethrinidae,lethrinus_lentjan,#error!,1,1,26,28,NA,NA,NA,NA
2022-10-27,lbb_01,lobster_bank,kenya,lethrinidae,lethrinus_lentjan,#error!,2,1,26,28,NA,NA,NA,NA
2022-10-27,lbb_01,lobster_bank,kenya,lethrinidae,lethrinus_lentjan,#error!,3,1,21,23,NA,NA,NA,NA
2022-10-27,lbb_02,lobster_bank,kenya,lethrinidae,monotaxis_grandoculis,#error!,5,1,26,28,NA,NA,NA,NA
2022-10-27,lbb_02,lobster_bank,kenya,lethrinidae,monotaxis_grandoculis,#error!,5,1,21,23,NA,NA,NA,NA
2023-03-26,mgl_01,magulugulu,kenya,lethrinidae,lethrinus_harak,#error!,2,3,21,23,NA,NA,NA,NA
2023-03-26,mgl_01,magulugulu,kenya,lethrinidae,lethrinus_lentjan,#error!,2,3,21,23,NA,NA,NA,NA
2021-04-12,mkk_01,makokokwe,kenya,lethrinidae,monotaxis_grandoculis,#error!,2,1,21,23,NA,NA,NA,NA
2022-09-13,male_03,male,comoros,lethrinidae,lethrinus_spp.,#error!,1,1,46,48,NA,NA,NA,NA
2021-03-31,mlcg_02,malindi_coral_garden,kenya,lethrinidae,lethrinus_obsoletus,#error!,3,1,26,28,NA,NA,NA,NA
2021-03-31,mlcg_02,malindi_coral_garden,kenya,lethrinidae,lethrinus_lentjan,#error!,3,4,21,23,NA,NA,NA,NA
2023-02-21,mat_01,manda_toto,kenya,lethrinidae,lethrinus_harak,#error!,1,1,26,28,NA,NA,NA,NA
2023-02-21,mat_01,manda_toto,kenya,lethrinidae,lethrinus_harak,#error!,3,2,21,23,NA,NA,NA,NA
2019-11-12,man_01,mandela,tanzania,lethrinidae,lethrinus_harak,#error!,1,1,26,28,NA,NA,NA,NA
2019-11-12,man_01,mandela,tanzania,lethrinidae,lethrinus_harak,#error!,1,2,31,33,NA,NA,NA,NA
2019-11-12,man_01,mandela,tanzania,lethrinidae,lethrinus_harak,#error!,2,1,21,23,NA,NA,NA,NA
2019-11-12,man_02,mandela,tanzania,lethrinidae,lethrinus_harak,#error!,4,1,36,38,NA,NA,NA,NA
2019-11-12,man_02,mandela,tanzania,lethrinidae,lethrinus_harak,#error!,4,5,31,33,NA,NA,NA,NA
2019-11-12,man_02,mandela,tanzania,lethrinidae,lethrinus_harak,#error!,4,1,21,23,NA,NA,NA,NA
2019-11-12,man_02,mandela,tanzania,lethrinidae,lethrinus_harak,#error!,4,7,26,28,NA,NA,NA,NA
2019-11-12,man_02,mandela,tanzania,lethrinidae,monotaxis_grandoculis,#error!,4,2,21,23,NA,NA,NA,NA
2019-11-12,man_02,mandela,tanzania,lethrinidae,monotaxis_grandoculis,#error!,4,1,26,28,NA,NA,NA,NA
2022-11-15,mgein_02,mange_inner,tanzania,lethrinidae,monotaxis_grandoculis,#error!,5,1,11,13,NA,NA,NA,NA
2022-11-22,mgeout_01,mange_outer,tanzania,lethrinidae,lethrinus_obsoletus,#error!,1,5,31,33,NA,NA,NA,NA
2022-11-22,mgeout_01,mange_outer,tanzania,lethrinidae,lethrinus_obsoletus,#error!,1,3,26,28,NA,NA,NA,NA
2022-11-22,mgeout_01,mange_outer,tanzania,lethrinidae,lethrinus_harak,#error!,1,23,31,33,NA,NA,NA,NA
2022-11-22,mgeout_01,mange_outer,tanzania,lethrinidae,lethrinus_obsoletus,#error!,2,1,31,33,NA,NA,NA,NA
2022-11-22,mgeout_01,mange_outer,tanzania,lethrinidae,lethrinus_harak,#error!,3,2,31,33,NA,NA,NA,NA
2022-11-22,mgeout_01,mange_outer,tanzania,lethrinidae,lethrinus_harak,#error!,3,1,26,28,NA,NA,NA,NA
2022-10-19,mps_01,mapasi,kenya,lethrinidae,lethrinus_mahsena,#error!,3,6,21,23,NA,NA,NA,NA
2020-11-18,mar_01,marereni_tengefu,kenya,lethrinidae,lethrinus_harak,#error!,1,1,16,18,NA,NA,NA,NA
2020-11-18,mar_01,marereni_tengefu,kenya,lethrinidae,lethrinus_harak,#error!,1,1,21,23,NA,NA,NA,NA
2020-11-18,mar_01,marereni_tengefu,kenya,lethrinidae,lethrinus_harak,#error!,2,2,16,18,NA,NA,NA,NA
2020-11-18,mar_01,marereni_tengefu,kenya,lethrinidae,lethrinus_harak,#error!,2,2,11,13,NA,NA,NA,NA
2020-11-18,mar_01,marereni_tengefu,kenya,lethrinidae,lethrinus_harak,#error!,3,3,16,18,NA,NA,NA,NA
2020-11-18,mar_01,marereni_tengefu,kenya,lethrinidae,lethrinus_harak,#error!,3,1,21,23,NA,NA,NA,NA
2018-10-07,gc_a_p_sc07,mbachile_napabo,comoros,lethrinidae,monotaxis_grandoculis,#error!,3,2,46,48,NA,NA,NA,NA
2018-10-07,gc_a_p_sc07,mbachile_napabo,comoros,lethrinidae,monotaxis_grandoculis,#error!,3,2,36,38,NA,NA,NA,NA
2022-04-05,mek_01,mekka,kenya,lethrinidae,lethrinus_harak,#error!,1,1,31,33,NA,NA,NA,NA
2022-04-05,mek_01,mekka,kenya,lethrinidae,monotaxis_grandoculis,#error!,2,1,21,23,NA,NA,NA,NA
2022-04-05,mek_02,mekka,kenya,lethrinidae,lethrinus_harak,#error!,4,1,26,28,NA,NA,NA,NA
2022-04-05,mek_02,mekka,kenya,lethrinidae,lethrinus_harak,#error!,4,2,21,23,NA,NA,NA,NA
2022-04-05,mek_02,mekka,kenya,lethrinidae,lethrinus_microdon,#error!,4,4,16,18,NA,NA,NA,NA
2022-09-10,mimo_01,memboiboini,comoros,lethrinidae,monotaxis_grandoculis,#error!,1,5,11,13,NA,NA,NA,NA
2022-09-10,mimo_01,memboiboini,comoros,lethrinidae,monotaxis_grandoculis,#error!,1,3,16,18,NA,NA,NA,NA
2023-02-14,miki_01,mikes_inner,kenya,lethrinidae,lethrinus_harak,#error!,1,1,16,18,NA,NA,NA,NA
2023-02-14,miki_01,mikes_inner,kenya,lethrinidae,lethrinus_harak,#error!,1,3,26,28,NA,NA,NA,NA
2023-02-14,miko_01,mikes_outer,kenya,lethrinidae,lethrinus_harak,#error!,1,1,16,18,NA,NA,NA,NA
2018-10-12,mw_d_p_sc14,mirereni,comoros,lethrinidae,monotaxis_grandoculis,#error!,3,2,46,48,NA,NA,NA,NA
2018-10-14,mw_b_p_sc18,miringoni,comoros,lethrinidae,monotaxis_grandoculis,#error!,6,1,26,28,NA,NA,NA,NA
2019-11-10,mis_01,misali,tanzania,lethrinidae,monotaxis_grandoculis,#error!,1,1,21,23,NA,NA,NA,NA
2019-11-10,mis_01,misali,tanzania,lethrinidae,monotaxis_grandoculis,#error!,1,1,31,33,NA,NA,NA,NA
2019-11-10,mis_02,misali,tanzania,lethrinidae,gnathodentex_aurolineatus,#error!,4,4,16,18,NA,NA,NA,NA
2019-11-10,mis_02,misali,tanzania,lethrinidae,lethrinus_harak,#error!,4,1,31,33,NA,NA,NA,NA
2019-11-10,mis_02,misali,tanzania,lethrinidae,lethrinus_harak,#error!,5,1,31,33,NA,NA,NA,NA
2019-11-10,mis_02,misali,tanzania,lethrinidae,lethrinus_harak,#error!,5,2,26,28,NA,NA,NA,NA
2019-11-10,mis_02,misali,tanzania,lethrinidae,lethrinus_harak,#error!,5,1,21,23,NA,NA,NA,NA
2018-10-06,gc_a_p_sc06,mitsamiouli,comoros,lethrinidae,monotaxis_grandoculis,#error!,4,2,16,18,NA,NA,NA,NA
2018-10-06,gc_a_p_sc06,mitsamiouli,comoros,lethrinidae,monotaxis_grandoculis,#error!,4,1,11,13,NA,NA,NA,NA
2023-11-01,mitsam2,mitsamiouli,comoros,lethrinidae,monotaxis_grandoculis,#error!,1,1,11,13,NA,NA,NA,NA
2023-11-01,mitsam2,mitsamiouli,comoros,lethrinidae,lethrinus_harak,#error!,2,1,31,33,NA,NA,NA,NA
2023-11-01,mitsam2,mitsamiouli,comoros,lethrinidae,monotaxis_grandoculis,#error!,2,2,11,13,NA,NA,NA,NA
2023-11-01,mitsam3,mitsamiouli,comoros,lethrinidae,gnathodentex_aurolineatus,#error!,4,15,11,13,NA,NA,NA,NA
2023-11-01,mitsam3,mitsamiouli,comoros,lethrinidae,monotaxis_grandoculis,#error!,4,4,11,13,NA,NA,NA,NA
2022-10-18,mjk_01,mji_wa_kale,kenya,lethrinidae,lethrinus_harak,#error!,4,1,31,33,NA,NA,NA,NA
2022-10-18,mjk_02,mji_wa_kale,kenya,lethrinidae,lethrinus_microdon,#error!,1,1,31,33,NA,NA,NA,NA
2022-04-01,mli_01,mliani,kenya,lethrinidae,lethrinus_harak,#error!,1,14,21,23,NA,NA,NA,NA
2022-04-01,mli_01,mliani,kenya,lethrinidae,lethrinus_harak,#error!,1,1,16,18,NA,NA,NA,NA
2022-04-01,mli_01,mliani,kenya,lethrinidae,lethrinus_mahsena,#error!,1,10,21,23,NA,NA,NA,NA
2022-04-01,mli_01,mliani,kenya,lethrinidae,lethrinus_mahsena,#error!,1,1,16,18,NA,NA,NA,NA
2022-04-01,mli_01,mliani,kenya,lethrinidae,lethrinus_mahsena,#error!,2,2,26,28,NA,NA,NA,NA
2022-04-01,mli_01,mliani,kenya,lethrinidae,lethrinus_mahsena,#error!,3,2,21,23,NA,NA,NA,NA
2022-04-01,mli_01,mliani,kenya,lethrinidae,lethrinus_mahsena,#error!,3,2,26,28,NA,NA,NA,NA
2022-04-01,mli_02,mliani,kenya,lethrinidae,lethrinus_harak,#error!,4,1,31,33,NA,NA,NA,NA
2022-04-01,mli_02,mliani,kenya,lethrinidae,lethrinus_mahsena,#error!,4,13,26,28,NA,NA,NA,NA
2022-04-01,mli_02,mliani,kenya,lethrinidae,lethrinus_mahsena,#error!,4,2,31,33,NA,NA,NA,NA
2022-04-01,mli_02,mliani,kenya,lethrinidae,lethrinus_mahsena,#error!,5,4,21,23,NA,NA,NA,NA
2022-04-01,mli_02,mliani,kenya,lethrinidae,lethrinus_mahsena,#error!,5,4,16,18,NA,NA,NA,NA
2022-04-01,mli_02,mliani,kenya,lethrinidae,lethrinus_mahsena,#error!,5,4,11,13,NA,NA,NA,NA
2022-04-01,mli_02,mliani,kenya,lethrinidae,lethrinus_mahsena,#error!,5,6,26,28,NA,NA,NA,NA
2022-10-28,mbcg_01,mombasa_coral_garden,kenya,lethrinidae,lethrinus_spp.,#error!,1,1,16,18,NA,NA,NA,NA
2022-10-28,mbcg_01,mombasa_coral_garden,kenya,lethrinidae,lethrinus_spp.,#error!,1,1,21,23,NA,NA,NA,NA
2022-10-28,mbcg_01,mombasa_coral_garden,kenya,lethrinidae,lethrinus_mahsena,#error!,1,2,16,18,NA,NA,NA,NA
2022-10-28,mbcg_01,mombasa_coral_garden,kenya,lethrinidae,lethrinus_spp.,#error!,1,16,16,18,NA,NA,NA,NA
2022-10-28,mbcg_01,mombasa_coral_garden,kenya,lethrinidae,monotaxis_grandoculis,#error!,1,1,21,23,NA,NA,NA,NA
2022-10-28,mbcg_01,mombasa_coral_garden,kenya,lethrinidae,monotaxis_grandoculis,#error!,1,1,16,18,NA,NA,NA,NA
2022-10-28,mbcg_01,mombasa_coral_garden,kenya,lethrinidae,lethrinus_spp.,#error!,1,1,21,23,NA,NA,NA,NA
2022-10-28,mbcg_01,mombasa_coral_garden,kenya,lethrinidae,lethrinus_lentjan,#error!,2,1,16,18,NA,NA,NA,NA
2022-10-28,mbcg_01,mombasa_coral_garden,kenya,lethrinidae,lethrinus_spp.,#error!,2,1,16,18,NA,NA,NA,NA
2022-10-28,mbcg_01,mombasa_coral_garden,kenya,lethrinidae,lethrinus_spp.,#error!,2,1,21,23,NA,NA,NA,NA
2022-10-28,mbcg_01,mombasa_coral_garden,kenya,lethrinidae,lethrinus_mahsena,#error!,3,3,16,18,NA,NA,NA,NA
2021-03-18,mor_01,moray,kenya,lethrinidae,lethrinus_mahsena,#error!,1,1,26,28,NA,NA,NA,NA
2021-03-18,mor_01,moray,kenya,lethrinidae,monotaxis_grandoculis,#error!,1,2,16,18,NA,NA,NA,NA
2021-03-18,mor_01,moray,kenya,lethrinidae,monotaxis_grandoculis,#error!,2,3,11,13,NA,NA,NA,NA
2021-03-18,mor_01,moray,kenya,lethrinidae,lethrinus_mahsena,#error!,3,1,26,28,NA,NA,NA,NA
2020-11-24,mrd_01,mradi_tengefu,kenya,lethrinidae,lethrinus_harak,#error!,1,2,16,18,NA,NA,NA,NA
2020-11-24,mrd_01,mradi_tengefu,kenya,lethrinidae,lethrinus_harak,#error!,2,1,11,13,NA,NA,NA,NA
2023-03-20,mhd_01,muhindi,kenya,lethrinidae,lethrinus_mahsena,#error!,3,1,16,18,NA,NA,NA,NA
2023-03-25,mwm_01,mwamba_mkuu,kenya,lethrinidae,lethrinus_lentjan,#error!,2,2,11,13,NA,NA,NA,NA
2023-03-25,mwm_01,mwamba_mkuu,kenya,lethrinidae,lethrinus_mahsena,#error!,2,1,16,18,NA,NA,NA,NA
2023-02-12,mwy_01,mwamba_yee,kenya,lethrinidae,lethrinus_mahsena,#error!,2,5,16,18,NA,NA,NA,NA
2023-02-12,mwy_01,mwamba_yee,kenya,lethrinidae,lethrinus_mahsena,#error!,3,2,16,18,NA,NA,NA,NA
2023-11-04,ndje_01,ndjelezi,comoros,lethrinidae,gnathodentex_aurolineatus,#error!,1,10,11,13,NA,NA,NA,NA
2023-11-04,ndje_01,ndjelezi,comoros,lethrinidae,gnathodentex_aurolineatus,#error!,1,15,16,18,NA,NA,NA,NA
2023-11-04,ndje_01,ndjelezi,comoros,lethrinidae,gnathodentex_aurolineatus,#error!,2,12,16,18,NA,NA,NA,NA
2023-11-04,ndje_01,ndjelezi,comoros,lethrinidae,gnathodentex_aurolineatus,#error!,2,15,11,13,NA,NA,NA,NA
2023-11-04,ndje_01,ndjelezi,comoros,lethrinidae,monotaxis_grandoculis,#error!,2,6,11,13,NA,NA,NA,NA
2023-11-04,ndje_01,ndjelezi,comoros,lethrinidae,monotaxis_grandoculis,#error!,2,1,16,18,NA,NA,NA,NA
2023-11-04,ndje_02,ndjelezi,comoros,lethrinidae,gnathodentex_aurolineatus,#error!,3,60,11,13,NA,NA,NA,NA
2023-11-04,ndje_02,ndjelezi,comoros,lethrinidae,gnathodentex_aurolineatus,#error!,3,20,16,18,NA,NA,NA,NA
2023-11-04,ndje_02,ndjelezi,comoros,lethrinidae,monotaxis_grandoculis,#error!,3,2,26,28,NA,NA,NA,NA
2023-11-04,ndje_02,ndjelezi,comoros,lethrinidae,monotaxis_grandoculis,#error!,3,6,21,23,NA,NA,NA,NA
2023-11-04,ndje_02,ndjelezi,comoros,lethrinidae,monotaxis_grandoculis,#error!,3,2,31,33,NA,NA,NA,NA
2023-11-04,ndje_02,ndjelezi,comoros,lethrinidae,monotaxis_grandoculis,#error!,3,1,46,48,NA,NA,NA,NA
2023-11-04,ndje_02,ndjelezi,comoros,lethrinidae,monotaxis_grandoculis,#error!,4,4,16,18,NA,NA,NA,NA
2022-09-06,ndro_01,ndroude,comoros,lethrinidae,lethrinus_spp.,#error!,2,1,41,43,NA,NA,NA,NA
2022-09-06,ndro_02,ndroude,comoros,lethrinidae,lethrinus_spp.,#error!,5,1,46,48,NA,NA,NA,NA
2022-10-17,ngm_02,ngomani,kenya,lethrinidae,monotaxis_grandoculis,#error!,4,1,26,28,NA,NA,NA,NA
2022-10-17,ngm_02,ngomani,kenya,lethrinidae,lethrinus_mahsena,#error!,5,2,21,23,NA,NA,NA,NA
2019-11-09,njc_01,njao_coral_garden,tanzania,lethrinidae,gnathodentex_aurolineatus,#error!,2,2,16,18,NA,NA,NA,NA
2019-11-09,njc_02,njao_coral_garden,tanzania,lethrinidae,lethrinus_obsoletus,#error!,4,2,21,23,NA,NA,NA,NA
2019-11-06,njg_01,njao_gap,tanzania,lethrinidae,lethrinus_harak,#error!,2,1,26,28,NA,NA,NA,NA
2019-11-06,njg_01,njao_gap,tanzania,lethrinidae,lethrinus_harak,#error!,3,1,31,33,NA,NA,NA,NA
2021-03-30,nor_01,north_reef,kenya,lethrinidae,lethrinus_harak,#error!,1,1,31,33,NA,NA,NA,NA
2021-03-30,nor_02,north_reef,kenya,lethrinidae,lethrinus_harak,#error!,4,1,31,33,NA,NA,NA,NA
2018-09-27,aj_a_p_sc01,ouani,comoros,lethrinidae,monotaxis_grandoculis,#error!,1,1,36,38,NA,NA,NA,NA
2018-09-27,aj_a_p_sc01,ouani,comoros,lethrinidae,monotaxis_grandoculis,#error!,1,2,31,33,NA,NA,NA,NA
2018-09-28,aj_a_p_sc02,ouani,comoros,lethrinidae,monotaxis_grandoculis,#error!,2,1,16,18,NA,NA,NA,NA
2018-09-28,aj_a_p_sc02,ouani,comoros,lethrinidae,monotaxis_grandoculis,#error!,2,4,56,58,NA,NA,NA,NA
2018-09-28,aj_a_p_sc02,ouani,comoros,lethrinidae,monotaxis_grandoculis,#error!,3,1,21,23,NA,NA,NA,NA
2018-09-28,aj_a_p_sc02,ouani,comoros,lethrinidae,monotaxis_grandoculis,#error!,3,1,16,18,NA,NA,NA,NA
2020-11-19,pap_01,papa_reef,kenya,lethrinidae,lethrinus_harak,#error!,1,2,26,28,NA,NA,NA,NA
2020-11-19,pap_01,papa_reef,kenya,lethrinidae,lethrinus_harak,#error!,1,2,21,23,NA,NA,NA,NA
2020-11-19,pap_01,papa_reef,kenya,lethrinidae,lethrinus_harak,#error!,3,3,26,28,NA,NA,NA,NA
2020-11-19,pap_01,papa_reef,kenya,lethrinidae,lethrinus_harak,#error!,3,1,16,18,NA,NA,NA,NA
2020-11-19,pap_01,papa_reef,kenya,lethrinidae,lethrinus_harak,#error!,3,1,16,18,NA,NA,NA,NA
2020-11-19,pap_02,papa_reef,kenya,lethrinidae,lethrinus_harak,#error!,4,1,31,33,NA,NA,NA,NA
2020-11-19,pap_02,papa_reef,kenya,lethrinidae,lethrinus_harak,#error!,4,1,26,28,NA,NA,NA,NA
2020-11-19,pap_02,papa_reef,kenya,lethrinidae,lethrinus_harak,#error!,5,1,26,28,NA,NA,NA,NA
2019-11-07,par_01,paradise,tanzania,lethrinidae,monotaxis_grandoculis,#error!,3,16,11,13,NA,NA,NA,NA
2023-02-17,pet_01,pethali,kenya,lethrinidae,lethrinus_nebulosus,#error!,2,1,11,13,NA,NA,NA,NA
2018-10-16,mw_a_p_sc20,point_ouani,comoros,lethrinidae,monotaxis_grandoculis,#error!,5,3,36,38,NA,NA,NA,NA
2018-10-16,mw_a_p_sc20,point_ouani,comoros,lethrinidae,monotaxis_grandoculis,#error!,5,1,41,43,NA,NA,NA,NA
2023-02-10,pop_01,popo,kenya,lethrinidae,lethrinus_harak,#error!,2,2,16,18,NA,NA,NA,NA
2023-03-23,riw_01,ras_iwatine,kenya,lethrinidae,lethrinus_mahsena,#error!,3,1,11,13,NA,NA,NA,NA
2023-02-10,sag_01,sagafu,kenya,lethrinidae,lethrinus_harak,#error!,5,3,16,18,NA,NA,NA,NA
2018-10-10,mw_e_p_sc11,sambia,comoros,lethrinidae,gnathodentex_aurolineatus,#error!,1,7,21,23,NA,NA,NA,NA
2018-10-10,mw_e_p_sc11,sambia,comoros,lethrinidae,monotaxis_grandoculis,#error!,1,1,26,28,NA,NA,NA,NA
2018-10-10,mw_e_p_sc11,sambia,comoros,lethrinidae,monotaxis_grandoculis,#error!,1,1,21,23,NA,NA,NA,NA
2018-10-10,mw_e_p_sc11,sambia,comoros,lethrinidae,monotaxis_grandoculis,#error!,1,1,16,18,NA,NA,NA,NA
2018-10-11,mw_e_p_sc12,sambia,comoros,lethrinidae,monotaxis_grandoculis,#error!,5,1,11,13,NA,NA,NA,NA
2018-10-11,mw_e_p_sc12,sambia,comoros,lethrinidae,monotaxis_grandoculis,#error!,5,1,16,18,NA,NA,NA,NA
2019-11-05,scs_01,scorpions_secret,tanzania,lethrinidae,lethrinus_obsoletus,#error!,1,3,16,18,NA,NA,NA,NA
2019-11-05,scs_01,scorpions_secret,tanzania,lethrinidae,lethrinus_obsoletus,#error!,1,2,21,23,NA,NA,NA,NA
2019-11-05,scs_01,scorpions_secret,tanzania,lethrinidae,lethrinus_harak,#error!,1,1,31,33,NA,NA,NA,NA
2019-11-05,scs_01,scorpions_secret,tanzania,lethrinidae,lethrinus_obsoletus,#error!,3,1,21,23,NA,NA,NA,NA
2019-11-05,scs_01,scorpions_secret,tanzania,lethrinidae,lethrinus_harak,#error!,3,1,26,28,NA,NA,NA,NA
2019-11-05,scs_01,scorpions_secret,tanzania,lethrinidae,lethrinus_harak,#error!,3,1,31,33,NA,NA,NA,NA
2019-11-05,scs_02,scorpions_secret,tanzania,lethrinidae,lethrinus_harak,#error!,4,1,16,18,NA,NA,NA,NA
2019-11-05,scs_02,scorpions_secret,tanzania,lethrinidae,lethrinus_harak,#error!,4,1,31,33,NA,NA,NA,NA
2019-11-08,shi_01,shimba,tanzania,lethrinidae,lethrinus_harak,#error!,3,2,31,33,NA,NA,NA,NA
2019-11-08,shi_01,shimba,tanzania,lethrinidae,lethrinus_harak,#error!,3,1,26,28,NA,NA,NA,NA
2019-11-08,shi_01,shimba,tanzania,lethrinidae,lethrinus_obsoletus,#error!,3,1,11,13,NA,NA,NA,NA
2019-11-08,shi_02,shimba,tanzania,lethrinidae,gnathodentex_aurolineatus,#error!,4,11,16,18,NA,NA,NA,NA
2019-11-08,shi_02,shimba,tanzania,lethrinidae,monotaxis_grandoculis,#error!,5,1,11,13,NA,NA,NA,NA
2020-11-20,tur_01,turtle_reef,kenya,lethrinidae,lethrinus_nebulosus,#error!,1,1,16,18,NA,NA,NA,NA
2020-11-20,tur_01,turtle_reef,kenya,lethrinidae,lethrinus_harak,#error!,2,1,16,18,NA,NA,NA,NA
2020-11-20,tur_01,turtle_reef,kenya,lethrinidae,lethrinus_mahsena,#error!,2,1,11,13,NA,NA,NA,NA
2021-04-15,ump_01,upper_mpunguti,kenya,lethrinidae,lethrinus_harak,#error!,1,2,31,33,NA,NA,NA,NA
2021-04-15,ump_01,upper_mpunguti,kenya,lethrinidae,lethrinus_obsoletus,#error!,1,1,21,23,NA,NA,NA,NA
2021-04-15,ump_01,upper_mpunguti,kenya,lethrinidae,monotaxis_grandoculis,#error!,2,2,21,23,NA,NA,NA,NA
2021-04-15,ump_01,upper_mpunguti,kenya,lethrinidae,lethrinus_harak,#error!,3,2,31,33,NA,NA,NA,NA
2021-04-15,ump_01,upper_mpunguti,kenya,lethrinidae,lethrinus_harak,#error!,3,4,26,28,NA,NA,NA,NA
2021-04-15,ump_01,upper_mpunguti,kenya,lethrinidae,lethrinus_obsoletus,#error!,3,2,26,28,NA,NA,NA,NA
2021-04-15,ump_01,upper_mpunguti,kenya,lethrinidae,gnathodentex_aurolineatus,#error!,3,10,16,18,NA,NA,NA,NA
2021-04-15,ump_01,upper_mpunguti,kenya,lethrinidae,monotaxis_grandoculis,#error!,3,1,11,13,NA,NA,NA,NA
2021-04-15,ump_02,upper_mpunguti,kenya,lethrinidae,lethrinus_harak,#error!,4,2,31,33,NA,NA,NA,NA
2021-04-15,ump_02,upper_mpunguti,kenya,lethrinidae,lethrinus_obsoletus,#error!,4,1,21,23,NA,NA,NA,NA
2021-04-15,ump_02,upper_mpunguti,kenya,lethrinidae,lethrinus_obsoletus,#error!,4,1,16,18,NA,NA,NA,NA
2021-04-15,ump_02,upper_mpunguti,kenya,lethrinidae,lethrinus_obsoletus,#error!,5,6,21,23,NA,NA,NA,NA
2022-11-13,mil_01,utumbi,tanzania,lethrinidae,lethrinus_obsoletus,#error!,3,3,31,33,NA,NA,NA,NA
2022-11-13,mil_01,utumbi,tanzania,lethrinidae,lethrinus_obsoletus,#error!,3,3,26,28,NA,NA,NA,NA
2022-11-13,mil_01,utumbi,tanzania,lethrinidae,lethrinus_harak,#error!,3,1,31,33,NA,NA,NA,NA
2022-11-13,mil_01,utumbi,tanzania,lethrinidae,monotaxis_grandoculis,#error!,3,1,31,33,NA,NA,NA,NA
2022-11-13,mil_01,utumbi,tanzania,lethrinidae,lethrinus_obsoletus,#error!,4,1,26,28,NA,NA,NA,NA
2022-11-13,mil_01,utumbi,tanzania,lethrinidae,lethrinus_lentjan,#error!,4,1,31,33,NA,NA,NA,NA
2022-11-13,mil_01,utumbi,tanzania,lethrinidae,monotaxis_grandoculis,#error!,4,6,21,23,NA,NA,NA,NA
2022-11-13,mil_01,utumbi,tanzania,lethrinidae,monotaxis_grandoculis,#error!,4,4,31,33,NA,NA,NA,NA
2022-11-13,mil_01,utumbi,tanzania,lethrinidae,monotaxis_grandoculis,#error!,4,2,26,28,NA,NA,NA,NA
2022-11-13,utm_01,utumbi,tanzania,lethrinidae,lethrinus_obsoletus,#error!,1,5,26,28,NA,NA,NA,NA
2022-11-13,utm_01,utumbi,tanzania,lethrinidae,lethrinus_harak,#error!,1,1,21,23,NA,NA,NA,NA
2022-11-13,utm_01,utumbi,tanzania,lethrinidae,monotaxis_grandoculis,#error!,1,1,46,48,NA,NA,NA,NA
2022-11-13,utm_01,utumbi,tanzania,lethrinidae,monotaxis_grandoculis,#error!,1,1,41,43,NA,NA,NA,NA
2022-11-13,utm_01,utumbi,tanzania,lethrinidae,gnathodentex_aurolineatus,#error!,1,15,16,18,NA,NA,NA,NA
2022-11-13,utm_01,utumbi,tanzania,lethrinidae,gnathodentex_aurolineatus,#error!,1,5,21,23,NA,NA,NA,NA
2022-11-13,utm_01,utumbi,tanzania,lethrinidae,lethrinus_obsoletus,#error!,2,1,21,23,NA,NA,NA,NA
2022-11-13,utm_01,utumbi,tanzania,lethrinidae,lethrinus_harak,#error!,2,1,21,23,NA,NA,NA,NA
2021-03-17,uyo_01,uyombo,kenya,lethrinidae,lethrinus_spp.,#error!,1,2,6,8,NA,NA,NA,NA
2021-03-17,uyo_01,uyombo,kenya,lethrinidae,monotaxis_grandoculis,#error!,1,1,16,18,NA,NA,NA,NA
2021-03-17,uyo_02,uyombo,kenya,lethrinidae,lethrinus_mahsena,#error!,4,1,41,43,NA,NA,NA,NA
2021-03-17,uyo_02,uyombo,kenya,lethrinidae,lethrinus_mahsena,#error!,4,2,36,38,NA,NA,NA,NA
2021-03-17,uyo_02,uyombo,kenya,lethrinidae,lethrinus_mahsena,#error!,5,6,26,28,NA,NA,NA,NA
2021-03-17,uyo_02,uyombo,kenya,lethrinidae,lethrinus_microdon,#error!,5,1,56,58,NA,NA,NA,NA
2021-03-17,uyo_02,uyombo,kenya,lethrinidae,lethrinus_microdon,#error!,5,1,26,28,NA,NA,NA,NA
2021-03-17,uyo_02,uyombo,kenya,lethrinidae,lethrinus_microdon,#error!,5,4,31,33,NA,NA,NA,NA
2021-02-16,vms_01,vuma_south,kenya,lethrinidae,monotaxis_grandoculis,#error!,1,1,21,23,NA,NA,NA,NA
2020-12-23,was_01,wasini_tengefu,kenya,lethrinidae,lethrinus_nebulosus,#error!,1,2,16,18,NA,NA,NA,NA
2020-12-23,was_01,wasini_tengefu,kenya,lethrinidae,lethrinus_harak,#error!,2,2,26,28,NA,NA,NA,NA
2020-12-23,was_01,wasini_tengefu,kenya,lethrinidae,lethrinus_harak,#error!,2,1,11,13,NA,NA,NA,NA
2020-12-23,was_02,wasini_tengefu,kenya,lethrinidae,lethrinus_harak,#error!,4,2,21,23,NA,NA,NA,NA
2021-04-01,wcg_01,watamu_coral_garden,kenya,lethrinidae,lethrinus_mahsena,#error!,1,1,16,18,NA,NA,NA,NA
2021-04-01,wcg_01,watamu_coral_garden,kenya,lethrinidae,lethrinus_mahsena,#error!,2,11,21,23,NA,NA,NA,NA
2021-04-01,wcg_01,watamu_coral_garden,kenya,lethrinidae,lethrinus_mahsena,#error!,2,2,26,28,NA,NA,NA,NA
2022-11-03,wmb_01,wembe,kenya,lethrinidae,lethrinus_microdon,#error!,1,1,21,23,NA,NA,NA,NA
2022-11-03,wmb_02,wembe,kenya,lethrinidae,lethrinus_microdon,#error!,3,1,31,33,NA,NA,NA,NA
2022-11-03,wmb_02,wembe,kenya,lethrinidae,lethrinus_microdon,#error!,3,1,26,28,NA,NA,NA,NA
2022-11-19,yuy_01,yuyuni,tanzania,lethrinidae,lethrinus_lentjan,#error!,1,2,11,13,NA,NA,NA,NA
2022-11-19,yuy_01,yuyuni,tanzania,lethrinidae,lethrinus_lentjan,#error!,1,1,16,18,NA,NA,NA,NA
2022-11-19,yuy_01,yuyuni,tanzania,lethrinidae,lethrinus_obsoletus,#error!,2,4,16,18,NA,NA,NA,NA
2022-11-19,yuy_01,yuyuni,tanzania,lethrinidae,lethrinus_obsoletus,#error!,2,2,21,23,NA,NA,NA,NA
2022-11-19,yuy_01,yuyuni,tanzania,lethrinidae,lethrinus_lentjan,#error!,2,3,16,18,NA,NA,NA,NA
2022-11-19,yuy_01,yuyuni,tanzania,lethrinidae,lethrinus_obsoletus,#error!,3,4,16,18,NA,NA,NA,NA
2022-11-19,yuy_01,yuyuni,tanzania,lethrinidae,lethrinus_obsoletus,#error!,3,2,21,23,NA,NA,NA,NA
2022-11-19,yuy_01,yuyuni,tanzania,lethrinidae,lethrinus_lentjan,#error!,3,3,16,18,NA,NA,NA,NA
2022-11-19,yuy_02,yuyuni,tanzania,lethrinidae,lethrinus_obsoletus,#error!,4,1,31,33,NA,NA,NA,NA
2022-11-19,yuy_02,yuyuni,tanzania,lethrinidae,gnathodentex_aurolineatus,#error!,4,12,16,18,NA,NA,NA,NA
2022-11-19,yuy_02,yuyuni,tanzania,lethrinidae,lethrinus_lentjan,#error!,5,2,21,23,NA,NA,NA,NA
2022-11-19,yuy_02,yuyuni,tanzania,lethrinidae,lethrinus_lentjan,#error!,5,8,16,18,NA,NA,NA,NA
2021-11-23,and_01,andromache,kenya,lutjanidae,lutjanus_fulviflamma,#error!,1,20,16,18,NA,NA,NA,NA
2021-11-23,and_01,andromache,kenya,lutjanidae,lutjanus_fulviflamma,#error!,1,7,21,23,NA,NA,NA,NA
2021-11-23,and_01,andromache,kenya,lutjanidae,lutjanus_fulviflamma,#error!,2,14,21,23,NA,NA,NA,NA
2021-11-23,and_01,andromache,kenya,lutjanidae,lutjanus_fulviflamma,#error!,2,6,16,18,NA,NA,NA,NA
2021-11-23,and_01,andromache,kenya,lutjanidae,lutjanus_fulviflamma,#error!,3,5,21,23,NA,NA,NA,NA
2021-11-23,and_01,andromache,kenya,lutjanidae,lutjanus_fulviflamma,#error!,3,5,16,18,NA,NA,NA,NA
2022-04-04,aru_01,arusha,kenya,lutjanidae,macolor_niger,#error!,1,1,11,13,NA,NA,NA,NA
2022-04-04,aru_01,arusha,kenya,lutjanidae,lutjanus_fulviflamma,#error!,2,2,26,28,NA,NA,NA,NA
2022-04-04,aru_01,arusha,kenya,lutjanidae,lutjanus_fulviflamma,#error!,2,4,21,23,NA,NA,NA,NA
2022-04-04,aru_02,arusha,kenya,lutjanidae,lutjanus_bohar,#error!,5,4,36,38,NA,NA,NA,NA
2022-04-04,aru_02,arusha,kenya,lutjanidae,lutjanus_fulviflamma,#error!,5,8,26,28,NA,NA,NA,NA
2022-04-04,aru_02,arusha,kenya,lutjanidae,lutjanus_fulviflamma,#error!,5,1,21,23,NA,NA,NA,NA
2022-04-04,aru_02,arusha,kenya,lutjanidae,lutjanus_gibbus,#error!,5,4,31,33,NA,NA,NA,NA
2022-04-04,aru_02,arusha,kenya,lutjanidae,lutjanus_lutjanus,#error!,5,12,16,18,NA,NA,NA,NA
2022-04-04,aru_02,arusha,kenya,lutjanidae,macolor_niger,#error!,5,4,41,43,NA,NA,NA,NA
2022-04-04,aru_02,arusha,kenya,lutjanidae,macolor_niger,#error!,5,3,31,33,NA,NA,NA,NA
2022-09-08,bang_02,bangoi,comoros,lutjanidae,aprion_virescens,#error!,5,1,41,43,NA,NA,NA,NA
2018-09-30,aj_b_p_sc03,bimbini,comoros,lutjanidae,lutjanus_gibbus,#error!,1,17,26,28,NA,NA,NA,NA
2018-09-30,aj_b_p_sc03,bimbini,comoros,lutjanidae,lutjanus_gibbus,#error!,1,3,31,33,NA,NA,NA,NA
2018-09-30,aj_b_p_sc03,bimbini,comoros,lutjanidae,lutjanus_gibbus,#error!,1,5,21,23,NA,NA,NA,NA
2022-10-26,brc_01,brain_coral,kenya,lutjanidae,lutjanus_lutjanus,#error!,1,70,21,23,NA,NA,NA,NA
2022-10-26,brc_01,brain_coral,kenya,lutjanidae,lutjanus_fulviflamma,#error!,1,45,26,28,NA,NA,NA,NA
2022-10-26,brc_01,brain_coral,kenya,lutjanidae,lutjanus_gibbus,#error!,1,15,21,23,NA,NA,NA,NA
2022-10-26,brc_01,brain_coral,kenya,lutjanidae,lutjanus_gibbus,#error!,1,2,26,28,NA,NA,NA,NA
2022-10-26,brc_01,brain_coral,kenya,lutjanidae,lutjanus_bohar,#error!,2,40,21,23,NA,NA,NA,NA
2022-10-26,brc_01,brain_coral,kenya,lutjanidae,lutjanus_bohar,#error!,2,20,26,28,NA,NA,NA,NA
2022-10-26,brc_01,brain_coral,kenya,lutjanidae,lutjanus_fulviflamma,#error!,2,1,21,23,NA,NA,NA,NA
2022-10-26,brc_01,brain_coral,kenya,lutjanidae,lutjanus_fulviflamma,#error!,2,1,26,28,NA,NA,NA,NA
2022-10-26,brc_01,brain_coral,kenya,lutjanidae,lutjanus_lutjanus,#error!,2,55,21,23,NA,NA,NA,NA
2022-10-26,brc_01,brain_coral,kenya,lutjanidae,lutjanus_fulviflamma,#error!,3,9,21,23,NA,NA,NA,NA
2022-10-26,brc_02,brain_coral,kenya,lutjanidae,lutjanus_fulviflamma,#error!,4,14,26,28,NA,NA,NA,NA
2022-10-26,brc_02,brain_coral,kenya,lutjanidae,lutjanus_fulviflamma,#error!,4,5,21,23,NA,NA,NA,NA
2022-10-26,brc_02,brain_coral,kenya,lutjanidae,lutjanus_fulviflamma,#error!,4,1,31,33,NA,NA,NA,NA
2022-10-26,brc_02,brain_coral,kenya,lutjanidae,macolor_niger,#error!,4,1,31,33,NA,NA,NA,NA
2022-10-26,brc_02,brain_coral,kenya,lutjanidae,lutjanus_fulviflamma,#error!,5,1,26,28,NA,NA,NA,NA
2022-10-26,brc_02,brain_coral,kenya,lutjanidae,lutjanus_fulviflamma,#error!,5,1,21,23,NA,NA,NA,NA
2022-10-26,brc_02,brain_coral,kenya,lutjanidae,lutjanus_fulviflamma,#error!,5,1,31,33,NA,NA,NA,NA
2021-11-17,cha_01,chale,kenya,lutjanidae,lutjanus_bohar,#error!,2,1,31,33,NA,NA,NA,NA
2021-11-17,cha_01,chale,kenya,lutjanidae,lutjanus_fulviflamma,#error!,3,1,6,8,NA,NA,NA,NA
2021-11-17,cha_02,chale,kenya,lutjanidae,lutjanus_fulviflamma,#error!,4,1,16,18,NA,NA,NA,NA
2021-11-17,cha_02,chale,kenya,lutjanidae,lutjanus_fulviflamma,#error!,4,1,26,28,NA,NA,NA,NA
2023-02-18,chm_01,chambani,kenya,lutjanidae,lutjanus_fulviflamma,#error!,1,3,21,23,NA,NA,NA,NA
2023-02-18,chm_01,chambani,kenya,lutjanidae,lutjanus_coeruleolineatus,#error!,2,1,21,23,NA,NA,NA,NA
2023-02-18,chm_01,chambani,kenya,lutjanidae,lutjanus_fulviflamma,#error!,3,6,21,23,NA,NA,NA,NA
2022-09-12,chin_03,chindini,comoros,lutjanidae,lutjanus_gibbus,#error!,1,40,26,28,NA,NA,NA,NA
2022-09-12,chin_03,chindini,comoros,lutjanidae,macolor_niger,#error!,1,1,26,28,NA,NA,NA,NA
2022-09-12,chin_03,chindini,comoros,lutjanidae,lutjanus_bohar,#error!,1,1,26,28,NA,NA,NA,NA
2023-02-11,chp_01,chipopo,kenya,lutjanidae,lutjanus_bohar,#error!,1,2,21,23,NA,NA,NA,NA
2023-02-11,chp_01,chipopo,kenya,lutjanidae,lutjanus_bohar,#error!,1,1,36,38,NA,NA,NA,NA
2023-02-11,chp_01,chipopo,kenya,lutjanidae,lutjanus_fulviflamma,#error!,1,16,6,8,NA,NA,NA,NA
2023-02-11,chp_01,chipopo,kenya,lutjanidae,lutjanus_monostigma,#error!,1,1,16,18,NA,NA,NA,NA
2023-02-11,chp_01,chipopo,kenya,lutjanidae,lutjanus_monostigma,#error!,1,3,26,28,NA,NA,NA,NA
2023-02-11,chp_01,chipopo,kenya,lutjanidae,lutjanus_fulviflamma,#error!,2,4,21,23,NA,NA,NA,NA
2023-02-11,chp_01,chipopo,kenya,lutjanidae,lutjanus_monostigma,#error!,2,77,16,18,NA,NA,NA,NA
2023-02-11,chp_01,chipopo,kenya,lutjanidae,lutjanus_monostigma,#error!,2,21,21,23,NA,NA,NA,NA
2023-02-11,chp_01,chipopo,kenya,lutjanidae,lutjanus_bohar,#error!,2,3,21,23,NA,NA,NA,NA
2023-02-11,chp_01,chipopo,kenya,lutjanidae,lutjanus_bohar,#error!,3,2,16,18,NA,NA,NA,NA
2023-02-11,chp_01,chipopo,kenya,lutjanidae,lutjanus_bohar,#error!,3,1,11,13,NA,NA,NA,NA
2023-02-11,chp_01,chipopo,kenya,lutjanidae,lutjanus_monostigma,#error!,3,2,11,13,NA,NA,NA,NA
2023-02-11,chp_01,chipopo,kenya,lutjanidae,lutjanus_monostigma,#error!,3,7,16,18,NA,NA,NA,NA
2023-02-11,chp_01,chipopo,kenya,lutjanidae,lutjanus_monostigma,#error!,3,1,21,23,NA,NA,NA,NA
2023-02-11,chp_01,chipopo,kenya,lutjanidae,lutjanus_gibbus,#error!,3,7,16,18,NA,NA,NA,NA
2023-02-11,chp_01,chipopo,kenya,lutjanidae,lutjanus_coeruleolineatus,#error!,3,5,21,23,NA,NA,NA,NA
2023-03-20,cho_01,chole,kenya,lutjanidae,lutjanus_argentimaculatus,#error!,1,11,26,28,NA,NA,NA,NA
2023-03-20,cho_01,chole,kenya,lutjanidae,lutjanus_fulviflamma,#error!,1,1,16,18,NA,NA,NA,NA
2023-03-20,cho_01,chole,kenya,lutjanidae,lutjanus_monostigma,#error!,1,1,21,23,NA,NA,NA,NA
2023-03-20,cho_01,chole,kenya,lutjanidae,lutjanus_argentimaculatus,#error!,2,13,16,18,NA,NA,NA,NA
2023-03-20,cho_01,chole,kenya,lutjanidae,lutjanus_bohar,#error!,2,2,16,18,NA,NA,NA,NA
2023-03-20,cho_01,chole,kenya,lutjanidae,lutjanus_fulviflamma,#error!,3,7,16,18,NA,NA,NA,NA
2023-03-22,ccc_01,chongo_cha_chano,kenya,lutjanidae,lutjanus_kasmira,#error!,1,1,26,28,NA,NA,NA,NA
2023-03-21,ccs_01,chongo_cha_sharifu,kenya,lutjanidae,lutjanus_bohar,#error!,1,1,31,33,NA,NA,NA,NA
2023-03-26,dzi_01,dhiwa_za_ishakani,kenya,lutjanidae,lutjanus_fulviflamma,#error!,1,2,16,18,NA,NA,NA,NA
2023-03-26,dzi_01,dhiwa_za_ishakani,kenya,lutjanidae,lutjanus_fulviflamma,#error!,2,1,11,13,NA,NA,NA,NA
2021-11-22,dnr_01,diani_reef,kenya,lutjanidae,lutjanus_fulviflamma,#error!,1,6,16,18,NA,NA,NA,NA
2021-11-22,dnr_01,diani_reef,kenya,lutjanidae,lutjanus_fulviflamma,#error!,1,2,21,23,NA,NA,NA,NA
2021-11-22,dnr_01,diani_reef,kenya,lutjanidae,lutjanus_fulviflamma,#error!,2,41,21,23,NA,NA,NA,NA
2021-11-22,dnr_01,diani_reef,kenya,lutjanidae,lutjanus_fulviflamma,#error!,2,21,16,18,NA,NA,NA,NA
2021-11-22,dnr_01,diani_reef,kenya,lutjanidae,lutjanus_fulviflamma,#error!,3,44,21,23,NA,NA,NA,NA
2021-11-22,dnr_01,diani_reef,kenya,lutjanidae,lutjanus_fulviflamma,#error!,3,80,16,18,NA,NA,NA,NA
2021-11-22,dnr_01,diani_reef,kenya,lutjanidae,lutjanus_fulviflamma,#error!,3,1,26,28,NA,NA,NA,NA
2022-11-18,din_01,dindini,tanzania,lutjanidae,lutjanus_monostigma,#error!,1,1,41,43,NA,NA,NA,NA
2022-11-18,din_01,dindini,tanzania,lutjanidae,aphareus_furca,#error!,1,1,36,38,NA,NA,NA,NA
2022-11-18,din_01,dindini,tanzania,lutjanidae,macolor_niger,#error!,1,1,36,38,NA,NA,NA,NA
2022-11-18,din_01,dindini,tanzania,lutjanidae,macolor_niger,#error!,1,1,41,43,NA,NA,NA,NA
2022-11-18,din_01,dindini,tanzania,lutjanidae,aphareus_furca,#error!,2,1,26,28,NA,NA,NA,NA
2022-11-18,din_01,dindini,tanzania,lutjanidae,macolor_niger,#error!,2,4,41,43,NA,NA,NA,NA
2018-10-13,mw_b_p_sc16,djirani,comoros,lutjanidae,lutjanus_fulvus,#error!,1,1,36,38,NA,NA,NA,NA
2018-10-13,mw_b_p_sc16,djirani,comoros,lutjanidae,aphareus_furca,#error!,1,1,36,38,NA,NA,NA,NA
2018-10-13,mw_b_p_sc16,djirani,comoros,lutjanidae,lutjanus_gibbus,#error!,1,17,26,28,NA,NA,NA,NA
2018-10-13,mw_b_p_sc16,djirani,comoros,lutjanidae,lutjanus_gibbus,#error!,1,15,21,23,NA,NA,NA,NA
2018-10-13,mw_b_p_sc16,djirani,comoros,lutjanidae,lutjanus_gibbus,#error!,1,1,16,18,NA,NA,NA,NA
2018-10-13,mw_b_p_sc16,djirani,comoros,lutjanidae,macolor_niger,#error!,1,1,11,13,NA,NA,NA,NA
2018-10-13,mw_b_p_sc16,djirani,comoros,lutjanidae,lutjanus_kasmira,#error!,2,4,16,18,NA,NA,NA,NA
2018-10-13,mw_b_p_sc16,djirani,comoros,lutjanidae,aphareus_furca,#error!,2,1,36,38,NA,NA,NA,NA
2018-10-13,mw_b_p_sc16,djirani,comoros,lutjanidae,lutjanus_rivulatus,#error!,2,1,51,53,NA,NA,NA,NA
2018-10-14,mw_b_p_sc17,djirani,comoros,lutjanidae,lutjanus_bohar,#error!,4,1,26,28,NA,NA,NA,NA
2018-10-14,mw_b_p_sc17,djirani,comoros,lutjanidae,lutjanus_bohar,#error!,4,1,66,68,NA,NA,NA,NA
2018-10-14,mw_b_p_sc17,djirani,comoros,lutjanidae,lutjanus_bohar,#error!,4,1,61,63,NA,NA,NA,NA
2018-10-14,mw_b_p_sc17,djirani,comoros,lutjanidae,lutjanus_gibbus,#error!,4,1,31,33,NA,NA,NA,NA
2018-10-14,mw_b_p_sc17,djirani,comoros,lutjanidae,lutjanus_rivulatus,#error!,4,1,51,53,NA,NA,NA,NA
2018-10-14,mw_b_p_sc17,djirani,comoros,lutjanidae,macolor_niger,#error!,4,1,31,33,NA,NA,NA,NA
2018-10-14,mw_b_p_sc17,djirani,comoros,lutjanidae,macolor_niger,#error!,4,1,26,28,NA,NA,NA,NA
2018-10-14,mw_b_p_sc17,djirani,comoros,lutjanidae,macolor_niger,#error!,5,1,16,18,NA,NA,NA,NA
2018-10-14,mw_b_p_sc17,djirani,comoros,lutjanidae,aphareus_furca,#error!,6,1,36,38,NA,NA,NA,NA
2018-10-14,mw_b_p_sc17,djirani,comoros,lutjanidae,lutjanus_gibbus,#error!,6,11,21,23,NA,NA,NA,NA
2018-10-14,mw_b_p_sc17,djirani,comoros,lutjanidae,lutjanus_gibbus,#error!,6,5,16,18,NA,NA,NA,NA
2021-03-19,dol_01,dolphin,kenya,lutjanidae,aprion_virescens,#error!,1,1,36,38,NA,NA,NA,NA
2021-03-19,dol_01,dolphin,kenya,lutjanidae,macolor_niger,#error!,2,1,11,13,NA,NA,NA,NA
2021-03-19,dol_02,dolphin,kenya,lutjanidae,lutjanus_gibbus,#error!,4,1,21,23,NA,NA,NA,NA
2021-03-19,dol_02,dolphin,kenya,lutjanidae,lutjanus_argentimaculatus,#error!,4,1,26,28,NA,NA,NA,NA
2021-03-19,dol_02,dolphin,kenya,lutjanidae,lutjanus_bohar,#error!,4,1,21,23,NA,NA,NA,NA
2021-03-19,dol_02,dolphin,kenya,lutjanidae,lutjanus_fulviflamma,#error!,4,40,16,18,NA,NA,NA,NA
2021-03-19,dol_02,dolphin,kenya,lutjanidae,lutjanus_fulviflamma,#error!,4,11,21,23,NA,NA,NA,NA
2021-03-19,dol_02,dolphin,kenya,lutjanidae,lutjanus_fulviflamma,#error!,4,1,11,13,NA,NA,NA,NA
2021-03-19,dol_02,dolphin,kenya,lutjanidae,aprion_virescens,#error!,4,2,36,38,NA,NA,NA,NA
2021-03-19,dol_02,dolphin,kenya,lutjanidae,aprion_virescens,#error!,4,2,26,28,NA,NA,NA,NA
2021-03-19,dol_02,dolphin,kenya,lutjanidae,aprion_virescens,#error!,4,1,31,33,NA,NA,NA,NA
2021-03-19,dol_02,dolphin,kenya,lutjanidae,lutjanus_fulvus,#error!,4,5,26,28,NA,NA,NA,NA
2021-03-19,dol_02,dolphin,kenya,lutjanidae,macolor_niger,#error!,4,6,31,33,NA,NA,NA,NA
2021-03-19,dol_02,dolphin,kenya,lutjanidae,macolor_niger,#error!,4,4,41,43,NA,NA,NA,NA
2021-03-19,dol_02,dolphin,kenya,lutjanidae,lutjanus_kasmira,#error!,4,20,11,13,NA,NA,NA,NA
2021-03-19,dol_02,dolphin,kenya,lutjanidae,lutjanus_ehrenbergi,#error!,4,4,31,33,NA,NA,NA,NA
2021-03-19,dol_02,dolphin,kenya,lutjanidae,macolor_niger,#error!,5,1,41,43,NA,NA,NA,NA
2023-11-02,fassi1,fassi,comoros,lutjanidae,lutjanus_kasmira,#error!,3,65,11,13,NA,NA,NA,NA
2023-11-02,fassi1,fassi,comoros,lutjanidae,aphareus_furca,#error!,3,1,16,18,NA,NA,NA,NA
2023-11-02,fassi1,fassi,comoros,lutjanidae,lutjanus_kasmira,#error!,4,20,11,13,NA,NA,NA,NA
2023-11-02,fassi1,fassi,comoros,lutjanidae,lutjanus_bohar,#error!,4,13,11,13,NA,NA,NA,NA
2023-11-02,fassi1,fassi,comoros,lutjanidae,lutjanus_bohar,#error!,4,1,16,18,NA,NA,NA,NA
2023-11-02,fassi1,fassi,comoros,lutjanidae,aphareus_furca,#error!,4,1,16,18,NA,NA,NA,NA
2023-11-02,fassi2,fassi,comoros,lutjanidae,lutjanus_bohar,#error!,1,3,11,13,NA,NA,NA,NA
2023-11-02,fassi2,fassi,comoros,lutjanidae,lutjanus_kasmira,#error!,1,40,16,18,NA,NA,NA,NA
2023-11-02,fassi2,fassi,comoros,lutjanidae,lutjanus_kasmira,#error!,1,30,11,13,NA,NA,NA,NA
2023-11-02,fassi2,fassi,comoros,lutjanidae,aphareus_furca,#error!,1,3,21,23,NA,NA,NA,NA
2023-11-02,fassi2,fassi,comoros,lutjanidae,lutjanus_fulviflamma,#error!,1,2,16,18,NA,NA,NA,NA
2023-11-02,fassi2,fassi,comoros,lutjanidae,lutjanus_kasmira,#error!,2,64,11,13,NA,NA,NA,NA
2023-11-02,fassi2,fassi,comoros,lutjanidae,aphareus_furca,#error!,2,1,16,18,NA,NA,NA,NA
2018-10-09,mw_e_p_sc09,ferenga,comoros,lutjanidae,lutjanus_bohar,#error!,1,1,31,33,NA,NA,NA,NA
2018-10-09,mw_e_p_sc09,ferenga,comoros,lutjanidae,lutjanus_bohar,#error!,1,1,36,38,NA,NA,NA,NA
2018-10-09,mw_e_p_sc09,ferenga,comoros,lutjanidae,macolor_niger,#error!,1,1,26,28,NA,NA,NA,NA
2018-10-09,mw_e_p_sc09,ferenga,comoros,lutjanidae,macolor_niger,#error!,1,1,31,33,NA,NA,NA,NA
2018-10-09,mw_e_p_sc09,ferenga,comoros,lutjanidae,lutjanus_gibbus,#error!,2,6,36,38,NA,NA,NA,NA
2018-10-09,mw_e_p_sc09,ferenga,comoros,lutjanidae,lutjanus_gibbus,#error!,2,1,41,43,NA,NA,NA,NA
2018-10-09,mw_e_p_sc09,ferenga,comoros,lutjanidae,macolor_niger,#error!,2,1,26,28,NA,NA,NA,NA
2018-10-09,mw_e_p_sc09,ferenga,comoros,lutjanidae,macolor_niger,#error!,3,1,31,33,NA,NA,NA,NA
2018-10-10,mw_e_p_sc10,ferenga,comoros,lutjanidae,lutjanus_bohar,#error!,4,1,21,23,NA,NA,NA,NA
2018-10-10,mw_e_p_sc10,ferenga,comoros,lutjanidae,aphareus_furca,#error!,4,1,36,38,NA,NA,NA,NA
2018-10-10,mw_e_p_sc10,ferenga,comoros,lutjanidae,macolor_niger,#error!,4,3,26,28,NA,NA,NA,NA
2018-10-10,mw_e_p_sc10,ferenga,comoros,lutjanidae,macolor_niger,#error!,4,1,31,33,NA,NA,NA,NA
2018-10-10,mw_e_p_sc10,ferenga,comoros,lutjanidae,lutjanus_bohar,#error!,6,1,16,18,NA,NA,NA,NA
2018-10-10,mw_e_p_sc10,ferenga,comoros,lutjanidae,aphareus_furca,#error!,6,1,31,33,NA,NA,NA,NA
2019-11-15,fug_01,fundo_coral_garden,tanzania,lutjanidae,macolor_niger,#error!,1,1,26,28,NA,NA,NA,NA
2019-11-15,fug_01,fundo_coral_garden,tanzania,lutjanidae,lutjanus_bohar,#error!,2,1,36,38,NA,NA,NA,NA
2019-11-17,fug_03,fundo_coral_garden,tanzania,lutjanidae,aphareus_furca,#error!,4,1,36,38,NA,NA,NA,NA
2019-11-13,fgi_01,fundo_gap_inner,tanzania,lutjanidae,aprion_virescens,#error!,2,3,16,18,NA,NA,NA,NA
2019-11-13,fgi_01,fundo_gap_inner,tanzania,lutjanidae,macolor_niger,#error!,2,1,16,18,NA,NA,NA,NA
2019-11-14,fuo_01,fundo_outer,tanzania,lutjanidae,lutjanus_fulviflamma,#error!,1,3,26,28,NA,NA,NA,NA
2022-09-15,itso_01,itsoundzou,comoros,lutjanidae,macolor_niger,#error!,1,1,11,13,NA,NA,NA,NA
2022-09-15,itso_01,itsoundzou,comoros,lutjanidae,macolor_niger,#error!,1,1,21,23,NA,NA,NA,NA
2022-03-04,iwe_01,iweni,kenya,lutjanidae,lutjanus_fulviflamma,#error!,3,2,16,18,NA,NA,NA,NA
2022-03-04,iwe_01,iweni,kenya,lutjanidae,lutjanus_fulviflamma,#error!,4,6,21,23,NA,NA,NA,NA
2022-03-04,iwe_01,iweni,kenya,lutjanidae,lutjanus_fulviflamma,#error!,5,1,16,18,NA,NA,NA,NA
2021-03-29,jac_01,jacaranda,kenya,lutjanidae,lutjanus_fulviflamma,#error!,1,1,16,18,NA,NA,NA,NA
2021-03-29,jac_01,jacaranda,kenya,lutjanidae,lutjanus_gibbus,#error!,1,1,11,13,NA,NA,NA,NA
2021-03-29,jac_01,jacaranda,kenya,lutjanidae,lutjanus_fulviflamma,#error!,3,2,16,18,NA,NA,NA,NA
2021-03-29,jac_01,jacaranda,kenya,lutjanidae,lutjanus_fulviflamma,#error!,3,56,11,13,NA,NA,NA,NA
2021-03-29,jac_02,jacaranda,kenya,lutjanidae,aprion_virescens,#error!,4,1,21,23,NA,NA,NA,NA
2021-03-29,jac_02,jacaranda,kenya,lutjanidae,lutjanus_gibbus,#error!,4,2,16,18,NA,NA,NA,NA
2021-03-29,jac_02,jacaranda,kenya,lutjanidae,aprion_virescens,#error!,5,1,26,28,NA,NA,NA,NA
2022-03-31,jmk_01,jamba_wa_kwale,kenya,lutjanidae,lutjanus_fulviflamma,#error!,2,2,31,33,NA,NA,NA,NA
2022-10-25,jbr_01,jumbo_ruins,kenya,lutjanidae,lethrinus_mahsena,#error!,1,1,21,23,NA,NA,NA,NA
2022-10-25,jbr_01,jumbo_ruins,kenya,lutjanidae,lutjanus_fulviflamma,#error!,1,1,21,23,NA,NA,NA,NA
2022-10-25,jbr_01,jumbo_ruins,kenya,lutjanidae,macolor_niger,#error!,1,1,31,33,NA,NA,NA,NA
2022-10-25,jbr_01,jumbo_ruins,kenya,lutjanidae,lutjanus_gibbus,#error!,2,1,21,23,NA,NA,NA,NA
2023-02-18,kfc_01,kadhikia_fawachu,kenya,lutjanidae,lutjanus_coeruleolineatus,#error!,1,25,21,23,NA,NA,NA,NA
2023-02-18,kfc_01,kadhikia_fawachu,kenya,lutjanidae,lutjanus_coeruleolineatus,#error!,2,25,26,28,NA,NA,NA,NA
2023-03-24,kkr_01,kadhikia_kuru,kenya,lutjanidae,lutjanus_fulviflamma,#error!,2,33,21,23,NA,NA,NA,NA
2023-03-24,kkr_01,kadhikia_kuru,kenya,lutjanidae,lutjanus_bohar,#error!,2,1,16,18,NA,NA,NA,NA
2023-03-24,kkr_01,kadhikia_kuru,kenya,lutjanidae,lutjanus_fulviflamma,#error!,3,34,21,23,NA,NA,NA,NA
2023-03-24,kkr_01,kadhikia_kuru,kenya,lutjanidae,lutjanus_bohar,#error!,3,3,16,18,NA,NA,NA,NA
2023-03-24,kkr_01,kadhikia_kuru,kenya,lutjanidae,lutjanus_gibbus,#error!,3,2,21,23,NA,NA,NA,NA
2023-03-24,kkr_01,kadhikia_kuru,kenya,lutjanidae,lutjanus_gibbus,#error!,3,2,31,33,NA,NA,NA,NA
2022-02-04,kanz_01,kanzoni,comoros,lutjanidae,lutjanus_bohar,#error!,1,1,21,23,NA,NA,NA,NA
2022-02-04,kanz_01,kanzoni,comoros,lutjanidae,macolor_niger,#error!,1,3,16,18,NA,NA,NA,NA
2022-02-04,kanz_01,kanzoni,comoros,lutjanidae,macolor_niger,#error!,1,2,21,23,NA,NA,NA,NA
2021-03-25,kas_01,kasa,kenya,lutjanidae,lutjanus_fulviflamma,#error!,1,39,16,18,NA,NA,NA,NA
2021-03-25,kas_01,kasa,kenya,lutjanidae,lutjanus_fulviflamma,#error!,1,20,21,23,NA,NA,NA,NA
2021-03-25,kas_01,kasa,kenya,lutjanidae,lutjanus_kasmira,#error!,1,10,16,18,NA,NA,NA,NA
2021-03-25,kas_01,kasa,kenya,lutjanidae,lutjanus_fulviflamma,#error!,2,15,21,23,NA,NA,NA,NA
2021-03-25,kas_01,kasa,kenya,lutjanidae,lutjanus_fulviflamma,#error!,2,4,26,28,NA,NA,NA,NA
2021-03-25,kas_02,kasa,kenya,lutjanidae,lutjanus_fulviflamma,#error!,4,12,16,18,NA,NA,NA,NA
2021-03-25,kas_02,kasa,kenya,lutjanidae,lutjanus_fulviflamma,#error!,4,6,21,23,NA,NA,NA,NA
2021-03-25,kas_02,kasa,kenya,lutjanidae,lutjanus_spp.,#error!,4,40,16,18,NA,NA,NA,NA
2021-03-25,kas_02,kasa,kenya,lutjanidae,lutjanus_spp.,#error!,4,10,11,13,NA,NA,NA,NA
2021-03-25,kas_02,kasa,kenya,lutjanidae,lutjanus_fulviflamma,#error!,5,2,16,18,NA,NA,NA,NA
2021-03-25,kas_02,kasa,kenya,lutjanidae,lutjanus_spp.,#error!,5,110,11,13,NA,NA,NA,NA
2021-11-18,ksm_01,kaya_similani,kenya,lutjanidae,lutjanus_fulviflamma,#error!,1,8,26,28,NA,NA,NA,NA
2021-11-18,ksm_02,kaya_similani,kenya,lutjanidae,lutjanus_fulviflamma,#error!,2,22,26,28,NA,NA,NA,NA
2021-11-18,ksm_02,kaya_similani,kenya,lutjanidae,lutjanus_fulviflamma,#error!,2,2,31,33,NA,NA,NA,NA
2022-11-16,kif_01,kifinge,tanzania,lutjanidae,lutjanus_fulviflamma,#error!,1,3,21,23,NA,NA,NA,NA
2022-11-16,kif_01,kifinge,tanzania,lutjanidae,lutjanus_fulviflamma,#error!,1,20,21,23,NA,NA,NA,NA
2022-11-16,kif_01,kifinge,tanzania,lutjanidae,lutjanus_fulviflamma,#error!,1,10,26,28,NA,NA,NA,NA
2022-11-16,kif_01,kifinge,tanzania,lutjanidae,lutjanus_fulviflamma,#error!,2,9,21,23,NA,NA,NA,NA
2022-11-16,kif_01,kifinge,tanzania,lutjanidae,lutjanus_fulviflamma,#error!,2,7,16,18,NA,NA,NA,NA
2022-11-16,kif_01,kifinge,tanzania,lutjanidae,lutjanus_bohar,#error!,3,1,11,13,NA,NA,NA,NA
2022-11-16,kif_01,kifinge,tanzania,lutjanidae,lutjanus_bohar,#error!,3,1,16,18,NA,NA,NA,NA
2022-11-16,kif_01,kifinge,tanzania,lutjanidae,aprion_virescens,#error!,3,1,51,53,NA,NA,NA,NA
2022-11-16,kif_01,kifinge,tanzania,lutjanidae,lutjanus_fulviflamma,#error!,3,20,16,18,NA,NA,NA,NA
2022-11-16,kif_02,kifinge,tanzania,lutjanidae,lutjanus_ehrenbergi,#error!,4,3,6,8,NA,NA,NA,NA
2022-11-16,kif_02,kifinge,tanzania,lutjanidae,lutjanus_fulviflamma,#error!,4,45,21,23,NA,NA,NA,NA
2022-11-16,kif_02,kifinge,tanzania,lutjanidae,lutjanus_ehrenbergi,#error!,5,2,16,18,NA,NA,NA,NA
2022-11-16,kif_02,kifinge,tanzania,lutjanidae,lutjanus_fulviflamma,#error!,5,7,26,28,NA,NA,NA,NA
2022-11-16,kif_02,kifinge,tanzania,lutjanidae,lutjanus_fulviflamma,#error!,5,6,21,23,NA,NA,NA,NA
2022-11-16,kif_02,kifinge,tanzania,lutjanidae,lutjanus_fulviflamma,#error!,5,2,31,33,NA,NA,NA,NA
2022-11-16,kif_02,kifinge,tanzania,lutjanidae,lutjanus_gibbus,#error!,5,8,26,28,NA,NA,NA,NA
2022-11-16,kif_02,kifinge,tanzania,lutjanidae,macolor_niger,#error!,5,1,6,8,NA,NA,NA,NA
2021-11-21,kkd_02,kikadini,kenya,lutjanidae,lutjanus_fulviflamma,#error!,5,1,21,23,NA,NA,NA,NA
2021-11-21,kkd_02,kikadini,kenya,lutjanidae,lutjanus_fulviflamma,#error!,5,1,31,33,NA,NA,NA,NA
2021-03-16,kiln_01,kilifi_north,kenya,lutjanidae,lutjanus_fulviflamma,#error!,1,7,21,23,NA,NA,NA,NA
2021-03-16,kiln_01,kilifi_north,kenya,lutjanidae,lutjanus_fulviflamma,#error!,1,14,16,18,NA,NA,NA,NA
2021-03-16,kiln_01,kilifi_north,kenya,lutjanidae,lutjanus_fulviflamma,#error!,3,2,16,18,NA,NA,NA,NA
2021-03-16,kiln_01,kilifi_north,kenya,lutjanidae,lutjanus_fulviflamma,#error!,3,3,21,23,NA,NA,NA,NA
2021-03-16,kiln_02,kilifi_north,kenya,lutjanidae,lutjanus_fulviflamma,#error!,4,84,16,18,NA,NA,NA,NA
2021-03-16,kiln_02,kilifi_north,kenya,lutjanidae,lutjanus_fulviflamma,#error!,4,13,21,23,NA,NA,NA,NA
2022-03-30,klg_01,kilingoni,kenya,lutjanidae,lutjanus_bohar,#error!,1,4,11,13,NA,NA,NA,NA
2022-03-30,klg_01,kilingoni,kenya,lutjanidae,lutjanus_fulviflamma,#error!,1,2,11,13,NA,NA,NA,NA
2022-03-30,klg_01,kilingoni,kenya,lutjanidae,lutjanus_gibbus,#error!,1,1,21,23,NA,NA,NA,NA
2022-03-30,klg_01,kilingoni,kenya,lutjanidae,lutjanus_kasmira,#error!,1,19,11,13,NA,NA,NA,NA
2022-03-30,klg_01,kilingoni,kenya,lutjanidae,lutjanus_bohar,#error!,3,1,11,13,NA,NA,NA,NA
2022-03-30,klg_01,kilingoni,kenya,lutjanidae,lutjanus_bohar,#error!,4,1,11,13,NA,NA,NA,NA
2021-11-20,kmo_01,kinondo_makonde,kenya,lutjanidae,lutjanus_fulviflamma,#error!,1,23,21,23,NA,NA,NA,NA
2021-11-20,kmo_01,kinondo_makonde,kenya,lutjanidae,lutjanus_kasmira,#error!,1,10,21,23,NA,NA,NA,NA
2021-11-20,kmo_01,kinondo_makonde,kenya,lutjanidae,lutjanus_lutjanus,#error!,1,6,21,23,NA,NA,NA,NA
2021-11-20,kmo_01,kinondo_makonde,kenya,lutjanidae,lutjanus_fulviflamma,#error!,2,1,26,28,NA,NA,NA,NA
2021-11-20,kmo_02,kinondo_makonde,kenya,lutjanidae,macolor_niger,#error!,5,1,21,23,NA,NA,NA,NA
2021-11-20,kmo_02,kinondo_makonde,kenya,lutjanidae,macolor_niger,#error!,5,2,26,28,NA,NA,NA,NA
2022-03-03,kny_01,kinyika_inner,kenya,lutjanidae,lutjanus_fulviflamma,#error!,3,4,26,28,NA,NA,NA,NA
2022-03-03,kny_01,kinyika_inner,kenya,lutjanidae,lutjanus_fulviflamma,#error!,3,1,21,23,NA,NA,NA,NA
2022-03-05,knyo_01,kinyika_outer,kenya,lutjanidae,lutjanus_fulviflamma,#error!,1,22,16,18,NA,NA,NA,NA
2022-03-05,knyo_01,kinyika_outer,kenya,lutjanidae,lutjanus_lutjanus,#error!,1,10,16,18,NA,NA,NA,NA
2022-03-05,knyo_01,kinyika_outer,kenya,lutjanidae,lutjanus_fulviflamma,#error!,3,1,31,33,NA,NA,NA,NA
2021-04-13,kse_01,kisite_east,kenya,lutjanidae,lutjanus_fulviflamma,#error!,1,80,16,18,NA,NA,NA,NA
2021-04-13,kse_01,kisite_east,kenya,lutjanidae,lutjanus_fulviflamma,#error!,1,35,21,23,NA,NA,NA,NA
2021-04-13,kse_01,kisite_east,kenya,lutjanidae,lutjanus_kasmira,#error!,1,120,16,18,NA,NA,NA,NA
2021-04-13,kse_01,kisite_east,kenya,lutjanidae,lutjanus_kasmira,#error!,1,60,21,23,NA,NA,NA,NA
2021-04-13,kse_01,kisite_east,kenya,lutjanidae,macolor_niger,#error!,1,4,31,33,NA,NA,NA,NA
2021-04-13,kse_01,kisite_east,kenya,lutjanidae,lutjanus_fulviflamma,#error!,2,110,21,23,NA,NA,NA,NA
2021-04-13,kse_01,kisite_east,kenya,lutjanidae,lutjanus_kasmira,#error!,2,10,16,18,NA,NA,NA,NA
2021-04-13,kse_01,kisite_east,kenya,lutjanidae,lutjanus_kasmira,#error!,2,10,21,23,NA,NA,NA,NA
2021-04-13,kse_01,kisite_east,kenya,lutjanidae,macolor_niger,#error!,3,10,11,13,NA,NA,NA,NA
2021-04-13,kse_01,kisite_east,kenya,lutjanidae,macolor_niger,#error!,3,1,31,33,NA,NA,NA,NA
2021-04-13,kse_01,kisite_east,kenya,lutjanidae,lutjanus_gibbus,#error!,3,10,11,13,NA,NA,NA,NA
2021-04-13,kse_02,kisite_east,kenya,lutjanidae,lutjanus_bohar,#error!,4,1,11,13,NA,NA,NA,NA
2021-04-13,kse_02,kisite_east,kenya,lutjanidae,lutjanus_kasmira,#error!,4,55,16,18,NA,NA,NA,NA
2021-04-13,kse_02,kisite_east,kenya,lutjanidae,lutjanus_fulviflamma,#error!,4,10,21,23,NA,NA,NA,NA
2021-04-13,kse_02,kisite_east,kenya,lutjanidae,lutjanus_gibbus,#error!,4,20,16,18,NA,NA,NA,NA
2021-04-13,kse_02,kisite_east,kenya,lutjanidae,lutjanus_bohar,#error!,5,1,16,18,NA,NA,NA,NA
2021-04-13,kse_02,kisite_east,kenya,lutjanidae,macolor_niger,#error!,5,2,26,28,NA,NA,NA,NA
2021-04-13,kse_02,kisite_east,kenya,lutjanidae,lutjanus_ehrenbergi,#error!,5,2,31,33,NA,NA,NA,NA
2022-11-17,kik_01,kisiwa_kikubwa,tanzania,lutjanidae,lutjanus_fulviflamma,#error!,4,8,16,18,NA,NA,NA,NA
2022-11-17,kik_01,kisiwa_kikubwa,tanzania,lutjanidae,lutjanus_fulviflamma,#error!,4,2,21,23,NA,NA,NA,NA
2022-11-20,kitin_01,kitutia_inner,tanzania,lutjanidae,lutjanus_fulviflamma,#error!,1,8,21,23,NA,NA,NA,NA
2022-11-20,kitin_01,kitutia_inner,tanzania,lutjanidae,lutjanus_fulviflamma,#error!,2,2,21,23,NA,NA,NA,NA
2022-11-20,kitin_01,kitutia_inner,tanzania,lutjanidae,lutjanus_fulviflamma,#error!,3,30,21,23,NA,NA,NA,NA
2022-11-20,kitin_02,kitutia_inner,tanzania,lutjanidae,lutjanus_fulviflamma,#error!,4,48,21,23,NA,NA,NA,NA
2022-11-20,kitin_02,kitutia_inner,tanzania,lutjanidae,lutjanus_fulviflamma,#error!,5,2,21,23,NA,NA,NA,NA
2022-11-20,kitin_02,kitutia_inner,tanzania,lutjanidae,lutjanus_fulviflamma,#error!,5,8,16,18,NA,NA,NA,NA
2023-02-16,ktw_01,kitwani,kenya,lutjanidae,lutjanus_fulviflamma,#error!,1,1,16,18,NA,NA,NA,NA
2023-02-16,ktw_01,kitwani,kenya,lutjanidae,lutjanus_fulviflamma,#error!,1,1,31,33,NA,NA,NA,NA
2023-02-16,ktw_01,kitwani,kenya,lutjanidae,lutjanus_fulviflamma,#error!,2,3,26,28,NA,NA,NA,NA
2019-11-16,kug_01,kokota_uvinje_gap,tanzania,lutjanidae,macolor_niger,#error!,3,1,11,13,NA,NA,NA,NA
2023-03-27,kui_01,kui,kenya,lutjanidae,lutjanus_gibbus,#error!,1,1,21,23,NA,NA,NA,NA
2023-03-27,kui_01,kui,kenya,lutjanidae,lutjanus_bohar,#error!,1,6,21,23,NA,NA,NA,NA
2023-03-27,kui_01,kui,kenya,lutjanidae,lutjanus_fulviflamma,#error!,1,4,21,23,NA,NA,NA,NA
2023-03-27,kui_01,kui,kenya,lutjanidae,lutjanus_bohar,#error!,2,1,26,28,NA,NA,NA,NA
2023-03-27,kui_01,kui,kenya,lutjanidae,lutjanus_gibbus,#error!,2,2,21,23,NA,NA,NA,NA
2023-03-27,kui_01,kui,kenya,lutjanidae,lutjanus_argentimaculatus,#error!,2,28,31,33,NA,NA,NA,NA
2023-03-27,kui_01,kui,kenya,lutjanidae,lutjanus_monostigma,#error!,2,3,26,28,NA,NA,NA,NA
2023-03-27,kui_01,kui,kenya,lutjanidae,lutjanus_fulviflamma,#error!,2,50,26,28,NA,NA,NA,NA
2023-03-27,kui_01,kui,kenya,lutjanidae,lutjanus_fulviflamma,#error!,3,31,21,23,NA,NA,NA,NA
2020-11-25,kur_01,kuruwitu_tengefu,kenya,lutjanidae,lutjanus_fulviflamma,#error!,1,20,26,28,NA,NA,NA,NA
2020-11-25,kur_01,kuruwitu_tengefu,kenya,lutjanidae,lutjanus_fulviflamma,#error!,1,4,16,18,NA,NA,NA,NA
2020-11-25,kur_01,kuruwitu_tengefu,kenya,lutjanidae,lutjanus_fulviflamma,#error!,2,5,11,13,NA,NA,NA,NA
2020-11-25,kur_01,kuruwitu_tengefu,kenya,lutjanidae,lutjanus_fulviflamma,#error!,2,4,16,18,NA,NA,NA,NA
2021-03-24,lev_01,leven,kenya,lutjanidae,lutjanus_fulviflamma,#error!,1,1,26,28,NA,NA,NA,NA
2021-03-24,lev_01,leven,kenya,lutjanidae,macolor_niger,#error!,1,2,31,33,NA,NA,NA,NA
2021-03-24,lev_01,leven,kenya,lutjanidae,macolor_niger,#error!,1,3,26,28,NA,NA,NA,NA
2021-03-24,lev_01,leven,kenya,lutjanidae,macolor_niger,#error!,1,3,16,18,NA,NA,NA,NA
2021-03-24,lev_02,leven,kenya,lutjanidae,lutjanus_gibbus,#error!,4,1,11,13,NA,NA,NA,NA
2022-10-27,lbb_01,lobster_bank,kenya,lutjanidae,lutjanus_fulviflamma,#error!,1,4,26,28,NA,NA,NA,NA
2022-10-27,lbb_01,lobster_bank,kenya,lutjanidae,lutjanus_fulviflamma,#error!,1,8,21,23,NA,NA,NA,NA
2022-10-27,lbb_01,lobster_bank,kenya,lutjanidae,lutjanus_fulviflamma,#error!,3,2,21,23,NA,NA,NA,NA
2022-10-27,lbb_01,lobster_bank,kenya,lutjanidae,lutjanus_fulviflamma,#error!,3,1,26,28,NA,NA,NA,NA
2022-10-27,lbb_02,lobster_bank,kenya,lutjanidae,lutjanus_bohar,#error!,4,1,16,18,NA,NA,NA,NA
2022-10-27,lbb_02,lobster_bank,kenya,lutjanidae,lutjanus_fulviflamma,#error!,4,3,16,18,NA,NA,NA,NA
2022-10-27,lbb_02,lobster_bank,kenya,lutjanidae,lutjanus_fulviflamma,#error!,4,29,21,23,NA,NA,NA,NA
2022-10-27,lbb_02,lobster_bank,kenya,lutjanidae,lutjanus_kasmira,#error!,4,1,16,18,NA,NA,NA,NA
2022-10-27,lbb_02,lobster_bank,kenya,lutjanidae,lutjanus_rivulatus,#error!,4,1,26,28,NA,NA,NA,NA
2022-10-27,lbb_02,lobster_bank,kenya,lutjanidae,macolor_niger,#error!,4,1,26,28,NA,NA,NA,NA
2021-04-14,lmp_01,lower_mpunguti,kenya,lutjanidae,lutjanus_fulviflamma,#error!,1,8,26,28,NA,NA,NA,NA
2021-04-14,lmp_01,lower_mpunguti,kenya,lutjanidae,lutjanus_gibbus,#error!,1,6,11,13,NA,NA,NA,NA
2023-03-26,mgl_01,magulugulu,kenya,lutjanidae,lutjanus_fulviflamma,#error!,1,9,21,23,NA,NA,NA,NA
2023-03-26,mgl_01,magulugulu,kenya,lutjanidae,lutjanus_gibbus,#error!,1,1,16,18,NA,NA,NA,NA
2023-03-26,mgl_01,magulugulu,kenya,lutjanidae,lutjanus_bohar,#error!,1,1,21,23,NA,NA,NA,NA
2023-03-26,mgl_01,magulugulu,kenya,lutjanidae,lutjanus_gibbus,#error!,2,5,21,23,NA,NA,NA,NA
2023-03-26,mgl_01,magulugulu,kenya,lutjanidae,lutjanus_argentimaculatus,#error!,2,6,26,28,NA,NA,NA,NA
2021-04-12,mkk_01,makokokwe,kenya,lutjanidae,lutjanus_fulviflamma,#error!,1,8,26,28,NA,NA,NA,NA
2021-04-12,mkk_01,makokokwe,kenya,lutjanidae,lutjanus_fulviflamma,#error!,1,4,21,23,NA,NA,NA,NA
2021-04-12,mkk_01,makokokwe,kenya,lutjanidae,macolor_niger,#error!,1,1,16,18,NA,NA,NA,NA
2021-04-12,mkk_01,makokokwe,kenya,lutjanidae,lutjanus_fulviflamma,#error!,2,4,21,23,NA,NA,NA,NA
2021-04-12,mkk_01,makokokwe,kenya,lutjanidae,lutjanus_fulviflamma,#error!,2,4,26,28,NA,NA,NA,NA
2021-04-12,mkk_01,makokokwe,kenya,lutjanidae,macolor_niger,#error!,2,1,21,23,NA,NA,NA,NA
2021-04-12,mkk_01,makokokwe,kenya,lutjanidae,macolor_niger,#error!,2,2,31,33,NA,NA,NA,NA
2021-04-12,mkk_01,makokokwe,kenya,lutjanidae,macolor_niger,#error!,2,2,26,28,NA,NA,NA,NA
2021-04-12,mkk_01,makokokwe,kenya,lutjanidae,lutjanus_fulviflamma,#error!,3,1,31,33,NA,NA,NA,NA
2021-04-12,mkk_01,makokokwe,kenya,lutjanidae,macolor_niger,#error!,3,2,26,28,NA,NA,NA,NA
2021-04-12,mkk_01,makokokwe,kenya,lutjanidae,macolor_niger,#error!,3,1,16,18,NA,NA,NA,NA
2021-03-31,mlcg_02,malindi_coral_garden,kenya,lutjanidae,lutjanus_gibbus,#error!,1,1,16,18,NA,NA,NA,NA
2021-03-31,mlcg_02,malindi_coral_garden,kenya,lutjanidae,lutjanus_fulviflamma,#error!,2,2,21,23,NA,NA,NA,NA
2021-03-31,mlcg_02,malindi_coral_garden,kenya,lutjanidae,lutjanus_gibbus,#error!,2,10,16,18,NA,NA,NA,NA
2021-03-31,mlcg_02,malindi_coral_garden,kenya,lutjanidae,lutjanus_gibbus,#error!,2,5,21,23,NA,NA,NA,NA
2021-03-31,mlcg_02,malindi_coral_garden,kenya,lutjanidae,lutjanus_fulviflamma,#error!,3,2,16,18,NA,NA,NA,NA
2021-03-31,mlcg_02,malindi_coral_garden,kenya,lutjanidae,lutjanus_gibbus,#error!,3,4,16,18,NA,NA,NA,NA
2023-02-21,mat_01,manda_toto,kenya,lutjanidae,lutjanus_fulviflamma,#error!,1,3,26,28,NA,NA,NA,NA
2023-02-21,mat_01,manda_toto,kenya,lutjanidae,lutjanus_coeruleolineatus,#error!,1,3,26,28,NA,NA,NA,NA
2019-11-12,man_01,mandela,tanzania,lutjanidae,lutjanus_fulviflamma,#error!,1,1,26,28,NA,NA,NA,NA
2019-11-12,man_01,mandela,tanzania,lutjanidae,lutjanus_fulviflamma,#error!,1,2,31,33,NA,NA,NA,NA
2019-11-12,man_01,mandela,tanzania,lutjanidae,lutjanus_fulviflamma,#error!,3,1,31,33,NA,NA,NA,NA
2019-11-12,man_01,mandela,tanzania,lutjanidae,lutjanus_fulviflamma,#error!,3,1,26,28,NA,NA,NA,NA
2019-11-12,man_02,mandela,tanzania,lutjanidae,aprion_virescens,#error!,4,2,26,28,NA,NA,NA,NA
2019-11-12,man_02,mandela,tanzania,lutjanidae,macolor_niger,#error!,5,1,11,13,NA,NA,NA,NA
2022-11-15,mgein_02,mange_inner,tanzania,lutjanidae,lutjanus_fulviflamma,#error!,4,2,26,28,NA,NA,NA,NA
2022-11-15,mgein_02,mange_inner,tanzania,lutjanidae,lutjanus_fulviflamma,#error!,4,1,36,38,NA,NA,NA,NA
2022-11-15,mgein_02,mange_inner,tanzania,lutjanidae,lutjanus_fulviflamma,#error!,4,11,31,33,NA,NA,NA,NA
2022-11-15,mgein_02,mange_inner,tanzania,lutjanidae,lutjanus_fulviflamma,#error!,5,3,31,33,NA,NA,NA,NA
2022-11-15,mgein_02,mange_inner,tanzania,lutjanidae,lutjanus_fulviflamma,#error!,5,1,26,28,NA,NA,NA,NA
2022-11-15,mgein_02,mange_inner,tanzania,lutjanidae,lutjanus_fulviflamma,#error!,5,1,36,38,NA,NA,NA,NA
2022-11-22,mgeout_01,mange_outer,tanzania,lutjanidae,lutjanus_bohar,#error!,1,1,26,28,NA,NA,NA,NA
2022-11-22,mgeout_01,mange_outer,tanzania,lutjanidae,macolor_niger,#error!,1,1,21,23,NA,NA,NA,NA
2022-11-22,mgeout_01,mange_outer,tanzania,lutjanidae,lutjanus_bohar,#error!,2,1,36,38,NA,NA,NA,NA
2022-11-22,mgeout_01,mange_outer,tanzania,lutjanidae,lutjanus_fulviflamma,#error!,3,11,21,23,NA,NA,NA,NA
2022-11-22,mgeout_02,mange_outer,tanzania,lutjanidae,lutjanus_fulviflamma,#error!,4,50,21,23,NA,NA,NA,NA
2022-11-22,mgeout_02,mange_outer,tanzania,lutjanidae,lutjanus_ehrenbergi,#error!,4,9,21,23,NA,NA,NA,NA
2022-11-22,mgeout_02,mange_outer,tanzania,lutjanidae,macolor_niger,#error!,4,1,26,28,NA,NA,NA,NA
2022-11-22,mgeout_02,mange_outer,tanzania,lutjanidae,lutjanus_ehrenbergi,#error!,5,11,31,33,NA,NA,NA,NA
2022-11-22,mgeout_02,mange_outer,tanzania,lutjanidae,lutjanus_ehrenbergi,#error!,5,23,26,28,NA,NA,NA,NA
2022-10-19,mps_02,mapasi,kenya,lutjanidae,macolor_niger,#error!,4,3,21,23,NA,NA,NA,NA
2022-10-19,mps_01,mapasi,kenya,lutjanidae,lutjanus_fulviflamma,#error!,1,4,21,23,NA,NA,NA,NA
2022-10-19,mps_01,mapasi,kenya,lutjanidae,lutjanus_fulviflamma,#error!,1,3,16,18,NA,NA,NA,NA
2022-10-19,mps_01,mapasi,kenya,lutjanidae,lutjanus_fulviflamma,#error!,2,2,21,23,NA,NA,NA,NA
2022-10-19,mps_01,mapasi,kenya,lutjanidae,lutjanus_fulviflamma,#error!,2,11,16,18,NA,NA,NA,NA
2022-10-19,mps_01,mapasi,kenya,lutjanidae,lutjanus_fulviflamma,#error!,3,1,21,23,NA,NA,NA,NA
2022-10-19,mps_01,mapasi,kenya,lutjanidae,lutjanus_gibbus,#error!,3,1,31,33,NA,NA,NA,NA
2022-10-19,mps_01,mapasi,kenya,lutjanidae,lutjanus_gibbus,#error!,3,2,21,23,NA,NA,NA,NA
2020-11-18,mar_01,marereni_tengefu,kenya,lutjanidae,lutjanus_fulviflamma,#error!,2,11,11,13,NA,NA,NA,NA
2020-11-18,mar_01,marereni_tengefu,kenya,lutjanidae,lutjanus_fulviflamma,#error!,3,4,11,13,NA,NA,NA,NA
2018-10-07,gc_a_p_sc07,mbachile_napabo,comoros,lutjanidae,aphareus_furca,#error!,1,2,26,28,NA,NA,NA,NA
2018-10-07,gc_a_p_sc07,mbachile_napabo,comoros,lutjanidae,aphareus_furca,#error!,2,2,26,28,NA,NA,NA,NA
2018-10-07,gc_a_p_sc07,mbachile_napabo,comoros,lutjanidae,aphareus_furca,#error!,2,1,31,33,NA,NA,NA,NA
2018-10-07,gc_a_p_sc07,mbachile_napabo,comoros,lutjanidae,aphareus_furca,#error!,3,1,31,33,NA,NA,NA,NA
2018-10-08,gc_a_p_sc08,mbachile_napabo,comoros,lutjanidae,aphareus_furca,#error!,4,1,26,28,NA,NA,NA,NA
2018-10-08,gc_a_p_sc08,mbachile_napabo,comoros,lutjanidae,aphareus_furca,#error!,5,2,31,33,NA,NA,NA,NA
2022-04-02,mbo_01,mboe,kenya,lutjanidae,lutjanus_bohar,#error!,1,1,31,33,NA,NA,NA,NA
2022-04-02,mbo_01,mboe,kenya,lutjanidae,lutjanus_fulviflamma,#error!,1,2,26,28,NA,NA,NA,NA
2022-04-02,mbo_01,mboe,kenya,lutjanidae,lutjanus_gibbus,#error!,1,2,31,33,NA,NA,NA,NA
2022-04-02,mbo_02,mboe,kenya,lutjanidae,lutjanus_fulviflamma,#error!,4,1,21,23,NA,NA,NA,NA
2022-04-02,mbo_02,mboe,kenya,lutjanidae,lutjanus_fulviflamma,#error!,5,4,16,18,NA,NA,NA,NA
2022-04-02,mbo_02,mboe,kenya,lutjanidae,lutjanus_fulviflamma,#error!,5,1,21,23,NA,NA,NA,NA
2022-04-05,mek_01,mekka,kenya,lutjanidae,lutjanus_fulviflamma,#error!,2,2,16,18,NA,NA,NA,NA
2022-04-05,mek_01,mekka,kenya,lutjanidae,lutjanus_fulviflamma,#error!,2,1,21,23,NA,NA,NA,NA
2022-04-05,mek_01,mekka,kenya,lutjanidae,lutjanus_fulviflamma,#error!,2,1,26,28,NA,NA,NA,NA
2022-04-05,mek_01,mekka,kenya,lutjanidae,macolor_niger,#error!,2,1,11,13,NA,NA,NA,NA
2022-04-05,mek_01,mekka,kenya,lutjanidae,lutjanus_fulviflamma,#error!,3,24,21,23,NA,NA,NA,NA
2022-04-05,mek_01,mekka,kenya,lutjanidae,lutjanus_fulviflamma,#error!,3,12,26,28,NA,NA,NA,NA
2022-09-10,mimo_01,memboiboini,comoros,lutjanidae,lutjanus_bengalensis,#error!,1,19,6,8,NA,NA,NA,NA
2022-09-10,mimo_01,memboiboini,comoros,lutjanidae,lutjanus_kasmira,#error!,1,33,16,18,NA,NA,NA,NA
2023-02-14,miki_01,mikes_inner,kenya,lutjanidae,lutjanus_fulviflamma,#error!,2,14,16,18,NA,NA,NA,NA
2023-02-14,miki_01,mikes_inner,kenya,lutjanidae,lutjanus_fulviflamma,#error!,2,15,21,23,NA,NA,NA,NA
2023-02-14,miko_01,mikes_outer,kenya,lutjanidae,lutjanus_fulviflamma,#error!,2,1,21,23,NA,NA,NA,NA
2023-02-14,miko_01,mikes_outer,kenya,lutjanidae,lutjanus_fulviflamma,#error!,2,3,26,28,NA,NA,NA,NA
2023-02-14,miko_02,mikes_outer,kenya,lutjanidae,lutjanus_fulviflamma,#error!,5,6,16,18,NA,NA,NA,NA
2018-10-11,mw_d_p_sc13,mirereni,comoros,lutjanidae,macolor_niger,#error!,1,1,21,23,NA,NA,NA,NA
2018-10-12,mw_d_p_sc14,mirereni,comoros,lutjanidae,lutjanus_gibbus,#error!,3,1,36,38,NA,NA,NA,NA
2018-10-12,mw_d_p_sc14,mirereni,comoros,lutjanidae,macolor_niger,#error!,3,1,26,28,NA,NA,NA,NA
2018-10-12,mw_d_p_sc14,mirereni,comoros,lutjanidae,macolor_niger,#error!,3,1,31,33,NA,NA,NA,NA
2018-10-12,mw_d_p_sc14,mirereni,comoros,lutjanidae,lutjanus_gibbus,#error!,4,1,26,28,NA,NA,NA,NA
2018-10-12,mw_d_p_sc14,mirereni,comoros,lutjanidae,lutjanus_gibbus,#error!,4,1,31,33,NA,NA,NA,NA
2018-10-12,mw_d_p_sc14,mirereni,comoros,lutjanidae,lutjanus_rivulatus,#error!,5,1,66,68,NA,NA,NA,NA
2018-10-13,mw_b_p_sc15,miringoni,comoros,lutjanidae,macolor_niger,#error!,1,2,26,28,NA,NA,NA,NA
2018-10-13,mw_b_p_sc15,miringoni,comoros,lutjanidae,aphareus_furca,#error!,2,1,26,28,NA,NA,NA,NA
2018-10-13,mw_b_p_sc15,miringoni,comoros,lutjanidae,macolor_niger,#error!,2,1,11,13,NA,NA,NA,NA
2018-10-13,mw_b_p_sc15,miringoni,comoros,lutjanidae,aphareus_furca,#error!,3,1,21,23,NA,NA,NA,NA
2018-10-14,mw_b_p_sc18,miringoni,comoros,lutjanidae,aprion_virescens,#error!,4,1,36,38,NA,NA,NA,NA
2018-10-14,mw_b_p_sc18,miringoni,comoros,lutjanidae,lutjanus_gibbus,#error!,4,2,26,28,NA,NA,NA,NA
2018-10-14,mw_b_p_sc18,miringoni,comoros,lutjanidae,macolor_niger,#error!,4,1,21,23,NA,NA,NA,NA
2018-10-14,mw_b_p_sc18,miringoni,comoros,lutjanidae,macolor_niger,#error!,4,1,16,18,NA,NA,NA,NA
2018-10-14,mw_b_p_sc18,miringoni,comoros,lutjanidae,lutjanus_gibbus,#error!,6,1,16,18,NA,NA,NA,NA
2018-10-14,mw_b_p_sc18,miringoni,comoros,lutjanidae,lutjanus_gibbus,#error!,6,4,21,23,NA,NA,NA,NA
2018-10-14,mw_b_p_sc18,miringoni,comoros,lutjanidae,aphareus_furca,#error!,6,1,41,43,NA,NA,NA,NA
2019-11-10,mis_01,misali,tanzania,lutjanidae,lutjanus_fulviflamma,#error!,1,1,26,28,NA,NA,NA,NA
2019-11-10,mis_01,misali,tanzania,lutjanidae,lutjanus_fulviflamma,#error!,1,3,21,23,NA,NA,NA,NA
2019-11-10,mis_01,misali,tanzania,lutjanidae,macolor_niger,#error!,1,1,31,33,NA,NA,NA,NA
2019-11-10,mis_01,misali,tanzania,lutjanidae,lutjanus_fulviflamma,#error!,3,2,21,23,NA,NA,NA,NA
2019-11-10,mis_01,misali,tanzania,lutjanidae,lutjanus_fulviflamma,#error!,3,2,16,18,NA,NA,NA,NA
2019-11-10,mis_01,misali,tanzania,lutjanidae,macolor_niger,#error!,3,1,11,13,NA,NA,NA,NA
2018-10-05,gc_a_p_sc05,mitsamiouli,comoros,lutjanidae,aphareus_furca,#error!,2,1,21,23,NA,NA,NA,NA
2018-10-05,gc_a_p_sc05,mitsamiouli,comoros,lutjanidae,lutjanus_kasmira,#error!,3,8,16,18,NA,NA,NA,NA
2018-10-06,gc_a_p_sc06,mitsamiouli,comoros,lutjanidae,lutjanus_kasmira,#error!,4,11,16,18,NA,NA,NA,NA
2018-10-06,gc_a_p_sc06,mitsamiouli,comoros,lutjanidae,aphareus_furca,#error!,6,1,21,23,NA,NA,NA,NA
2023-11-01,mitsam2,mitsamiouli,comoros,lutjanidae,lutjanus_kasmira,#error!,1,55,16,18,NA,NA,NA,NA
2023-11-01,mitsam3,mitsamiouli,comoros,lutjanidae,aphareus_furca,#error!,3,1,16,18,NA,NA,NA,NA
2023-11-01,mitsam3,mitsamiouli,comoros,lutjanidae,aphareus_furca,#error!,3,2,11,13,NA,NA,NA,NA
2023-11-01,mitsam3,mitsamiouli,comoros,lutjanidae,aphareus_furca,#error!,3,1,21,23,NA,NA,NA,NA
2023-11-01,mitsam3,mitsamiouli,comoros,lutjanidae,lutjanus_bohar,#error!,4,1,11,13,NA,NA,NA,NA
2023-11-01,mitsam3,mitsamiouli,comoros,lutjanidae,aphareus_furca,#error!,4,1,16,18,NA,NA,NA,NA
2023-11-01,mitsam3,mitsamiouli,comoros,lutjanidae,aphareus_furca,#error!,4,1,21,23,NA,NA,NA,NA
2023-02-13,mkcg_01,mkokoni_coral_garden,kenya,lutjanidae,lutjanus_fulviflamma,#error!,1,23,21,23,NA,NA,NA,NA
2022-04-01,mli_01,mliani,kenya,lutjanidae,lutjanus_fulviflamma,#error!,1,24,21,23,NA,NA,NA,NA
2022-04-01,mli_01,mliani,kenya,lutjanidae,lutjanus_fulviflamma,#error!,1,5,16,18,NA,NA,NA,NA
2022-04-01,mli_01,mliani,kenya,lutjanidae,lutjanus_gibbus,#error!,1,6,26,28,NA,NA,NA,NA
2022-04-01,mli_01,mliani,kenya,lutjanidae,lutjanus_fulviflamma,#error!,2,1,21,23,NA,NA,NA,NA
2022-04-01,mli_01,mliani,kenya,lutjanidae,lutjanus_fulviflamma,#error!,2,2,26,28,NA,NA,NA,NA
2022-04-01,mli_01,mliani,kenya,lutjanidae,lutjanus_fulviflamma,#error!,2,1,16,18,NA,NA,NA,NA
2022-04-01,mli_01,mliani,kenya,lutjanidae,lutjanus_kasmira,#error!,2,12,11,13,NA,NA,NA,NA
2022-04-01,mli_01,mliani,kenya,lutjanidae,lutjanus_fulviflamma,#error!,3,14,21,23,NA,NA,NA,NA
2022-04-01,mli_01,mliani,kenya,lutjanidae,lutjanus_fulviflamma,#error!,3,2,16,18,NA,NA,NA,NA
2022-04-01,mli_02,mliani,kenya,lutjanidae,lutjanus_fulviflamma,#error!,5,2,26,28,NA,NA,NA,NA
2022-04-01,mli_02,mliani,kenya,lutjanidae,lutjanus_fulviflamma,#error!,5,6,21,23,NA,NA,NA,NA
2022-10-28,mbcg_01,mombasa_coral_garden,kenya,lutjanidae,lethrinus_lentjan,#error!,1,1,16,18,NA,NA,NA,NA
2022-10-28,mbcg_01,mombasa_coral_garden,kenya,lutjanidae,lutjanus_fulviflamma,#error!,1,3,21,23,NA,NA,NA,NA
2022-10-28,mbcg_01,mombasa_coral_garden,kenya,lutjanidae,lutjanus_gibbus,#error!,1,6,16,18,NA,NA,NA,NA
2022-10-28,mbcg_01,mombasa_coral_garden,kenya,lutjanidae,lutjanus_gibbus,#error!,1,2,21,23,NA,NA,NA,NA
2021-03-18,mor_01,moray,kenya,lutjanidae,lutjanus_ehrenbergi,#error!,1,1,21,23,NA,NA,NA,NA
2021-03-18,mor_02,moray,kenya,lutjanidae,aprion_virescens,#error!,4,1,36,38,NA,NA,NA,NA
2021-03-18,mor_02,moray,kenya,lutjanidae,lutjanus_bohar,#error!,4,1,31,33,NA,NA,NA,NA
2021-03-18,mor_02,moray,kenya,lutjanidae,lutjanus_bohar,#error!,5,1,26,28,NA,NA,NA,NA
2021-03-18,mor_02,moray,kenya,lutjanidae,lutjanus_ehrenbergi,#error!,5,3,26,28,NA,NA,NA,NA
2021-03-18,mor_02,moray,kenya,lutjanidae,lutjanus_fulviflamma,#error!,5,16,16,18,NA,NA,NA,NA
2020-11-24,mrd_01,mradi_tengefu,kenya,lutjanidae,lutjanus_fulviflamma,#error!,1,2,11,13,NA,NA,NA,NA
2020-11-24,mrd_01,mradi_tengefu,kenya,lutjanidae,lutjanus_fulviflamma,#error!,1,1,16,18,NA,NA,NA,NA
2020-11-24,mrd_01,mradi_tengefu,kenya,lutjanidae,lutjanus_fulviflamma,#error!,3,2,11,13,NA,NA,NA,NA
2020-11-24,mrd_01,mradi_tengefu,kenya,lutjanidae,lutjanus_fulviflamma,#error!,4,2,11,13,NA,NA,NA,NA
2020-11-24,mrd_01,mradi_tengefu,kenya,lutjanidae,lutjanus_fulviflamma,#error!,5,2,11,13,NA,NA,NA,NA
2023-02-19,mtb_01,mtanga_wa_bandari,kenya,lutjanidae,lutjanus_fulviflamma,#error!,1,16,21,23,NA,NA,NA,NA
2023-02-19,mtb_01,mtanga_wa_bandari,kenya,lutjanidae,lutjanus_fulviflamma,#error!,3,2,21,23,NA,NA,NA,NA
2023-03-20,mhd_01,muhindi,kenya,lutjanidae,lutjanus_gibbus,#error!,1,30,16,18,NA,NA,NA,NA
2023-03-20,mhd_01,muhindi,kenya,lutjanidae,lutjanus_bohar,#error!,1,1,16,18,NA,NA,NA,NA
2023-03-20,mhd_01,muhindi,kenya,lutjanidae,lutjanus_fulviflamma,#error!,2,6,16,18,NA,NA,NA,NA
2023-03-20,mhd_01,muhindi,kenya,lutjanidae,lutjanus_monostigma,#error!,2,4,21,23,NA,NA,NA,NA
2023-03-20,mhd_01,muhindi,kenya,lutjanidae,lutjanus_bohar,#error!,2,1,21,23,NA,NA,NA,NA
2021-11-16,mvu_01,mvureni,kenya,lutjanidae,lutjanus_fulviflamma,#error!,1,2,26,28,NA,NA,NA,NA
2021-11-16,mvu_01,mvureni,kenya,lutjanidae,lutjanus_fulviflamma,#error!,2,2,21,23,NA,NA,NA,NA
2021-11-16,mvu_01,mvureni,kenya,lutjanidae,lutjanus_fulviflamma,#error!,3,4,26,28,NA,NA,NA,NA
2022-04-03,mwk_01,mwakinyavu,kenya,lutjanidae,lutjanus_bohar,#error!,1,1,31,33,NA,NA,NA,NA
2022-04-03,mwk_01,mwakinyavu,kenya,lutjanidae,lutjanus_fulviflamma,#error!,1,2,26,28,NA,NA,NA,NA
2022-04-03,mwk_01,mwakinyavu,kenya,lutjanidae,lutjanus_fulviflamma,#error!,1,1,21,23,NA,NA,NA,NA
2022-04-03,mwk_01,mwakinyavu,kenya,lutjanidae,lutjanus_fulviflamma,#error!,2,1,26,28,NA,NA,NA,NA
2022-04-03,mwk_01,mwakinyavu,kenya,lutjanidae,macolor_niger,#error!,3,1,16,18,NA,NA,NA,NA
2022-04-03,mwk_02,mwakinyavu,kenya,lutjanidae,lutjanus_fulviflamma,#error!,4,8,26,28,NA,NA,NA,NA
2022-04-03,mwk_02,mwakinyavu,kenya,lutjanidae,lutjanus_fulviflamma,#error!,4,2,16,18,NA,NA,NA,NA
2022-04-03,mwk_02,mwakinyavu,kenya,lutjanidae,lutjanus_gibbus,#error!,4,1,26,28,NA,NA,NA,NA
2023-03-25,mwm_01,mwamba_mkuu,kenya,lutjanidae,lutjanus_lutjanus,#error!,1,16,26,28,NA,NA,NA,NA
2023-03-25,mwm_01,mwamba_mkuu,kenya,lutjanidae,lutjanus_fulviflamma,#error!,1,1,16,18,NA,NA,NA,NA
2023-03-25,mwm_01,mwamba_mkuu,kenya,lutjanidae,lutjanus_fulviflamma,#error!,2,9,16,18,NA,NA,NA,NA
2023-02-12,mwy_01,mwamba_yee,kenya,lutjanidae,lutjanus_fulviflamma,#error!,2,55,16,18,NA,NA,NA,NA
2023-02-12,mwy_01,mwamba_yee,kenya,lutjanidae,lutjanus_fulviflamma,#error!,3,4,16,18,NA,NA,NA,NA
2023-11-04,ndje_01,ndjelezi,comoros,lutjanidae,lutjanus_kasmira,#error!,1,6,11,13,NA,NA,NA,NA
2023-11-04,ndje_01,ndjelezi,comoros,lutjanidae,lutjanus_gibbus,#error!,1,2,21,23,NA,NA,NA,NA
2023-11-04,ndje_01,ndjelezi,comoros,lutjanidae,aphareus_furca,#error!,1,6,16,18,NA,NA,NA,NA
2023-11-04,ndje_01,ndjelezi,comoros,lutjanidae,lutjanus_kasmira,#error!,2,25,11,13,NA,NA,NA,NA
2023-11-04,ndje_01,ndjelezi,comoros,lutjanidae,aphareus_furca,#error!,2,1,21,23,NA,NA,NA,NA
2023-11-04,ndje_01,ndjelezi,comoros,lutjanidae,aphareus_furca,#error!,2,1,16,18,NA,NA,NA,NA
2023-11-04,ndje_02,ndjelezi,comoros,lutjanidae,aphareus_furca,#error!,3,1,26,28,NA,NA,NA,NA
2023-11-04,ndje_02,ndjelezi,comoros,lutjanidae,aphareus_furca,#error!,3,1,21,23,NA,NA,NA,NA
2023-11-04,ndje_02,ndjelezi,comoros,lutjanidae,aphareus_furca,#error!,3,1,31,33,NA,NA,NA,NA
2023-11-04,ndje_02,ndjelezi,comoros,lutjanidae,lutjanus_gibbus,#error!,3,1,31,33,NA,NA,NA,NA
2023-11-04,ndje_02,ndjelezi,comoros,lutjanidae,lutjanus_gibbus,#error!,3,10,26,28,NA,NA,NA,NA
2023-11-04,ndje_02,ndjelezi,comoros,lutjanidae,lutjanus_gibbus,#error!,3,3,21,23,NA,NA,NA,NA
2023-11-04,ndje_02,ndjelezi,comoros,lutjanidae,lutjanus_gibbus,#error!,4,3,21,23,NA,NA,NA,NA
2023-11-04,ndje_02,ndjelezi,comoros,lutjanidae,lutjanus_gibbus,#error!,4,8,16,18,NA,NA,NA,NA
2023-11-04,ndje_02,ndjelezi,comoros,lutjanidae,lutjanus_gibbus,#error!,4,3,11,13,NA,NA,NA,NA
2022-09-06,ndro_01,ndroude,comoros,lutjanidae,lutjanus_kasmira,#error!,1,20,16,18,NA,NA,NA,NA
2022-09-06,ndro_02,ndroude,comoros,lutjanidae,macolor_niger,#error!,5,1,26,28,NA,NA,NA,NA
2022-10-17,ngm_01,ngomani,kenya,lutjanidae,lutjanus_fulviflamma,#error!,1,3,21,23,NA,NA,NA,NA
2022-10-17,ngm_01,ngomani,kenya,lutjanidae,lutjanus_fulviflamma,#error!,2,1,11,13,NA,NA,NA,NA
2022-10-17,ngm_01,ngomani,kenya,lutjanidae,lutjanus_fulviflamma,#error!,2,3,26,28,NA,NA,NA,NA
2022-10-17,ngm_01,ngomani,kenya,lutjanidae,lutjanus_fulviflamma,#error!,2,1,16,18,NA,NA,NA,NA
2022-10-17,ngm_01,ngomani,kenya,lutjanidae,lutjanus_fulviflamma,#error!,3,2,16,18,NA,NA,NA,NA
2022-10-17,ngm_01,ngomani,kenya,lutjanidae,lutjanus_fulviflamma,#error!,3,2,21,23,NA,NA,NA,NA
2022-10-17,ngm_02,ngomani,kenya,lutjanidae,lutjanus_fulviflamma,#error!,4,2,21,23,NA,NA,NA,NA
2022-10-17,ngm_02,ngomani,kenya,lutjanidae,lutjanus_fulviflamma,#error!,4,5,16,18,NA,NA,NA,NA
2022-10-17,ngm_02,ngomani,kenya,lutjanidae,macolor_niger,#error!,4,1,26,28,NA,NA,NA,NA
2022-10-17,ngm_02,ngomani,kenya,lutjanidae,lutjanus_fulviflamma,#error!,5,5,16,18,NA,NA,NA,NA
2022-10-17,ngm_02,ngomani,kenya,lutjanidae,lutjanus_fulviflamma,#error!,5,2,21,23,NA,NA,NA,NA
2022-10-17,ngm_02,ngomani,kenya,lutjanidae,lutjanus_coeruleolineatus,#error!,5,5,21,23,NA,NA,NA,NA
2022-10-17,ngm_02,ngomani,kenya,lutjanidae,lutjanus_coeruleolineatus,#error!,5,3,16,18,NA,NA,NA,NA
2022-10-17,ngm_02,ngomani,kenya,lutjanidae,macolor_niger,#error!,5,1,21,23,NA,NA,NA,NA
2022-10-17,ngm_02,ngomani,kenya,lutjanidae,macolor_niger,#error!,5,1,26,28,NA,NA,NA,NA
2019-11-06,njg_01,njao_gap,tanzania,lutjanidae,lutjanus_fulviflamma,#error!,1,1,31,33,NA,NA,NA,NA
2019-11-06,njg_01,njao_gap,tanzania,lutjanidae,aphareus_furca,#error!,1,1,26,28,NA,NA,NA,NA
2019-11-06,njg_01,njao_gap,tanzania,lutjanidae,macolor_niger,#error!,1,1,11,13,NA,NA,NA,NA
2019-11-06,njg_01,njao_gap,tanzania,lutjanidae,lutjanus_fulviflamma,#error!,2,2,21,23,NA,NA,NA,NA
2019-11-06,njg_01,njao_gap,tanzania,lutjanidae,lutjanus_fulviflamma,#error!,2,1,26,28,NA,NA,NA,NA
2019-11-06,njg_01,njao_gap,tanzania,lutjanidae,lutjanus_rivulatus,#error!,2,1,56,58,NA,NA,NA,NA
2019-11-06,njg_01,njao_gap,tanzania,lutjanidae,macolor_niger,#error!,2,1,11,13,NA,NA,NA,NA
2019-11-06,njg_01,njao_gap,tanzania,lutjanidae,lutjanus_fulviflamma,#error!,3,2,26,28,NA,NA,NA,NA
2019-11-06,njg_01,njao_gap,tanzania,lutjanidae,macolor_niger,#error!,4,1,11,13,NA,NA,NA,NA
2021-03-30,nor_01,north_reef,kenya,lutjanidae,lutjanus_fulvus,#error!,1,31,16,18,NA,NA,NA,NA
2021-03-30,nor_01,north_reef,kenya,lutjanidae,lutjanus_fulvus,#error!,1,6,21,23,NA,NA,NA,NA
2021-03-30,nor_01,north_reef,kenya,lutjanidae,lutjanus_fulvus,#error!,1,2,31,33,NA,NA,NA,NA
2021-03-30,nor_01,north_reef,kenya,lutjanidae,lutjanus_fulviflamma,#error!,1,20,16,18,NA,NA,NA,NA
2021-03-30,nor_01,north_reef,kenya,lutjanidae,lutjanus_fulviflamma,#error!,1,10,21,23,NA,NA,NA,NA
2021-03-30,nor_01,north_reef,kenya,lutjanidae,lutjanus_bohar,#error!,1,25,16,18,NA,NA,NA,NA
2021-03-30,nor_01,north_reef,kenya,lutjanidae,lutjanus_fulvus,#error!,2,6,16,18,NA,NA,NA,NA
2021-03-30,nor_01,north_reef,kenya,lutjanidae,lutjanus_fulvus,#error!,2,2,21,23,NA,NA,NA,NA
2021-03-30,nor_01,north_reef,kenya,lutjanidae,lutjanus_fulvus,#error!,2,4,31,33,NA,NA,NA,NA
2021-03-30,nor_02,north_reef,kenya,lutjanidae,lutjanus_fulvus,#error!,4,10,21,23,NA,NA,NA,NA
2021-03-30,nor_02,north_reef,kenya,lutjanidae,lutjanus_fulvus,#error!,4,11,16,18,NA,NA,NA,NA
2021-03-30,nor_02,north_reef,kenya,lutjanidae,lutjanus_ehrenbergi,#error!,4,5,26,28,NA,NA,NA,NA
2021-03-30,nor_02,north_reef,kenya,lutjanidae,lutjanus_ehrenbergi,#error!,4,1,21,23,NA,NA,NA,NA
2021-03-30,nor_02,north_reef,kenya,lutjanidae,lutjanus_gibbus,#error!,4,20,26,28,NA,NA,NA,NA
2021-03-30,nor_02,north_reef,kenya,lutjanidae,lutjanus_gibbus,#error!,4,30,21,23,NA,NA,NA,NA
2021-03-30,nor_02,north_reef,kenya,lutjanidae,macolor_niger,#error!,4,1,36,38,NA,NA,NA,NA
2021-03-30,nor_02,north_reef,kenya,lutjanidae,lutjanus_fulviflamma,#error!,5,10,21,23,NA,NA,NA,NA
2021-03-30,nor_02,north_reef,kenya,lutjanidae,lutjanus_fulviflamma,#error!,5,10,16,18,NA,NA,NA,NA
2023-03-23,nycg_01,nyali_coral_garden,kenya,lutjanidae,monotaxis_grandoculis,#error!,1,1,6,8,NA,NA,NA,NA
2023-03-23,nycg_01,nyali_coral_garden,kenya,lutjanidae,lutjanus_fulviflamma,#error!,4,3,21,23,NA,NA,NA,NA
2023-03-23,nycg_01,nyali_coral_garden,kenya,lutjanidae,macolor_niger,#error!,4,1,6,8,NA,NA,NA,NA
2018-09-28,aj_a_p_sc02,ouani,comoros,lutjanidae,macolor_niger,#error!,2,1,16,18,NA,NA,NA,NA
2018-09-28,aj_a_p_sc02,ouani,comoros,lutjanidae,macolor_niger,#error!,3,1,11,13,NA,NA,NA,NA
2018-09-28,aj_a_p_sc02,ouani,comoros,lutjanidae,macolor_niger,#error!,4,1,11,13,NA,NA,NA,NA
2019-11-07,par_01,paradise,tanzania,lutjanidae,macolor_niger,#error!,2,1,21,23,NA,NA,NA,NA
2019-11-07,par_01,paradise,tanzania,lutjanidae,aprion_virescens,#error!,3,5,21,23,NA,NA,NA,NA
2023-02-17,pet_01,pethali,kenya,lutjanidae,lutjanus_fulviflamma,#error!,1,2,21,23,NA,NA,NA,NA
2023-02-17,pet_02,pethali,kenya,lutjanidae,lutjanus_fulviflamma,#error!,5,2,26,28,NA,NA,NA,NA
2018-10-15,mw_a_p_sc19,point_ouani,comoros,lutjanidae,aphareus_furca,#error!,1,1,31,33,NA,NA,NA,NA
2018-10-15,mw_a_p_sc19,point_ouani,comoros,lutjanidae,macolor_niger,#error!,1,1,16,18,NA,NA,NA,NA
2018-10-15,mw_a_p_sc19,point_ouani,comoros,lutjanidae,lutjanus_gibbus,#error!,2,1,31,33,NA,NA,NA,NA
2018-10-15,mw_a_p_sc19,point_ouani,comoros,lutjanidae,macolor_niger,#error!,2,3,31,33,NA,NA,NA,NA
2018-10-15,mw_a_p_sc19,point_ouani,comoros,lutjanidae,macolor_niger,#error!,2,1,16,18,NA,NA,NA,NA
2018-10-15,mw_a_p_sc19,point_ouani,comoros,lutjanidae,lutjanus_fulviflamma,#error!,3,1,21,23,NA,NA,NA,NA
2018-10-16,mw_a_p_sc20,point_ouani,comoros,lutjanidae,aprion_virescens,#error!,4,1,36,38,NA,NA,NA,NA
2018-10-16,mw_a_p_sc20,point_ouani,comoros,lutjanidae,lutjanus_gibbus,#error!,4,20,31,33,NA,NA,NA,NA
2018-10-16,mw_a_p_sc20,point_ouani,comoros,lutjanidae,lutjanus_gibbus,#error!,4,20,36,38,NA,NA,NA,NA
2018-10-16,mw_a_p_sc20,point_ouani,comoros,lutjanidae,macolor_niger,#error!,5,1,26,28,NA,NA,NA,NA
2018-10-16,mw_a_p_sc20,point_ouani,comoros,lutjanidae,aphareus_furca,#error!,6,1,31,33,NA,NA,NA,NA
2023-02-10,pop_01,popo,kenya,lutjanidae,lutjanus_fulviflamma,#error!,2,2,16,18,NA,NA,NA,NA
2023-02-10,pop_01,popo,kenya,lutjanidae,lutjanus_gibbus,#error!,2,2,16,18,NA,NA,NA,NA
2023-02-10,pop_01,popo,kenya,lutjanidae,lutjanus_gibbus,#error!,2,1,11,13,NA,NA,NA,NA
2023-02-10,sag_01,sagafu,kenya,lutjanidae,lutjanus_fulviflamma,#error!,4,1,21,23,NA,NA,NA,NA
2018-10-10,mw_e_p_sc11,sambia,comoros,lutjanidae,lutjanus_gibbus,#error!,2,17,21,23,NA,NA,NA,NA
2018-10-10,mw_e_p_sc11,sambia,comoros,lutjanidae,lutjanus_gibbus,#error!,2,17,26,28,NA,NA,NA,NA
2018-10-10,mw_e_p_sc11,sambia,comoros,lutjanidae,macolor_niger,#error!,2,1,31,33,NA,NA,NA,NA
2018-10-10,mw_e_p_sc11,sambia,comoros,lutjanidae,lutjanus_gibbus,#error!,3,1,26,28,NA,NA,NA,NA
2018-10-11,mw_e_p_sc12,sambia,comoros,lutjanidae,lutjanus_bohar,#error!,4,1,46,48,NA,NA,NA,NA
2018-10-11,mw_e_p_sc12,sambia,comoros,lutjanidae,aphareus_furca,#error!,4,1,41,43,NA,NA,NA,NA
2018-10-11,mw_e_p_sc12,sambia,comoros,lutjanidae,macolor_niger,#error!,4,3,46,48,NA,NA,NA,NA
2018-10-11,mw_e_p_sc12,sambia,comoros,lutjanidae,macolor_niger,#error!,5,1,21,23,NA,NA,NA,NA
2018-10-11,mw_e_p_sc12,sambia,comoros,lutjanidae,aphareus_furca,#error!,6,1,36,38,NA,NA,NA,NA
2019-11-05,scs_01,scorpions_secret,tanzania,lutjanidae,macolor_niger,#error!,3,1,16,18,NA,NA,NA,NA
2019-11-05,scs_02,scorpions_secret,tanzania,lutjanidae,macolor_niger,#error!,5,10,16,18,NA,NA,NA,NA
2019-11-05,scs_02,scorpions_secret,tanzania,lutjanidae,macolor_niger,#error!,5,1,21,23,NA,NA,NA,NA
2019-11-08,shi_01,shimba,tanzania,lutjanidae,lutjanus_kasmira,#error!,2,1,16,18,NA,NA,NA,NA
2019-11-08,shi_01,shimba,tanzania,lutjanidae,lutjanus_kasmira,#error!,2,3,11,13,NA,NA,NA,NA
2019-11-08,shi_01,shimba,tanzania,lutjanidae,aphareus_furca,#error!,2,1,16,18,NA,NA,NA,NA
2019-11-08,shi_01,shimba,tanzania,lutjanidae,macolor_niger,#error!,3,1,16,18,NA,NA,NA,NA
2019-11-08,shi_02,shimba,tanzania,lutjanidae,aprion_virescens,#error!,4,1,21,23,NA,NA,NA,NA
2022-11-04,tkg_01,takaungu,kenya,lutjanidae,lutjanus_fulviflamma,#error!,2,1,21,23,NA,NA,NA,NA
2022-11-04,tkg_01,takaungu,kenya,lutjanidae,lutjanus_fulviflamma,#error!,3,1,16,18,NA,NA,NA,NA
2020-11-20,tur_01,turtle_reef,kenya,lutjanidae,lutjanus_fulviflamma,#error!,1,4,16,18,NA,NA,NA,NA
2020-11-20,tur_01,turtle_reef,kenya,lutjanidae,lutjanus_fulviflamma,#error!,1,2,11,13,NA,NA,NA,NA
2020-11-20,tur_01,turtle_reef,kenya,lutjanidae,macolor_niger,#error!,1,2,16,18,NA,NA,NA,NA
2020-11-20,tur_01,turtle_reef,kenya,lutjanidae,lutjanus_gibbus,#error!,2,1,21,23,NA,NA,NA,NA
2020-11-20,tur_01,turtle_reef,kenya,lutjanidae,lutjanus_fulviflamma,#error!,2,1,21,23,NA,NA,NA,NA
2020-11-20,tur_01,turtle_reef,kenya,lutjanidae,macolor_niger,#error!,2,1,16,18,NA,NA,NA,NA
2021-04-15,ump_01,upper_mpunguti,kenya,lutjanidae,lutjanus_kasmira,#error!,1,4,16,18,NA,NA,NA,NA
2021-04-15,ump_01,upper_mpunguti,kenya,lutjanidae,lutjanus_kasmira,#error!,1,4,11,13,NA,NA,NA,NA
2021-04-15,ump_01,upper_mpunguti,kenya,lutjanidae,aprion_virescens,#error!,2,1,36,38,NA,NA,NA,NA
2021-04-15,ump_01,upper_mpunguti,kenya,lutjanidae,lutjanus_bohar,#error!,3,1,21,23,NA,NA,NA,NA
2021-04-15,ump_01,upper_mpunguti,kenya,lutjanidae,lutjanus_kasmira,#error!,3,20,16,18,NA,NA,NA,NA
2021-04-15,ump_02,upper_mpunguti,kenya,lutjanidae,lutjanus_bohar,#error!,4,6,16,18,NA,NA,NA,NA
2021-04-15,ump_02,upper_mpunguti,kenya,lutjanidae,lutjanus_bohar,#error!,4,4,21,23,NA,NA,NA,NA
2021-04-15,ump_02,upper_mpunguti,kenya,lutjanidae,lutjanus_fulviflamma,#error!,4,30,21,23,NA,NA,NA,NA
2021-04-15,ump_02,upper_mpunguti,kenya,lutjanidae,lutjanus_gibbus,#error!,4,24,16,18,NA,NA,NA,NA
2021-04-15,ump_02,upper_mpunguti,kenya,lutjanidae,macolor_niger,#error!,4,2,11,13,NA,NA,NA,NA
2021-04-15,ump_02,upper_mpunguti,kenya,lutjanidae,lutjanus_bohar,#error!,5,1,16,18,NA,NA,NA,NA
2021-04-15,ump_02,upper_mpunguti,kenya,lutjanidae,lutjanus_fulviflamma,#error!,5,94,21,23,NA,NA,NA,NA
2021-04-15,ump_02,upper_mpunguti,kenya,lutjanidae,lutjanus_fulviflamma,#error!,5,20,26,28,NA,NA,NA,NA
2021-04-15,ump_02,upper_mpunguti,kenya,lutjanidae,lutjanus_fulviflamma,#error!,5,4,16,18,NA,NA,NA,NA
2021-04-15,ump_02,upper_mpunguti,kenya,lutjanidae,lutjanus_gibbus,#error!,5,38,16,18,NA,NA,NA,NA
2021-04-15,ump_02,upper_mpunguti,kenya,lutjanidae,lutjanus_gibbus,#error!,5,1,11,13,NA,NA,NA,NA
2022-11-13,mil_01,utumbi,tanzania,lutjanidae,macolor_niger,#error!,3,1,41,43,NA,NA,NA,NA
2022-11-13,mil_01,utumbi,tanzania,lutjanidae,macolor_niger,#error!,4,2,26,28,NA,NA,NA,NA
2022-11-13,utm_01,utumbi,tanzania,lutjanidae,lutjanus_gibbus,#error!,1,3,31,33,NA,NA,NA,NA
2022-11-13,utm_01,utumbi,tanzania,lutjanidae,lutjanus_fulviflamma,#error!,2,13,21,23,NA,NA,NA,NA
2022-11-13,utm_01,utumbi,tanzania,lutjanidae,lutjanus_fulviflamma,#error!,2,5,16,18,NA,NA,NA,NA
2022-11-13,utm_01,utumbi,tanzania,lutjanidae,lutjanus_fulviflamma,#error!,2,10,26,28,NA,NA,NA,NA
2022-11-13,utm_01,utumbi,tanzania,lutjanidae,macolor_niger,#error!,2,2,36,38,NA,NA,NA,NA
2021-03-17,uyo_01,uyombo,kenya,lutjanidae,lutjanus_kasmira,#error!,1,13,21,23,NA,NA,NA,NA
2021-03-17,uyo_01,uyombo,kenya,lutjanidae,lutjanus_kasmira,#error!,1,10,16,18,NA,NA,NA,NA
2021-03-17,uyo_01,uyombo,kenya,lutjanidae,lutjanus_bohar,#error!,2,1,21,23,NA,NA,NA,NA
2021-03-17,uyo_01,uyombo,kenya,lutjanidae,lutjanus_fulviflamma,#error!,2,8,16,18,NA,NA,NA,NA
2021-03-17,uyo_01,uyombo,kenya,lutjanidae,lutjanus_kasmira,#error!,2,5,16,18,NA,NA,NA,NA
2021-03-17,uyo_01,uyombo,kenya,lutjanidae,lutjanus_kasmira,#error!,3,1,21,23,NA,NA,NA,NA
2021-03-17,uyo_02,uyombo,kenya,lutjanidae,aprion_virescens,#error!,4,1,31,33,NA,NA,NA,NA
2021-03-17,uyo_02,uyombo,kenya,lutjanidae,lutjanus_bohar,#error!,5,1,16,18,NA,NA,NA,NA
2021-03-17,uyo_02,uyombo,kenya,lutjanidae,lutjanus_kasmira,#error!,5,34,16,18,NA,NA,NA,NA
2021-02-16,vms_01,vuma_south,kenya,lutjanidae,lutjanus_bohar,#error!,1,1,11,13,NA,NA,NA,NA
2021-02-16,vms_01,vuma_south,kenya,lutjanidae,aprion_virescens,#error!,1,1,21,23,NA,NA,NA,NA
2021-02-16,vms_01,vuma_south,kenya,lutjanidae,lutjanus_fulviflamma,#error!,3,2,21,23,NA,NA,NA,NA
2021-02-16,vms_01,vuma_south,kenya,lutjanidae,lutjanus_fulviflamma,#error!,3,1,16,18,NA,NA,NA,NA
2021-02-16,vms_02,vuma_south,kenya,lutjanidae,lutjanus_bohar,#error!,4,1,11,13,NA,NA,NA,NA
2021-02-16,vms_02,vuma_south,kenya,lutjanidae,aprion_virescens,#error!,5,1,31,33,NA,NA,NA,NA
2020-12-23,was_01,wasini_tengefu,kenya,lutjanidae,lutjanus_argentimaculatus,#error!,1,6,36,38,NA,NA,NA,NA
2020-12-23,was_01,wasini_tengefu,kenya,lutjanidae,lutjanus_fulviflamma,#error!,1,27,16,18,NA,NA,NA,NA
2020-12-23,was_01,wasini_tengefu,kenya,lutjanidae,lutjanus_gibbus,#error!,1,3,11,13,NA,NA,NA,NA
2020-12-23,was_01,wasini_tengefu,kenya,lutjanidae,macolor_niger,#error!,1,4,11,13,NA,NA,NA,NA
2020-12-23,was_01,wasini_tengefu,kenya,lutjanidae,lutjanus_fulviflamma,#error!,2,14,16,18,NA,NA,NA,NA
2020-12-23,was_01,wasini_tengefu,kenya,lutjanidae,lutjanus_fulviflamma,#error!,2,6,21,23,NA,NA,NA,NA
2020-12-23,was_01,wasini_tengefu,kenya,lutjanidae,lutjanus_fulviflamma,#error!,2,20,26,28,NA,NA,NA,NA
2020-12-23,was_01,wasini_tengefu,kenya,lutjanidae,lutjanus_argentimaculatus,#error!,3,14,21,23,NA,NA,NA,NA
2020-12-23,was_01,wasini_tengefu,kenya,lutjanidae,lutjanus_fulviflamma,#error!,3,2,26,28,NA,NA,NA,NA
2020-12-23,was_01,wasini_tengefu,kenya,lutjanidae,lutjanus_fulviflamma,#error!,3,20,21,23,NA,NA,NA,NA
2020-12-23,was_01,wasini_tengefu,kenya,lutjanidae,lutjanus_fulviflamma,#error!,3,35,16,18,NA,NA,NA,NA
2020-12-23,was_01,wasini_tengefu,kenya,lutjanidae,lutjanus_gibbus,#error!,3,41,16,18,NA,NA,NA,NA
2020-12-23,was_02,wasini_tengefu,kenya,lutjanidae,lutjanus_fulviflamma,#error!,4,10,21,23,NA,NA,NA,NA
2020-12-23,was_02,wasini_tengefu,kenya,lutjanidae,lutjanus_fulviflamma,#error!,4,4,16,18,NA,NA,NA,NA
2020-12-23,was_02,wasini_tengefu,kenya,lutjanidae,lutjanus_fulviflamma,#error!,4,8,11,13,NA,NA,NA,NA
2020-12-23,was_02,wasini_tengefu,kenya,lutjanidae,lutjanus_fulviflamma,#error!,5,24,16,18,NA,NA,NA,NA
2020-12-23,was_02,wasini_tengefu,kenya,lutjanidae,lutjanus_fulviflamma,#error!,5,53,21,23,NA,NA,NA,NA
2020-12-23,was_02,wasini_tengefu,kenya,lutjanidae,lutjanus_fulviflamma,#error!,5,6,11,13,NA,NA,NA,NA
2021-04-01,wcg_01,watamu_coral_garden,kenya,lutjanidae,lutjanus_fulviflamma,#error!,1,3,31,33,NA,NA,NA,NA
2021-04-01,wcg_01,watamu_coral_garden,kenya,lutjanidae,lutjanus_fulviflamma,#error!,2,2,21,23,NA,NA,NA,NA
2022-11-03,wmb_01,wembe,kenya,lutjanidae,lutjanus_kasmira,#error!,2,1,21,23,NA,NA,NA,NA
2022-11-03,wmb_02,wembe,kenya,lutjanidae,lutjanus_fulviflamma,#error!,3,4,16,18,NA,NA,NA,NA
2022-11-03,wmb_02,wembe,kenya,lutjanidae,lutjanus_fulviflamma,#error!,4,1,16,18,NA,NA,NA,NA
2022-11-03,wmb_02,wembe,kenya,lutjanidae,lutjanus_fulviflamma,#error!,5,1,21,23,NA,NA,NA,NA
2022-11-03,wmb_02,wembe,kenya,lutjanidae,aprion_virescens,#error!,5,1,41,43,NA,NA,NA,NA
2022-11-19,yuy_01,yuyuni,tanzania,lutjanidae,lutjanus_bohar,#error!,1,1,21,23,NA,NA,NA,NA
2022-11-19,yuy_01,yuyuni,tanzania,lutjanidae,lutjanus_kasmira,#error!,1,10,16,18,NA,NA,NA,NA
2022-11-19,yuy_01,yuyuni,tanzania,lutjanidae,lutjanus_kasmira,#error!,1,20,21,23,NA,NA,NA,NA
2022-11-19,yuy_01,yuyuni,tanzania,lutjanidae,lutjanus_kasmira,#error!,1,5,26,28,NA,NA,NA,NA
2022-11-19,yuy_01,yuyuni,tanzania,lutjanidae,aphareus_furca,#error!,3,1,31,33,NA,NA,NA,NA
2022-11-19,yuy_02,yuyuni,tanzania,lutjanidae,lutjanus_bohar,#error!,4,1,11,13,NA,NA,NA,NA
2022-11-19,yuy_02,yuyuni,tanzania,lutjanidae,lutjanus_fulviflamma,#error!,4,21,21,23,NA,NA,NA,NA
2022-11-19,yuy_02,yuyuni,tanzania,lutjanidae,lutjanus_kasmira,#error!,4,1,21,23,NA,NA,NA,NA
2021-11-23,and_01,andromache,kenya,pomacanthidae,centropyge_multispinis,#error!,1,25,6,8,NA,NA,NA,NA
2021-11-23,and_01,andromache,kenya,pomacanthidae,centropyge_multispinis,#error!,2,18,11,13,NA,NA,NA,NA
2021-11-23,and_01,andromache,kenya,pomacanthidae,centropyge_multispinis,#error!,3,16,6,8,NA,NA,NA,NA
2022-04-04,aru_01,arusha,kenya,pomacanthidae,centropyge_multispinis,#error!,1,2,6,8,NA,NA,NA,NA
2022-04-04,aru_01,arusha,kenya,pomacanthidae,centropyge_multispinis,#error!,2,6,6,8,NA,NA,NA,NA
2022-04-04,aru_01,arusha,kenya,pomacanthidae,centropyge_acanthops,#error!,3,2,6,8,NA,NA,NA,NA
2022-04-04,aru_01,arusha,kenya,pomacanthidae,centropyge_multispinis,#error!,3,1,6,8,NA,NA,NA,NA
2022-04-04,aru_02,arusha,kenya,pomacanthidae,centropyge_multispinis,#error!,4,4,6,8,NA,NA,NA,NA
2022-09-08,bang_01,bangoi,comoros,pomacanthidae,centropyge_multispinis,#error!,1,3,6,8,NA,NA,NA,NA
2022-09-08,bang_01,bangoi,comoros,pomacanthidae,centropyge_acanthops,#error!,1,8,6,8,NA,NA,NA,NA
2022-09-08,bang_01,bangoi,comoros,pomacanthidae,pomacanthus_imperator,#error!,1,1,26,28,NA,NA,NA,NA
2022-09-08,bang_01,bangoi,comoros,pomacanthidae,centropyge_multispinis,#error!,2,5,6,8,NA,NA,NA,NA
2022-09-08,bang_01,bangoi,comoros,pomacanthidae,centropyge_acanthops,#error!,2,2,6,8,NA,NA,NA,NA
2022-09-08,bang_02,bangoi,comoros,pomacanthidae,centropyge_multispinis,#error!,3,10,6,8,NA,NA,NA,NA
2022-09-08,bang_02,bangoi,comoros,pomacanthidae,pomacanthus_imperator,#error!,3,1,21,23,NA,NA,NA,NA
2022-09-08,bang_02,bangoi,comoros,pomacanthidae,centropyge_multispinis,#error!,5,2,6,8,NA,NA,NA,NA
2018-09-30,aj_b_p_sc03,bimbini,comoros,pomacanthidae,centropyge_multispinis,#error!,1,5,6,8,NA,NA,NA,NA
2018-09-30,aj_b_p_sc03,bimbini,comoros,pomacanthidae,centropyge_multispinis,#error!,2,1,6,8,NA,NA,NA,NA
2018-10-01,aj_b_p_sc04,bimbini,comoros,pomacanthidae,centropyge_multispinis,#error!,4,1,6,8,NA,NA,NA,NA
2018-10-01,aj_b_p_sc04,bimbini,comoros,pomacanthidae,centropyge_multispinis,#error!,5,6,6,8,NA,NA,NA,NA
2018-10-01,aj_b_p_sc04,bimbini,comoros,pomacanthidae,pygoplites_diacanthus,#error!,5,1,16,18,NA,NA,NA,NA
2018-10-01,aj_b_p_sc04,bimbini,comoros,pomacanthidae,pomacanthus_imperator,#error!,5,1,16,18,NA,NA,NA,NA
2018-10-01,aj_b_p_sc04,bimbini,comoros,pomacanthidae,pygoplites_diacanthus,#error!,6,1,16,18,NA,NA,NA,NA
2022-10-26,brc_01,brain_coral,kenya,pomacanthidae,centropyge_multispinis,#error!,1,5,6,8,NA,NA,NA,NA
2022-10-26,brc_01,brain_coral,kenya,pomacanthidae,pomacanthus_imperator,#error!,1,1,21,23,NA,NA,NA,NA
2022-10-26,brc_01,brain_coral,kenya,pomacanthidae,centropyge_multispinis,#error!,2,6,6,8,NA,NA,NA,NA
2022-10-26,brc_01,brain_coral,kenya,pomacanthidae,pomacanthus_imperator,#error!,2,1,16,18,NA,NA,NA,NA
2022-10-26,brc_01,brain_coral,kenya,pomacanthidae,centropyge_multispinis,#error!,3,15,6,8,NA,NA,NA,NA
2022-10-26,brc_01,brain_coral,kenya,pomacanthidae,pomacanthus_imperator,#error!,3,2,16,18,NA,NA,NA,NA
2022-10-26,brc_02,brain_coral,kenya,pomacanthidae,centropyge_multispinis,#error!,4,10,6,8,NA,NA,NA,NA
2022-10-26,brc_02,brain_coral,kenya,pomacanthidae,centropyge_multispinis,#error!,5,3,6,8,NA,NA,NA,NA
2022-10-26,brc_02,brain_coral,kenya,pomacanthidae,pomacanthus_semicirculatus,#error!,5,1,16,18,NA,NA,NA,NA
2021-11-17,cha_01,chale,kenya,pomacanthidae,centropyge_multispinis,#error!,1,3,6,8,NA,NA,NA,NA
2021-11-17,cha_01,chale,kenya,pomacanthidae,centropyge_multispinis,#error!,2,5,6,8,NA,NA,NA,NA
2021-11-17,cha_01,chale,kenya,pomacanthidae,centropyge_multispinis,#error!,3,6,6,8,NA,NA,NA,NA
2021-11-17,cha_02,chale,kenya,pomacanthidae,pomacanthus_imperator,#error!,4,1,16,18,NA,NA,NA,NA
2021-11-17,cha_02,chale,kenya,pomacanthidae,centropyge_multispinis,#error!,5,1,11,13,NA,NA,NA,NA
2022-09-17,chin_02,chindini,comoros,pomacanthidae,apolemichthys_trimaculatus,#error!,3,2,16,18,NA,NA,NA,NA
2022-09-17,chin_02,chindini,comoros,pomacanthidae,centropyge_multispinis,#error!,3,1,6,8,NA,NA,NA,NA
2022-09-17,chin_02,chindini,comoros,pomacanthidae,pygoplites_diacanthus,#error!,3,1,26,28,NA,NA,NA,NA
2022-09-17,chin_02,chindini,comoros,pomacanthidae,apolemichthys_trimaculatus,#error!,4,1,16,18,NA,NA,NA,NA
2022-09-17,chin_02,chindini,comoros,pomacanthidae,centropyge_multispinis,#error!,4,3,6,8,NA,NA,NA,NA
2022-09-17,chin_02,chindini,comoros,pomacanthidae,pomacanthus_imperator,#error!,4,1,21,23,NA,NA,NA,NA
2022-09-17,chin_02,chindini,comoros,pomacanthidae,pomacanthus_imperator,#error!,4,1,26,28,NA,NA,NA,NA
2022-09-12,chin_03,chindini,comoros,pomacanthidae,centropyge_multispinis,#error!,1,4,6,8,NA,NA,NA,NA
2022-09-12,chin_03,chindini,comoros,pomacanthidae,apolemichthys_trimaculatus,#error!,1,1,16,18,NA,NA,NA,NA
2022-09-12,chin_03,chindini,comoros,pomacanthidae,pomacanthus_imperator,#error!,1,1,16,18,NA,NA,NA,NA
2022-09-12,chin_03,chindini,comoros,pomacanthidae,pomacanthus_imperator,#error!,1,1,26,28,NA,NA,NA,NA
2022-09-12,chin_03,chindini,comoros,pomacanthidae,pygoplites_diacanthus,#error!,1,2,21,23,NA,NA,NA,NA
2022-09-12,chin_03,chindini,comoros,pomacanthidae,centropyge_multispinis,#error!,2,1,6,8,NA,NA,NA,NA
2023-02-11,chp_01,chipopo,kenya,pomacanthidae,pomacanthus_semicirculatus,#error!,1,2,21,23,NA,NA,NA,NA
2023-02-11,chp_01,chipopo,kenya,pomacanthidae,pomacanthus_semicirculatus,#error!,1,1,16,18,NA,NA,NA,NA
2023-02-11,chp_01,chipopo,kenya,pomacanthidae,pomacanthus_semicirculatus,#error!,1,1,11,13,NA,NA,NA,NA
2023-02-11,chp_01,chipopo,kenya,pomacanthidae,pomacanthus_semicirculatus,#error!,2,2,21,23,NA,NA,NA,NA
2023-02-11,chp_01,chipopo,kenya,pomacanthidae,pomacanthus_semicirculatus,#error!,2,1,16,18,NA,NA,NA,NA
2023-02-11,chp_01,chipopo,kenya,pomacanthidae,pomacanthus_semicirculatus,#error!,2,1,11,13,NA,NA,NA,NA
2023-03-20,cho_01,chole,kenya,pomacanthidae,centropyge_multispinis,#error!,2,1,11,13,NA,NA,NA,NA
2023-03-24,ccb_01,chongo_cha_boso,kenya,pomacanthidae,centropyge_multispinis,#error!,1,21,11,13,NA,NA,NA,NA
2023-03-24,ccb_01,chongo_cha_boso,kenya,pomacanthidae,centropyge_bispinosa,#error!,1,1,11,13,NA,NA,NA,NA
2023-03-24,ccb_01,chongo_cha_boso,kenya,pomacanthidae,centropyge_multispinis,#error!,2,5,11,13,NA,NA,NA,NA
2023-03-24,ccb_01,chongo_cha_boso,kenya,pomacanthidae,pomacanthus_semicirculatus,#error!,2,1,21,23,NA,NA,NA,NA
2023-03-22,ccc_01,chongo_cha_chano,kenya,pomacanthidae,pomacanthus_semicirculatus,#error!,1,1,21,23,NA,NA,NA,NA
2023-03-22,ccc_01,chongo_cha_chano,kenya,pomacanthidae,pomacanthus_imperator,#error!,1,1,21,23,NA,NA,NA,NA
2023-03-22,ccc_01,chongo_cha_chano,kenya,pomacanthidae,pomacanthus_semicirculatus,#error!,2,2,21,23,NA,NA,NA,NA
2023-03-21,ccs_01,chongo_cha_sharifu,kenya,pomacanthidae,pomacanthus_imperator,#error!,2,1,21,23,NA,NA,NA,NA
2023-03-26,dzi_01,dhiwa_za_ishakani,kenya,pomacanthidae,pomacanthus_imperator,#error!,1,1,16,18,NA,NA,NA,NA
2021-11-22,dnr_01,diani_reef,kenya,pomacanthidae,centropyge_multispinis,#error!,1,10,11,13,NA,NA,NA,NA
2021-11-22,dnr_01,diani_reef,kenya,pomacanthidae,centropyge_multispinis,#error!,2,10,6,8,NA,NA,NA,NA
2021-11-22,dnr_01,diani_reef,kenya,pomacanthidae,centropyge_multispinis,#error!,3,20,11,13,NA,NA,NA,NA
2022-11-18,din_01,dindini,tanzania,pomacanthidae,centropyge_multispinis,#error!,1,6,6,8,NA,NA,NA,NA
2022-11-18,din_01,dindini,tanzania,pomacanthidae,centropyge_multispinis,#error!,2,10,6,8,NA,NA,NA,NA
2022-11-18,din_01,dindini,tanzania,pomacanthidae,centropyge_multispinis,#error!,3,1,6,8,NA,NA,NA,NA
2022-11-18,din_01,dindini,tanzania,pomacanthidae,pomacanthus_imperator,#error!,3,1,11,13,NA,NA,NA,NA
2022-11-18,din_01,dindini,tanzania,pomacanthidae,pomacanthus_imperator,#error!,3,1,21,23,NA,NA,NA,NA
2022-11-18,din_02,dindini,tanzania,pomacanthidae,centropyge_multispinis,#error!,5,1,6,8,NA,NA,NA,NA
2018-10-13,mw_b_p_sc16,djirani,comoros,pomacanthidae,centropyge_multispinis,#error!,1,3,6,8,NA,NA,NA,NA
2018-10-13,mw_b_p_sc16,djirani,comoros,pomacanthidae,centropyge_multispinis,#error!,2,3,6,8,NA,NA,NA,NA
2018-10-13,mw_b_p_sc16,djirani,comoros,pomacanthidae,pygoplites_diacanthus,#error!,2,2,16,18,NA,NA,NA,NA
2018-10-14,mw_b_p_sc17,djirani,comoros,pomacanthidae,centropyge_multispinis,#error!,4,1,6,8,NA,NA,NA,NA
2018-10-14,mw_b_p_sc17,djirani,comoros,pomacanthidae,pygoplites_diacanthus,#error!,4,6,16,18,NA,NA,NA,NA
2018-10-14,mw_b_p_sc17,djirani,comoros,pomacanthidae,pygoplites_diacanthus,#error!,4,2,11,13,NA,NA,NA,NA
2018-10-14,mw_b_p_sc17,djirani,comoros,pomacanthidae,centropyge_multispinis,#error!,5,3,6,8,NA,NA,NA,NA
2018-10-14,mw_b_p_sc17,djirani,comoros,pomacanthidae,pygoplites_diacanthus,#error!,5,2,16,18,NA,NA,NA,NA
2018-10-14,mw_b_p_sc17,djirani,comoros,pomacanthidae,centropyge_multispinis,#error!,6,4,6,8,NA,NA,NA,NA
2021-03-19,dol_01,dolphin,kenya,pomacanthidae,pomacanthus_semicirculatus,#error!,1,1,21,23,NA,NA,NA,NA
2021-03-19,dol_01,dolphin,kenya,pomacanthidae,pomacanthus_semicirculatus,#error!,1,2,16,18,NA,NA,NA,NA
2021-03-19,dol_01,dolphin,kenya,pomacanthidae,centropyge_multispinis,#error!,1,5,6,8,NA,NA,NA,NA
2021-03-19,dol_01,dolphin,kenya,pomacanthidae,apolemichthys_trimaculatus,#error!,1,1,16,18,NA,NA,NA,NA
2021-03-19,dol_01,dolphin,kenya,pomacanthidae,pomacanthus_chrysurus,#error!,1,1,26,28,NA,NA,NA,NA
2021-03-19,dol_01,dolphin,kenya,pomacanthidae,pomacanthus_imperator,#error!,1,1,11,13,NA,NA,NA,NA
2021-03-19,dol_01,dolphin,kenya,pomacanthidae,pomacanthus_chrysurus,#error!,2,1,21,23,NA,NA,NA,NA
2021-03-19,dol_01,dolphin,kenya,pomacanthidae,pomacanthus_semicirculatus,#error!,3,1,16,18,NA,NA,NA,NA
2021-03-19,dol_01,dolphin,kenya,pomacanthidae,centropyge_multispinis,#error!,3,7,6,8,NA,NA,NA,NA
2021-03-19,dol_02,dolphin,kenya,pomacanthidae,centropyge_multispinis,#error!,4,7,6,8,NA,NA,NA,NA
2021-03-19,dol_02,dolphin,kenya,pomacanthidae,pygoplites_diacanthus,#error!,4,1,26,28,NA,NA,NA,NA
2021-03-19,dol_02,dolphin,kenya,pomacanthidae,pomacanthus_semicirculatus,#error!,4,1,16,18,NA,NA,NA,NA
2021-03-19,dol_02,dolphin,kenya,pomacanthidae,pomacanthus_imperator,#error!,4,1,16,18,NA,NA,NA,NA
2021-03-19,dol_02,dolphin,kenya,pomacanthidae,pomacanthus_imperator,#error!,4,1,26,28,NA,NA,NA,NA
2021-03-19,dol_02,dolphin,kenya,pomacanthidae,pomacanthus_imperator,#error!,4,1,21,23,NA,NA,NA,NA
2021-03-19,dol_02,dolphin,kenya,pomacanthidae,apolemichthys_trimaculatus,#error!,5,1,11,13,NA,NA,NA,NA
2023-11-02,fassi1,fassi,comoros,pomacanthidae,centropyge_multispinis,#error!,3,9,6,8,NA,NA,NA,NA
2023-11-02,fassi1,fassi,comoros,pomacanthidae,centropyge_multispinis,#error!,4,10,6,8,NA,NA,NA,NA
2023-11-02,fassi2,fassi,comoros,pomacanthidae,centropyge_multispinis,#error!,1,15,6,8,NA,NA,NA,NA
2023-11-02,fassi2,fassi,comoros,pomacanthidae,centropyge_multispinis,#error!,2,13,6,8,NA,NA,NA,NA
2018-10-09,mw_e_p_sc09,ferenga,comoros,pomacanthidae,centropyge_multispinis,#error!,1,10,6,8,NA,NA,NA,NA
2018-10-09,mw_e_p_sc09,ferenga,comoros,pomacanthidae,pygoplites_diacanthus,#error!,1,6,11,13,NA,NA,NA,NA
2018-10-09,mw_e_p_sc09,ferenga,comoros,pomacanthidae,pygoplites_diacanthus,#error!,1,2,16,18,NA,NA,NA,NA
2018-10-09,mw_e_p_sc09,ferenga,comoros,pomacanthidae,centropyge_multispinis,#error!,2,10,6,8,NA,NA,NA,NA
2018-10-09,mw_e_p_sc09,ferenga,comoros,pomacanthidae,pygoplites_diacanthus,#error!,2,2,11,13,NA,NA,NA,NA
2018-10-09,mw_e_p_sc09,ferenga,comoros,pomacanthidae,apolemichthys_trimaculatus,#error!,2,1,11,13,NA,NA,NA,NA
2018-10-09,mw_e_p_sc09,ferenga,comoros,pomacanthidae,centropyge_multispinis,#error!,3,8,6,8,NA,NA,NA,NA
2018-10-09,mw_e_p_sc09,ferenga,comoros,pomacanthidae,pygoplites_diacanthus,#error!,3,1,16,18,NA,NA,NA,NA
2018-10-09,mw_e_p_sc09,ferenga,comoros,pomacanthidae,pygoplites_diacanthus,#error!,3,1,11,13,NA,NA,NA,NA
2018-10-09,mw_e_p_sc09,ferenga,comoros,pomacanthidae,pomacanthus_chrysurus,#error!,3,1,16,18,NA,NA,NA,NA
2018-10-10,mw_e_p_sc10,ferenga,comoros,pomacanthidae,centropyge_multispinis,#error!,4,4,6,8,NA,NA,NA,NA
2018-10-10,mw_e_p_sc10,ferenga,comoros,pomacanthidae,pygoplites_diacanthus,#error!,4,2,16,18,NA,NA,NA,NA
2018-10-10,mw_e_p_sc10,ferenga,comoros,pomacanthidae,pygoplites_diacanthus,#error!,4,2,11,13,NA,NA,NA,NA
2018-10-10,mw_e_p_sc10,ferenga,comoros,pomacanthidae,centropyge_multispinis,#error!,5,8,6,8,NA,NA,NA,NA
2018-10-10,mw_e_p_sc10,ferenga,comoros,pomacanthidae,pygoplites_diacanthus,#error!,5,1,16,18,NA,NA,NA,NA
2018-10-10,mw_e_p_sc10,ferenga,comoros,pomacanthidae,centropyge_multispinis,#error!,6,5,6,8,NA,NA,NA,NA
2018-10-10,mw_e_p_sc10,ferenga,comoros,pomacanthidae,pygoplites_diacanthus,#error!,6,3,16,18,NA,NA,NA,NA
2018-10-10,mw_e_p_sc10,ferenga,comoros,pomacanthidae,pygoplites_diacanthus,#error!,6,3,11,13,NA,NA,NA,NA
2019-11-15,fug_01,fundo_coral_garden,tanzania,pomacanthidae,centropyge_multispinis,#error!,1,2,6,8,NA,NA,NA,NA
2019-11-15,fug_01,fundo_coral_garden,tanzania,pomacanthidae,pygoplites_diacanthus,#error!,2,1,16,18,NA,NA,NA,NA
2019-11-15,fug_01,fundo_coral_garden,tanzania,pomacanthidae,centropyge_multispinis,#error!,2,5,6,8,NA,NA,NA,NA
2019-11-15,fug_01,fundo_coral_garden,tanzania,pomacanthidae,pygoplites_diacanthus,#error!,3,2,16,18,NA,NA,NA,NA
2019-11-15,fug_01,fundo_coral_garden,tanzania,pomacanthidae,centropyge_multispinis,#error!,3,6,6,8,NA,NA,NA,NA
2019-11-17,fug_03,fundo_coral_garden,tanzania,pomacanthidae,centropyge_multispinis,#error!,4,6,6,8,NA,NA,NA,NA
2019-11-17,fug_03,fundo_coral_garden,tanzania,pomacanthidae,pygoplites_diacanthus,#error!,4,2,16,18,NA,NA,NA,NA
2019-11-17,fug_03,fundo_coral_garden,tanzania,pomacanthidae,pygoplites_diacanthus,#error!,4,1,11,13,NA,NA,NA,NA
2019-11-17,fug_03,fundo_coral_garden,tanzania,pomacanthidae,centropyge_multispinis,#error!,5,9,6,8,NA,NA,NA,NA
2019-11-13,fgi_01,fundo_gap_inner,tanzania,pomacanthidae,centropyge_multispinis,#error!,1,8,6,8,NA,NA,NA,NA
2019-11-13,fgi_01,fundo_gap_inner,tanzania,pomacanthidae,centropyge_bispinosa,#error!,1,5,6,8,NA,NA,NA,NA
2019-11-13,fgi_01,fundo_gap_inner,tanzania,pomacanthidae,centropyge_multispinis,#error!,2,10,6,8,NA,NA,NA,NA
2019-11-13,fgi_01,fundo_gap_inner,tanzania,pomacanthidae,centropyge_bispinosa,#error!,2,5,6,8,NA,NA,NA,NA
2019-11-13,fgi_02,fundo_gap_inner,tanzania,pomacanthidae,centropyge_multispinis,#error!,3,13,6,8,NA,NA,NA,NA
2019-11-13,fgi_02,fundo_gap_inner,tanzania,pomacanthidae,centropyge_bispinosa,#error!,3,2,6,8,NA,NA,NA,NA
2019-11-13,fgi_02,fundo_gap_inner,tanzania,pomacanthidae,centropyge_multispinis,#error!,4,10,6,8,NA,NA,NA,NA
2019-11-13,fgi_02,fundo_gap_inner,tanzania,pomacanthidae,centropyge_bispinosa,#error!,4,4,6,8,NA,NA,NA,NA
2019-11-14,fuo_01,fundo_outer,tanzania,pomacanthidae,centropyge_multispinis,#error!,1,3,6,8,NA,NA,NA,NA
2019-11-14,fuo_01,fundo_outer,tanzania,pomacanthidae,pygoplites_diacanthus,#error!,1,1,16,18,NA,NA,NA,NA
2019-11-14,fuo_01,fundo_outer,tanzania,pomacanthidae,pygoplites_diacanthus,#error!,1,2,11,13,NA,NA,NA,NA
2019-11-14,fuo_01,fundo_outer,tanzania,pomacanthidae,centropyge_bispinosa,#error!,1,1,6,8,NA,NA,NA,NA
2019-11-14,fuo_01,fundo_outer,tanzania,pomacanthidae,centropyge_multispinis,#error!,2,5,6,8,NA,NA,NA,NA
2019-11-14,fuo_01,fundo_outer,tanzania,pomacanthidae,pygoplites_diacanthus,#error!,2,2,11,13,NA,NA,NA,NA
2019-11-14,fuo_01,fundo_outer,tanzania,pomacanthidae,centropyge_multispinis,#error!,3,5,6,8,NA,NA,NA,NA
2019-11-14,fuo_01,fundo_outer,tanzania,pomacanthidae,pygoplites_diacanthus,#error!,3,1,11,13,NA,NA,NA,NA
2019-11-14,fuo_02,fundo_outer,tanzania,pomacanthidae,centropyge_multispinis,#error!,4,3,6,8,NA,NA,NA,NA
2019-11-14,fuo_02,fundo_outer,tanzania,pomacanthidae,pygoplites_diacanthus,#error!,4,1,11,13,NA,NA,NA,NA
2019-11-14,fuo_02,fundo_outer,tanzania,pomacanthidae,centropyge_multispinis,#error!,5,8,6,8,NA,NA,NA,NA
2022-09-16,ifou_01,ifoundihe_chamboini,comoros,pomacanthidae,pomacanthus_semicirculatus,#error!,1,1,36,38,NA,NA,NA,NA
2022-09-16,ifou_01,ifoundihe_chamboini,comoros,pomacanthidae,centropyge_multispinis,#error!,1,8,6,8,NA,NA,NA,NA
2022-09-16,ifou_01,ifoundihe_chamboini,comoros,pomacanthidae,centropyge_multispinis,#error!,2,6,6,8,NA,NA,NA,NA
2022-09-16,ifou_01,ifoundihe_chamboini,comoros,pomacanthidae,pomacanthus_imperator,#error!,2,1,26,28,NA,NA,NA,NA
2022-09-16,ifou_01,ifoundihe_chamboini,comoros,pomacanthidae,pygoplites_diacanthus,#error!,2,1,21,23,NA,NA,NA,NA
2022-09-17,ifou_02,ifoundihe_chamboini,comoros,pomacanthidae,centropyge_multispinis,#error!,3,15,6,8,NA,NA,NA,NA
2022-09-17,ifou_02,ifoundihe_chamboini,comoros,pomacanthidae,centropyge_multispinis,#error!,4,7,6,8,NA,NA,NA,NA
2022-09-17,ifou_02,ifoundihe_chamboini,comoros,pomacanthidae,pomacanthus_imperator,#error!,4,1,31,33,NA,NA,NA,NA
2022-09-17,ifou_02,ifoundihe_chamboini,comoros,pomacanthidae,pomacanthus_imperator,#error!,4,1,26,28,NA,NA,NA,NA
2022-09-17,ifou_02,ifoundihe_chamboini,comoros,pomacanthidae,apolemichthys_trimaculatus,#error!,5,1,16,18,NA,NA,NA,NA
2022-09-17,ifou_02,ifoundihe_chamboini,comoros,pomacanthidae,centropyge_multispinis,#error!,5,6,6,8,NA,NA,NA,NA
2022-09-15,itso_01,itsoundzou,comoros,pomacanthidae,centropyge_multispinis,#error!,1,2,6,8,NA,NA,NA,NA
2022-09-15,itso_01,itsoundzou,comoros,pomacanthidae,pomacanthus_semicirculatus,#error!,2,1,31,33,NA,NA,NA,NA
2022-09-15,itso_01,itsoundzou,comoros,pomacanthidae,pygoplites_diacanthus,#error!,2,1,11,13,NA,NA,NA,NA
2022-09-15,itso_01,itsoundzou,comoros,pomacanthidae,pygoplites_diacanthus,#error!,2,1,21,23,NA,NA,NA,NA
2022-09-16,itso_02,itsoundzou,comoros,pomacanthidae,apolemichthys_trimaculatus,#error!,3,1,21,23,NA,NA,NA,NA
2022-09-16,itso_02,itsoundzou,comoros,pomacanthidae,centropyge_multispinis,#error!,3,8,6,8,NA,NA,NA,NA
2022-09-16,itso_02,itsoundzou,comoros,pomacanthidae,centropyge_bispinosa,#error!,3,4,6,8,NA,NA,NA,NA
2022-09-16,itso_02,itsoundzou,comoros,pomacanthidae,pygoplites_diacanthus,#error!,3,1,16,18,NA,NA,NA,NA
2022-09-16,itso_02,itsoundzou,comoros,pomacanthidae,centropyge_multispinis,#error!,4,3,6,8,NA,NA,NA,NA
2022-09-16,itso_02,itsoundzou,comoros,pomacanthidae,centropyge_bispinosa,#error!,4,4,6,8,NA,NA,NA,NA
2022-09-07,ivoi_01,ivoini,comoros,pomacanthidae,apolemichthys_trimaculatus,#error!,1,1,16,18,NA,NA,NA,NA
2022-09-07,ivoi_01,ivoini,comoros,pomacanthidae,pomacanthus_imperator,#error!,1,2,26,28,NA,NA,NA,NA
2022-09-07,ivoi_01,ivoini,comoros,pomacanthidae,pomacanthus_semicirculatus,#error!,1,1,31,33,NA,NA,NA,NA
2022-09-07,ivoi_01,ivoini,comoros,pomacanthidae,centropyge_multispinis,#error!,2,4,21,23,NA,NA,NA,NA
2022-09-07,ivoi_01,ivoini,comoros,pomacanthidae,apolemichthys_trimaculatus,#error!,2,1,16,18,NA,NA,NA,NA
2022-09-07,ivoi_01,ivoini,comoros,pomacanthidae,pygoplites_diacanthus,#error!,2,1,16,18,NA,NA,NA,NA
2022-09-07,ivoi_01,ivoini,comoros,pomacanthidae,pomacanthus_imperator,#error!,2,1,26,28,NA,NA,NA,NA
2022-09-07,ivoi_02,ivoini,comoros,pomacanthidae,centropyge_multispinis,#error!,3,1,6,8,NA,NA,NA,NA
2022-09-07,ivoi_02,ivoini,comoros,pomacanthidae,centropyge_multispinis,#error!,5,1,6,8,NA,NA,NA,NA
2022-03-04,iwe_01,iweni,kenya,pomacanthidae,pomacanthus_semicirculatus,#error!,2,1,16,18,NA,NA,NA,NA
2021-03-29,jac_01,jacaranda,kenya,pomacanthidae,centropyge_multispinis,#error!,1,4,6,8,NA,NA,NA,NA
2021-03-29,jac_01,jacaranda,kenya,pomacanthidae,pomacanthus_semicirculatus,#error!,1,1,11,13,NA,NA,NA,NA
2021-03-29,jac_01,jacaranda,kenya,pomacanthidae,centropyge_multispinis,#error!,2,5,6,8,NA,NA,NA,NA
2021-03-29,jac_01,jacaranda,kenya,pomacanthidae,pomacanthus_semicirculatus,#error!,2,1,11,13,NA,NA,NA,NA
2021-03-29,jac_01,jacaranda,kenya,pomacanthidae,pomacanthus_imperator,#error!,3,2,6,8,NA,NA,NA,NA
2021-03-29,jac_01,jacaranda,kenya,pomacanthidae,centropyge_multispinis,#error!,3,4,6,8,NA,NA,NA,NA
2021-03-29,jac_02,jacaranda,kenya,pomacanthidae,centropyge_multispinis,#error!,4,3,6,8,NA,NA,NA,NA
2021-03-29,jac_02,jacaranda,kenya,pomacanthidae,pomacanthus_semicirculatus,#error!,5,1,11,13,NA,NA,NA,NA
2022-03-31,jmk_01,jamba_wa_kwale,kenya,pomacanthidae,centropyge_acanthops,#error!,1,3,6,8,NA,NA,NA,NA
2022-03-31,jmk_02,jamba_wa_kwale,kenya,pomacanthidae,centropyge_multispinis,#error!,5,1,6,8,NA,NA,NA,NA
2023-02-11,jmi_01,jumba_idodi,kenya,pomacanthidae,pomacanthus_semicirculatus,#error!,2,1,16,18,NA,NA,NA,NA
2022-10-25,jbr_01,jumbo_ruins,kenya,pomacanthidae,centropyge_multispinis,#error!,1,1,6,8,NA,NA,NA,NA
2022-10-25,jbr_01,jumbo_ruins,kenya,pomacanthidae,centropyge_multispinis,#error!,3,4,6,8,NA,NA,NA,NA
2022-10-25,jbr_02,jumbo_ruins,kenya,pomacanthidae,centropyge_multispinis,#error!,4,1,6,8,NA,NA,NA,NA
2022-10-25,jbr_02,jumbo_ruins,kenya,pomacanthidae,centropyge_multispinis,#error!,5,5,6,8,NA,NA,NA,NA
2023-03-24,kkr_01,kadhikia_kuru,kenya,pomacanthidae,pomacanthus_semicirculatus,#error!,1,1,21,23,NA,NA,NA,NA
2023-03-24,kkr_01,kadhikia_kuru,kenya,pomacanthidae,centropyge_multispinis,#error!,2,1,11,13,NA,NA,NA,NA
2023-03-24,kkr_01,kadhikia_kuru,kenya,pomacanthidae,pomacanthus_semicirculatus,#error!,3,1,16,18,NA,NA,NA,NA
2022-02-04,kanz_01,kanzoni,comoros,pomacanthidae,centropyge_bispinosa,#error!,1,1,6,8,NA,NA,NA,NA
2022-02-04,kanz_01,kanzoni,comoros,pomacanthidae,centropyge_multispinis,#error!,1,2,6,8,NA,NA,NA,NA
2022-02-04,kanz_01,kanzoni,comoros,pomacanthidae,pygoplites_diacanthus,#error!,1,2,16,18,NA,NA,NA,NA
2022-02-04,kanz_01,kanzoni,comoros,pomacanthidae,centropyge_multispinis,#error!,2,2,6,8,NA,NA,NA,NA
2022-02-04,kanz_01,kanzoni,comoros,pomacanthidae,pygoplites_diacanthus,#error!,2,3,16,18,NA,NA,NA,NA
2022-02-04,kanz_01,kanzoni,comoros,pomacanthidae,pomacanthus_semicirculatus,#error!,2,1,16,18,NA,NA,NA,NA
2022-02-04,kanz_01,kanzoni,comoros,pomacanthidae,centropyge_multispinis,#error!,3,1,6,8,NA,NA,NA,NA
2022-02-04,kanz_01,kanzoni,comoros,pomacanthidae,pygoplites_diacanthus,#error!,3,1,11,13,NA,NA,NA,NA
2022-02-04,kanz_01,kanzoni,comoros,pomacanthidae,pygoplites_diacanthus,#error!,3,1,16,18,NA,NA,NA,NA
2022-02-05,kanz_02,kanzoni,comoros,pomacanthidae,pygoplites_diacanthus,#error!,4,1,16,18,NA,NA,NA,NA
2022-02-05,kanz_02,kanzoni,comoros,pomacanthidae,pygoplites_diacanthus,#error!,4,2,11,13,NA,NA,NA,NA
2022-02-05,kanz_02,kanzoni,comoros,pomacanthidae,apolemichthys_trimaculatus,#error!,4,1,11,13,NA,NA,NA,NA
2022-02-05,kanz_02,kanzoni,comoros,pomacanthidae,centropyge_multispinis,#error!,5,1,6,8,NA,NA,NA,NA
2022-02-05,kanz_02,kanzoni,comoros,pomacanthidae,pygoplites_diacanthus,#error!,5,1,11,13,NA,NA,NA,NA
2022-02-05,kanz_02,kanzoni,comoros,pomacanthidae,pygoplites_diacanthus,#error!,5,1,16,18,NA,NA,NA,NA
2021-03-25,kas_01,kasa,kenya,pomacanthidae,centropyge_multispinis,#error!,1,10,6,8,NA,NA,NA,NA
2021-03-25,kas_01,kasa,kenya,pomacanthidae,apolemichthys_trimaculatus,#error!,1,2,6,8,NA,NA,NA,NA
2021-03-25,kas_01,kasa,kenya,pomacanthidae,pomacanthus_semicirculatus,#error!,1,1,21,23,NA,NA,NA,NA
2021-03-25,kas_01,kasa,kenya,pomacanthidae,centropyge_multispinis,#error!,2,20,6,8,NA,NA,NA,NA
2021-03-25,kas_01,kasa,kenya,pomacanthidae,pomacanthus_imperator,#error!,2,1,16,18,NA,NA,NA,NA
2021-03-25,kas_01,kasa,kenya,pomacanthidae,centropyge_multispinis,#error!,3,15,6,8,NA,NA,NA,NA
2021-03-25,kas_01,kasa,kenya,pomacanthidae,pomacanthus_imperator,#error!,3,1,16,18,NA,NA,NA,NA
2021-03-25,kas_01,kasa,kenya,pomacanthidae,pomacanthus_imperator,#error!,3,1,11,13,NA,NA,NA,NA
2021-03-25,kas_02,kasa,kenya,pomacanthidae,centropyge_multispinis,#error!,4,5,6,8,NA,NA,NA,NA
2021-03-25,kas_02,kasa,kenya,pomacanthidae,pomacanthus_chrysurus,#error!,4,1,16,18,NA,NA,NA,NA
2021-03-25,kas_02,kasa,kenya,pomacanthidae,apolemichthys_trimaculatus,#error!,4,1,11,13,NA,NA,NA,NA
2021-03-25,kas_02,kasa,kenya,pomacanthidae,centropyge_multispinis,#error!,5,8,6,8,NA,NA,NA,NA
2021-03-25,kas_02,kasa,kenya,pomacanthidae,pomacanthus_chrysurus,#error!,5,1,21,23,NA,NA,NA,NA
2021-11-18,ksm_01,kaya_similani,kenya,pomacanthidae,centropyge_multispinis,#error!,1,8,6,8,NA,NA,NA,NA
2022-11-16,kif_01,kifinge,tanzania,pomacanthidae,centropyge_multispinis,#error!,1,13,6,8,NA,NA,NA,NA
2022-11-16,kif_01,kifinge,tanzania,pomacanthidae,centropyge_multispinis,#error!,2,11,6,8,NA,NA,NA,NA
2022-11-16,kif_01,kifinge,tanzania,pomacanthidae,pomacanthus_imperator,#error!,2,1,16,18,NA,NA,NA,NA
2022-11-16,kif_01,kifinge,tanzania,pomacanthidae,centropyge_multispinis,#error!,3,3,6,8,NA,NA,NA,NA
2022-11-16,kif_02,kifinge,tanzania,pomacanthidae,centropyge_multispinis,#error!,4,5,6,8,NA,NA,NA,NA
2022-11-16,kif_02,kifinge,tanzania,pomacanthidae,pomacanthus_imperator,#error!,4,1,11,13,NA,NA,NA,NA
2022-11-16,kif_02,kifinge,tanzania,pomacanthidae,pomacanthus_imperator,#error!,4,1,16,18,NA,NA,NA,NA
2022-11-16,kif_02,kifinge,tanzania,pomacanthidae,pygoplites_diacanthus,#error!,4,1,16,18,NA,NA,NA,NA
2022-11-16,kif_02,kifinge,tanzania,pomacanthidae,centropyge_multispinis,#error!,5,10,6,8,NA,NA,NA,NA
2022-11-16,kif_02,kifinge,tanzania,pomacanthidae,pomacanthus_imperator,#error!,5,1,11,13,NA,NA,NA,NA
2022-11-16,kif_02,kifinge,tanzania,pomacanthidae,pomacanthus_imperator,#error!,5,1,16,18,NA,NA,NA,NA
2021-11-21,kkd_01,kikadini,kenya,pomacanthidae,centropyge_multispinis,#error!,1,10,6,8,NA,NA,NA,NA
2021-11-21,kkd_01,kikadini,kenya,pomacanthidae,centropyge_multispinis,#error!,2,5,6,8,NA,NA,NA,NA
2021-11-21,kkd_01,kikadini,kenya,pomacanthidae,centropyge_multispinis,#error!,3,2,6,8,NA,NA,NA,NA
2021-11-21,kkd_02,kikadini,kenya,pomacanthidae,centropyge_multispinis,#error!,4,5,6,8,NA,NA,NA,NA
2021-11-21,kkd_02,kikadini,kenya,pomacanthidae,centropyge_multispinis,#error!,5,3,6,8,NA,NA,NA,NA
2021-03-16,kiln_01,kilifi_north,kenya,pomacanthidae,centropyge_multispinis,#error!,1,8,6,8,NA,NA,NA,NA
2021-03-16,kiln_01,kilifi_north,kenya,pomacanthidae,centropyge_multispinis,#error!,2,7,6,8,NA,NA,NA,NA
2021-03-16,kiln_01,kilifi_north,kenya,pomacanthidae,apolemichthys_trimaculatus,#error!,2,1,11,13,NA,NA,NA,NA
2021-03-16,kiln_01,kilifi_north,kenya,pomacanthidae,centropyge_multispinis,#error!,3,4,6,8,NA,NA,NA,NA
2021-03-16,kiln_02,kilifi_north,kenya,pomacanthidae,centropyge_multispinis,#error!,4,12,6,8,NA,NA,NA,NA
2021-03-16,kiln_02,kilifi_north,kenya,pomacanthidae,centropyge_multispinis,#error!,5,6,6,8,NA,NA,NA,NA
2021-11-20,kmo_01,kinondo_makonde,kenya,pomacanthidae,centropyge_multispinis,#error!,1,5,6,8,NA,NA,NA,NA
2021-11-20,kmo_01,kinondo_makonde,kenya,pomacanthidae,pomacanthus_semicirculatus,#error!,1,1,26,28,NA,NA,NA,NA
2021-11-20,kmo_01,kinondo_makonde,kenya,pomacanthidae,pomacanthus_imperator,#error!,1,1,26,28,NA,NA,NA,NA
2021-11-20,kmo_01,kinondo_makonde,kenya,pomacanthidae,centropyge_multispinis,#error!,2,8,6,8,NA,NA,NA,NA
2021-11-20,kmo_01,kinondo_makonde,kenya,pomacanthidae,centropyge_multispinis,#error!,3,6,6,8,NA,NA,NA,NA
2021-11-20,kmo_02,kinondo_makonde,kenya,pomacanthidae,centropyge_multispinis,#error!,5,4,6,8,NA,NA,NA,NA
2022-03-05,knyo_01,kinyika_outer,kenya,pomacanthidae,centropyge_multispinis,#error!,2,2,6,8,NA,NA,NA,NA
2022-03-05,knyo_01,kinyika_outer,kenya,pomacanthidae,pomacanthus_imperator,#error!,3,1,21,23,NA,NA,NA,NA
2021-04-13,kse_01,kisite_east,kenya,pomacanthidae,pygoplites_diacanthus,#error!,1,2,11,13,NA,NA,NA,NA
2021-04-13,kse_01,kisite_east,kenya,pomacanthidae,centropyge_multispinis,#error!,1,5,6,8,NA,NA,NA,NA
2021-04-13,kse_01,kisite_east,kenya,pomacanthidae,pomacanthus_imperator,#error!,1,1,21,23,NA,NA,NA,NA
2021-04-13,kse_01,kisite_east,kenya,pomacanthidae,pomacanthus_semicirculatus,#error!,1,1,21,23,NA,NA,NA,NA
2021-04-13,kse_01,kisite_east,kenya,pomacanthidae,centropyge_multispinis,#error!,2,4,6,8,NA,NA,NA,NA
2021-04-13,kse_01,kisite_east,kenya,pomacanthidae,centropyge_multispinis,#error!,3,5,6,8,NA,NA,NA,NA
2021-04-13,kse_01,kisite_east,kenya,pomacanthidae,pomacanthus_imperator,#error!,3,1,26,28,NA,NA,NA,NA
2021-04-13,kse_01,kisite_east,kenya,pomacanthidae,pomacanthus_imperator,#error!,3,1,21,23,NA,NA,NA,NA
2021-04-13,kse_02,kisite_east,kenya,pomacanthidae,centropyge_multispinis,#error!,4,10,6,8,NA,NA,NA,NA
2021-04-13,kse_02,kisite_east,kenya,pomacanthidae,pomacanthus_imperator,#error!,4,1,11,13,NA,NA,NA,NA
2021-04-13,kse_02,kisite_east,kenya,pomacanthidae,centropyge_multispinis,#error!,5,15,6,8,NA,NA,NA,NA
2022-11-17,kik_01,kisiwa_kikubwa,tanzania,pomacanthidae,centropyge_multispinis,#error!,4,5,6,8,NA,NA,NA,NA
2022-11-17,kik_01,kisiwa_kikubwa,tanzania,pomacanthidae,centropyge_multispinis,#error!,5,5,6,8,NA,NA,NA,NA
2022-11-17,msu_01,kisiwa_kikubwa,tanzania,pomacanthidae,centropyge_multispinis,#error!,1,3,6,8,NA,NA,NA,NA
2022-11-17,msu_01,kisiwa_kikubwa,tanzania,pomacanthidae,pygoplites_diacanthus,#error!,1,2,11,13,NA,NA,NA,NA
2022-11-17,msu_01,kisiwa_kikubwa,tanzania,pomacanthidae,centropyge_multispinis,#error!,2,4,6,8,NA,NA,NA,NA
2022-11-17,msu_01,kisiwa_kikubwa,tanzania,pomacanthidae,centropyge_multispinis,#error!,3,5,6,8,NA,NA,NA,NA
2022-11-17,msu_01,kisiwa_kikubwa,tanzania,pomacanthidae,pygoplites_diacanthus,#error!,3,3,11,13,NA,NA,NA,NA
2022-11-20,kitin_01,kitutia_inner,tanzania,pomacanthidae,centropyge_multispinis,#error!,1,2,6,8,NA,NA,NA,NA
2022-11-20,kitin_01,kitutia_inner,tanzania,pomacanthidae,centropyge_multispinis,#error!,2,1,6,8,NA,NA,NA,NA
2022-11-20,kitin_02,kitutia_inner,tanzania,pomacanthidae,centropyge_multispinis,#error!,4,2,6,8,NA,NA,NA,NA
2022-11-21,kitout_01,kitutia_outer,tanzania,pomacanthidae,centropyge_multispinis,#error!,1,2,6,8,NA,NA,NA,NA
2022-11-21,kitout_01,kitutia_outer,tanzania,pomacanthidae,centropyge_multispinis,#error!,2,4,6,8,NA,NA,NA,NA
2022-11-21,kitout_02,kitutia_outer,tanzania,pomacanthidae,centropyge_multispinis,#error!,3,6,6,8,NA,NA,NA,NA
2022-11-21,kitout_02,kitutia_outer,tanzania,pomacanthidae,centropyge_multispinis,#error!,4,3,6,8,NA,NA,NA,NA
2019-11-16,kug_01,kokota_uvinje_gap,tanzania,pomacanthidae,centropyge_multispinis,#error!,1,3,6,8,NA,NA,NA,NA
2019-11-16,kug_01,kokota_uvinje_gap,tanzania,pomacanthidae,pygoplites_diacanthus,#error!,1,5,16,18,NA,NA,NA,NA
2019-11-16,kug_01,kokota_uvinje_gap,tanzania,pomacanthidae,centropyge_multispinis,#error!,2,4,6,8,NA,NA,NA,NA
2019-11-16,kug_01,kokota_uvinje_gap,tanzania,pomacanthidae,pygoplites_diacanthus,#error!,2,1,16,18,NA,NA,NA,NA
2019-11-16,kug_01,kokota_uvinje_gap,tanzania,pomacanthidae,pygoplites_diacanthus,#error!,2,1,11,13,NA,NA,NA,NA
2019-11-16,kug_01,kokota_uvinje_gap,tanzania,pomacanthidae,centropyge_multispinis,#error!,3,4,6,8,NA,NA,NA,NA
2019-11-16,kug_01,kokota_uvinje_gap,tanzania,pomacanthidae,pygoplites_diacanthus,#error!,3,1,11,13,NA,NA,NA,NA
2019-11-16,kug_01,kokota_uvinje_gap,tanzania,pomacanthidae,pygoplites_diacanthus,#error!,3,1,16,18,NA,NA,NA,NA
2019-11-16,kug_02,kokota_uvinje_gap,tanzania,pomacanthidae,centropyge_multispinis,#error!,4,16,6,8,NA,NA,NA,NA
2019-11-16,kug_02,kokota_uvinje_gap,tanzania,pomacanthidae,centropyge_multispinis,#error!,4,8,6,8,NA,NA,NA,NA
2019-11-16,kug_02,kokota_uvinje_gap,tanzania,pomacanthidae,centropyge_multispinis,#error!,5,10,6,8,NA,NA,NA,NA
2023-03-27,kui_01,kui,kenya,pomacanthidae,centropyge_multispinis,#error!,1,2,11,13,NA,NA,NA,NA
2021-03-24,lev_01,leven,kenya,pomacanthidae,centropyge_multispinis,#error!,1,4,6,8,NA,NA,NA,NA
2021-03-24,lev_01,leven,kenya,pomacanthidae,pomacanthus_chrysurus,#error!,1,1,16,18,NA,NA,NA,NA
2021-03-24,lev_01,leven,kenya,pomacanthidae,pomacanthus_semicirculatus,#error!,1,1,16,18,NA,NA,NA,NA
2021-03-24,lev_01,leven,kenya,pomacanthidae,centropyge_multispinis,#error!,2,6,11,13,NA,NA,NA,NA
2021-03-24,lev_01,leven,kenya,pomacanthidae,pomacanthus_semicirculatus,#error!,2,1,16,18,NA,NA,NA,NA
2021-03-24,lev_02,leven,kenya,pomacanthidae,centropyge_multispinis,#error!,4,4,6,8,NA,NA,NA,NA
2021-03-24,lev_02,leven,kenya,pomacanthidae,pomacanthus_semicirculatus,#error!,4,1,11,13,NA,NA,NA,NA
2022-10-27,lbb_01,lobster_bank,kenya,pomacanthidae,centropyge_multispinis,#error!,1,4,6,8,NA,NA,NA,NA
2022-10-27,lbb_01,lobster_bank,kenya,pomacanthidae,pomacanthus_imperator,#error!,1,2,21,23,NA,NA,NA,NA
2022-10-27,lbb_01,lobster_bank,kenya,pomacanthidae,pomacanthus_chrysurus,#error!,1,1,16,18,NA,NA,NA,NA
2022-10-27,lbb_01,lobster_bank,kenya,pomacanthidae,centropyge_multispinis,#error!,2,5,6,8,NA,NA,NA,NA
2022-10-27,lbb_01,lobster_bank,kenya,pomacanthidae,centropyge_multispinis,#error!,3,3,6,8,NA,NA,NA,NA
2022-10-27,lbb_02,lobster_bank,kenya,pomacanthidae,centropyge_multispinis,#error!,4,14,6,8,NA,NA,NA,NA
2022-10-27,lbb_02,lobster_bank,kenya,pomacanthidae,pomacanthus_chrysurus,#error!,4,1,21,23,NA,NA,NA,NA
2022-10-27,lbb_02,lobster_bank,kenya,pomacanthidae,pomacanthus_chrysurus,#error!,4,1,16,18,NA,NA,NA,NA
2022-10-27,lbb_02,lobster_bank,kenya,pomacanthidae,pomacanthus_imperator,#error!,4,1,21,23,NA,NA,NA,NA
2022-10-27,lbb_02,lobster_bank,kenya,pomacanthidae,pomacanthus_imperator,#error!,4,1,16,18,NA,NA,NA,NA
2022-10-27,lbb_02,lobster_bank,kenya,pomacanthidae,centropyge_multispinis,#error!,5,5,6,8,NA,NA,NA,NA
2022-10-27,lbb_02,lobster_bank,kenya,pomacanthidae,pomacanthus_semicirculatus,#error!,5,1,16,18,NA,NA,NA,NA
2021-04-14,lmp_01,lower_mpunguti,kenya,pomacanthidae,centropyge_multispinis,#error!,1,5,6,8,NA,NA,NA,NA
2021-04-14,lmp_01,lower_mpunguti,kenya,pomacanthidae,centropyge_multispinis,#error!,3,5,6,8,NA,NA,NA,NA
2023-02-19,mab_01,mabiyu,kenya,pomacanthidae,pomacanthus_semicirculatus,#error!,1,3,16,18,NA,NA,NA,NA
2023-02-19,mab_01,mabiyu,kenya,pomacanthidae,pomacanthus_semicirculatus,#error!,2,1,16,18,NA,NA,NA,NA
2023-02-19,mab_01,mabiyu,kenya,pomacanthidae,pomacanthus_semicirculatus,#error!,3,1,16,18,NA,NA,NA,NA
2021-11-19,mgd_01,magandia,kenya,pomacanthidae,centropyge_multispinis,#error!,1,2,6,8,NA,NA,NA,NA
2021-11-19,mgd_01,magandia,kenya,pomacanthidae,pomacanthus_semicirculatus,#error!,1,1,11,13,NA,NA,NA,NA
2021-11-19,mgd_01,magandia,kenya,pomacanthidae,centropyge_multispinis,#error!,3,1,6,8,NA,NA,NA,NA
2021-11-19,mgd_02,magandia,kenya,pomacanthidae,centropyge_multispinis,#error!,4,3,11,13,NA,NA,NA,NA
2021-11-19,mgd_02,magandia,kenya,pomacanthidae,pomacanthus_semicirculatus,#error!,4,1,21,23,NA,NA,NA,NA
2021-11-19,mgd_02,magandia,kenya,pomacanthidae,centropyge_multispinis,#error!,5,3,6,8,NA,NA,NA,NA
2023-03-26,mgl_01,magulugulu,kenya,pomacanthidae,centropyge_multispinis,#error!,1,1,11,13,NA,NA,NA,NA
2023-03-26,mgl_01,magulugulu,kenya,pomacanthidae,pomacanthus_semicirculatus,#error!,2,1,16,18,NA,NA,NA,NA
2021-04-12,mkk_01,makokokwe,kenya,pomacanthidae,centropyge_multispinis,#error!,1,2,6,8,NA,NA,NA,NA
2021-04-12,mkk_01,makokokwe,kenya,pomacanthidae,pygoplites_diacanthus,#error!,1,1,11,13,NA,NA,NA,NA
2021-04-12,mkk_01,makokokwe,kenya,pomacanthidae,pygoplites_diacanthus,#error!,1,1,21,23,NA,NA,NA,NA
2021-04-12,mkk_01,makokokwe,kenya,pomacanthidae,centropyge_multispinis,#error!,2,2,6,8,NA,NA,NA,NA
2021-04-12,mkk_01,makokokwe,kenya,pomacanthidae,pygoplites_diacanthus,#error!,2,1,11,13,NA,NA,NA,NA
2021-04-12,mkk_01,makokokwe,kenya,pomacanthidae,pygoplites_diacanthus,#error!,3,3,16,18,NA,NA,NA,NA
2021-04-12,mkk_02,makokokwe,kenya,pomacanthidae,centropyge_multispinis,#error!,4,1,11,13,NA,NA,NA,NA
2021-04-12,mkk_02,makokokwe,kenya,pomacanthidae,pygoplites_diacanthus,#error!,4,3,11,13,NA,NA,NA,NA
2021-04-12,mkk_02,makokokwe,kenya,pomacanthidae,centropyge_multispinis,#error!,5,1,6,8,NA,NA,NA,NA
2021-04-12,mkk_02,makokokwe,kenya,pomacanthidae,pygoplites_diacanthus,#error!,5,2,11,13,NA,NA,NA,NA
2022-09-13,male_03,male,comoros,pomacanthidae,apolemichthys_trimaculatus,#error!,1,2,21,23,NA,NA,NA,NA
2022-09-13,male_03,male,comoros,pomacanthidae,centropyge_multispinis,#error!,1,6,6,8,NA,NA,NA,NA
2022-09-13,male_03,male,comoros,pomacanthidae,centropyge_multispinis,#error!,2,3,6,8,NA,NA,NA,NA
2022-09-13,male_03,male,comoros,pomacanthidae,pygoplites_diacanthus,#error!,2,1,16,18,NA,NA,NA,NA
2022-09-13,male_03,male,comoros,pomacanthidae,pomacanthus_imperator,#error!,2,1,21,23,NA,NA,NA,NA
2022-09-13,male_04,male,comoros,pomacanthidae,centropyge_multispinis,#error!,3,4,6,8,NA,NA,NA,NA
2022-09-13,male_04,male,comoros,pomacanthidae,pomacanthus_imperator,#error!,3,2,21,23,NA,NA,NA,NA
2022-09-13,male_04,male,comoros,pomacanthidae,pomacanthus_imperator,#error!,4,1,16,18,NA,NA,NA,NA
2022-09-13,male_04,male,comoros,pomacanthidae,pygoplites_diacanthus,#error!,4,1,16,18,NA,NA,NA,NA
2022-09-13,male_04,male,comoros,pomacanthidae,centropyge_multispinis,#error!,5,4,6,8,NA,NA,NA,NA
2022-09-13,male_04,male,comoros,pomacanthidae,pomacanthus_imperator,#error!,5,1,16,18,NA,NA,NA,NA
2022-09-13,male_04,male,comoros,pomacanthidae,pomacanthus_imperator,#error!,5,2,21,23,NA,NA,NA,NA
2021-03-31,mlcg_02,malindi_coral_garden,kenya,pomacanthidae,pomacanthus_chrysurus,#error!,1,1,11,13,NA,NA,NA,NA
2021-03-31,mlcg_02,malindi_coral_garden,kenya,pomacanthidae,pomacanthus_semicirculatus,#error!,1,1,16,18,NA,NA,NA,NA
2021-03-31,mlcg_02,malindi_coral_garden,kenya,pomacanthidae,centropyge_multispinis,#error!,2,2,6,8,NA,NA,NA,NA
2021-03-31,mlcg_02,malindi_coral_garden,kenya,pomacanthidae,pomacanthus_semicirculatus,#error!,3,1,11,13,NA,NA,NA,NA
2021-03-31,mlcg_02,malindi_coral_garden,kenya,pomacanthidae,pomacanthus_semicirculatus,#error!,3,1,21,23,NA,NA,NA,NA
2023-02-21,mat_01,manda_toto,kenya,pomacanthidae,pomacanthus_semicirculatus,#error!,3,5,11,13,NA,NA,NA,NA
2019-11-12,man_01,mandela,tanzania,pomacanthidae,centropyge_multispinis,#error!,1,3,6,8,NA,NA,NA,NA
2019-11-12,man_01,mandela,tanzania,pomacanthidae,pygoplites_diacanthus,#error!,1,3,11,13,NA,NA,NA,NA
2019-11-12,man_01,mandela,tanzania,pomacanthidae,pygoplites_diacanthus,#error!,1,1,16,18,NA,NA,NA,NA
2019-11-12,man_01,mandela,tanzania,pomacanthidae,centropyge_multispinis,#error!,2,5,6,8,NA,NA,NA,NA
2019-11-12,man_01,mandela,tanzania,pomacanthidae,pygoplites_diacanthus,#error!,2,3,11,13,NA,NA,NA,NA
2019-11-12,man_01,mandela,tanzania,pomacanthidae,pygoplites_diacanthus,#error!,2,1,16,18,NA,NA,NA,NA
2019-11-12,man_01,mandela,tanzania,pomacanthidae,centropyge_multispinis,#error!,3,6,6,8,NA,NA,NA,NA
2019-11-12,man_01,mandela,tanzania,pomacanthidae,pygoplites_diacanthus,#error!,3,1,16,18,NA,NA,NA,NA
2019-11-12,man_02,mandela,tanzania,pomacanthidae,centropyge_multispinis,#error!,4,11,6,8,NA,NA,NA,NA
2019-11-12,man_02,mandela,tanzania,pomacanthidae,pygoplites_diacanthus,#error!,4,1,11,13,NA,NA,NA,NA
2022-11-15,mgein_01,mange_inner,tanzania,pomacanthidae,centropyge_multispinis,#error!,1,3,6,8,NA,NA,NA,NA
2022-11-15,mgein_01,mange_inner,tanzania,pomacanthidae,centropyge_multispinis,#error!,2,2,6,8,NA,NA,NA,NA
2022-11-15,mgein_01,mange_inner,tanzania,pomacanthidae,centropyge_multispinis,#error!,3,5,6,8,NA,NA,NA,NA
2022-11-15,mgein_02,mange_inner,tanzania,pomacanthidae,centropyge_multispinis,#error!,5,3,6,8,NA,NA,NA,NA
2022-11-22,mgeout_01,mange_outer,tanzania,pomacanthidae,centropyge_multispinis,#error!,2,2,6,8,NA,NA,NA,NA
2022-11-22,mgeout_01,mange_outer,tanzania,pomacanthidae,centropyge_multispinis,#error!,3,2,6,8,NA,NA,NA,NA
2022-11-22,mgeout_02,mange_outer,tanzania,pomacanthidae,centropyge_multispinis,#error!,5,2,6,8,NA,NA,NA,NA
2022-10-19,mps_02,mapasi,kenya,pomacanthidae,centropyge_multispinis,#error!,4,2,6,8,NA,NA,NA,NA
2022-10-19,mps_01,mapasi,kenya,pomacanthidae,centropyge_multispinis,#error!,1,3,6,8,NA,NA,NA,NA
2022-10-19,mps_01,mapasi,kenya,pomacanthidae,centropyge_multispinis,#error!,2,5,6,8,NA,NA,NA,NA
2018-10-07,gc_a_p_sc07,mbachile_napabo,comoros,pomacanthidae,centropyge_multispinis,#error!,1,6,6,8,NA,NA,NA,NA
2018-10-07,gc_a_p_sc07,mbachile_napabo,comoros,pomacanthidae,pomacanthus_imperator,#error!,1,2,16,18,NA,NA,NA,NA
2018-10-07,gc_a_p_sc07,mbachile_napabo,comoros,pomacanthidae,apolemichthys_trimaculatus,#error!,1,1,11,13,NA,NA,NA,NA
2018-10-07,gc_a_p_sc07,mbachile_napabo,comoros,pomacanthidae,centropyge_multispinis,#error!,2,5,6,8,NA,NA,NA,NA
2018-10-07,gc_a_p_sc07,mbachile_napabo,comoros,pomacanthidae,pomacanthus_imperator,#error!,2,1,16,18,NA,NA,NA,NA
2018-10-07,gc_a_p_sc07,mbachile_napabo,comoros,pomacanthidae,centropyge_bispinosa,#error!,3,2,6,8,NA,NA,NA,NA
2018-10-07,gc_a_p_sc07,mbachile_napabo,comoros,pomacanthidae,centropyge_multispinis,#error!,3,5,6,8,NA,NA,NA,NA
2018-10-07,gc_a_p_sc07,mbachile_napabo,comoros,pomacanthidae,apolemichthys_trimaculatus,#error!,3,1,16,18,NA,NA,NA,NA
2018-10-08,gc_a_p_sc08,mbachile_napabo,comoros,pomacanthidae,centropyge_acanthops,#error!,4,9,6,8,NA,NA,NA,NA
2018-10-08,gc_a_p_sc08,mbachile_napabo,comoros,pomacanthidae,centropyge_multispinis,#error!,4,24,6,8,NA,NA,NA,NA
2018-10-08,gc_a_p_sc08,mbachile_napabo,comoros,pomacanthidae,centropyge_bispinosa,#error!,4,4,6,8,NA,NA,NA,NA
2018-10-08,gc_a_p_sc08,mbachile_napabo,comoros,pomacanthidae,centropyge_multispinis,#error!,5,13,6,8,NA,NA,NA,NA
2018-10-08,gc_a_p_sc08,mbachile_napabo,comoros,pomacanthidae,pomacanthus_imperator,#error!,5,1,11,13,NA,NA,NA,NA
2018-10-08,gc_a_p_sc08,mbachile_napabo,comoros,pomacanthidae,centropyge_multispinis,#error!,6,9,6,8,NA,NA,NA,NA
2018-10-08,gc_a_p_sc08,mbachile_napabo,comoros,pomacanthidae,centropyge_bispinosa,#error!,6,1,6,8,NA,NA,NA,NA
2018-10-08,gc_a_p_sc08,mbachile_napabo,comoros,pomacanthidae,apolemichthys_trimaculatus,#error!,6,1,11,13,NA,NA,NA,NA
2022-04-02,mbo_01,mboe,kenya,pomacanthidae,centropyge_multispinis,#error!,2,2,6,8,NA,NA,NA,NA
2022-04-02,mbo_01,mboe,kenya,pomacanthidae,centropyge_multispinis,#error!,3,1,6,8,NA,NA,NA,NA
2022-04-02,mbo_02,mboe,kenya,pomacanthidae,centropyge_multispinis,#error!,4,4,6,8,NA,NA,NA,NA
2022-04-02,mbo_02,mboe,kenya,pomacanthidae,centropyge_multispinis,#error!,5,4,6,8,NA,NA,NA,NA
2022-04-05,mek_01,mekka,kenya,pomacanthidae,centropyge_acanthops,#error!,1,3,6,8,NA,NA,NA,NA
2022-04-05,mek_01,mekka,kenya,pomacanthidae,centropyge_multispinis,#error!,1,8,6,8,NA,NA,NA,NA
2022-04-05,mek_01,mekka,kenya,pomacanthidae,centropyge_multispinis,#error!,2,14,6,8,NA,NA,NA,NA
2022-04-05,mek_01,mekka,kenya,pomacanthidae,pomacanthus_semicirculatus,#error!,2,1,11,13,NA,NA,NA,NA
2022-04-05,mek_01,mekka,kenya,pomacanthidae,centropyge_multispinis,#error!,3,1,6,8,NA,NA,NA,NA
2022-04-05,mek_02,mekka,kenya,pomacanthidae,centropyge_multispinis,#error!,4,6,6,8,NA,NA,NA,NA
2022-04-05,mek_02,mekka,kenya,pomacanthidae,centropyge_acanthops,#error!,4,8,6,8,NA,NA,NA,NA
2022-04-05,mek_02,mekka,kenya,pomacanthidae,centropyge_multispinis,#error!,5,2,6,8,NA,NA,NA,NA
2022-04-05,mek_02,mekka,kenya,pomacanthidae,centropyge_acanthops,#error!,5,3,6,8,NA,NA,NA,NA
2022-09-10,mimo_01,memboiboini,comoros,pomacanthidae,pygoplites_diacanthus,#error!,1,2,16,18,NA,NA,NA,NA
2022-09-10,mimo_01,memboiboini,comoros,pomacanthidae,pomacanthus_chrysurus,#error!,1,1,21,23,NA,NA,NA,NA
2022-09-10,mimo_02,memboiboini,comoros,pomacanthidae,pygoplites_diacanthus,#error!,2,1,16,18,NA,NA,NA,NA
2022-09-10,mimo_02,memboiboini,comoros,pomacanthidae,centropyge_multispinis,#error!,3,3,6,8,NA,NA,NA,NA
2022-09-10,mimo_02,memboiboini,comoros,pomacanthidae,centropyge_acanthops,#error!,4,2,6,8,NA,NA,NA,NA
2023-02-14,miko_01,mikes_outer,kenya,pomacanthidae,pomacanthus_semicirculatus,#error!,1,1,16,18,NA,NA,NA,NA
2023-02-14,miko_02,mikes_outer,kenya,pomacanthidae,pomacanthus_semicirculatus,#error!,4,1,11,13,NA,NA,NA,NA
2018-10-11,mw_d_p_sc13,mirereni,comoros,pomacanthidae,centropyge_multispinis,#error!,1,13,6,8,NA,NA,NA,NA
2018-10-11,mw_d_p_sc13,mirereni,comoros,pomacanthidae,pygoplites_diacanthus,#error!,1,5,16,18,NA,NA,NA,NA
2018-10-11,mw_d_p_sc13,mirereni,comoros,pomacanthidae,pygoplites_diacanthus,#error!,1,3,11,13,NA,NA,NA,NA
2018-10-11,mw_d_p_sc13,mirereni,comoros,pomacanthidae,pomacanthus_imperator,#error!,1,1,21,23,NA,NA,NA,NA
2018-10-11,mw_d_p_sc13,mirereni,comoros,pomacanthidae,centropyge_multispinis,#error!,2,7,6,8,NA,NA,NA,NA
2018-10-11,mw_d_p_sc13,mirereni,comoros,pomacanthidae,pygoplites_diacanthus,#error!,2,1,11,13,NA,NA,NA,NA
2018-10-11,mw_d_p_sc13,mirereni,comoros,pomacanthidae,pomacanthus_imperator,#error!,2,1,16,18,NA,NA,NA,NA
2018-10-12,mw_d_p_sc14,mirereni,comoros,pomacanthidae,centropyge_multispinis,#error!,3,2,6,8,NA,NA,NA,NA
2018-10-12,mw_d_p_sc14,mirereni,comoros,pomacanthidae,pygoplites_diacanthus,#error!,3,2,16,18,NA,NA,NA,NA
2018-10-12,mw_d_p_sc14,mirereni,comoros,pomacanthidae,pygoplites_diacanthus,#error!,3,1,21,23,NA,NA,NA,NA
2018-10-12,mw_d_p_sc14,mirereni,comoros,pomacanthidae,pygoplites_diacanthus,#error!,3,1,11,13,NA,NA,NA,NA
2018-10-12,mw_d_p_sc14,mirereni,comoros,pomacanthidae,centropyge_multispinis,#error!,4,9,6,8,NA,NA,NA,NA
2018-10-12,mw_d_p_sc14,mirereni,comoros,pomacanthidae,pygoplites_diacanthus,#error!,4,2,16,18,NA,NA,NA,NA
2018-10-12,mw_d_p_sc14,mirereni,comoros,pomacanthidae,pygoplites_diacanthus,#error!,5,1,26,28,NA,NA,NA,NA
2018-10-12,mw_d_p_sc14,mirereni,comoros,pomacanthidae,pygoplites_diacanthus,#error!,5,1,21,23,NA,NA,NA,NA
2018-10-12,mw_d_p_sc14,mirereni,comoros,pomacanthidae,pygoplites_diacanthus,#error!,5,2,16,18,NA,NA,NA,NA
2018-10-13,mw_b_p_sc15,miringoni,comoros,pomacanthidae,centropyge_multispinis,#error!,1,4,6,8,NA,NA,NA,NA
2018-10-13,mw_b_p_sc15,miringoni,comoros,pomacanthidae,pygoplites_diacanthus,#error!,1,2,16,18,NA,NA,NA,NA
2018-10-13,mw_b_p_sc15,miringoni,comoros,pomacanthidae,centropyge_multispinis,#error!,2,8,6,8,NA,NA,NA,NA
2018-10-13,mw_b_p_sc15,miringoni,comoros,pomacanthidae,centropyge_multispinis,#error!,3,4,6,8,NA,NA,NA,NA
2018-10-13,mw_b_p_sc15,miringoni,comoros,pomacanthidae,pygoplites_diacanthus,#error!,3,1,11,13,NA,NA,NA,NA
2018-10-14,mw_b_p_sc18,miringoni,comoros,pomacanthidae,centropyge_multispinis,#error!,4,1,6,8,NA,NA,NA,NA
2018-10-14,mw_b_p_sc18,miringoni,comoros,pomacanthidae,centropyge_multispinis,#error!,5,4,6,8,NA,NA,NA,NA
2018-10-14,mw_b_p_sc18,miringoni,comoros,pomacanthidae,pygoplites_diacanthus,#error!,5,1,16,18,NA,NA,NA,NA
2018-10-14,mw_b_p_sc18,miringoni,comoros,pomacanthidae,centropyge_multispinis,#error!,6,1,6,8,NA,NA,NA,NA
2019-11-10,mis_01,misali,tanzania,pomacanthidae,pygoplites_diacanthus,#error!,1,2,16,18,NA,NA,NA,NA
2019-11-10,mis_01,misali,tanzania,pomacanthidae,pygoplites_diacanthus,#error!,2,1,11,13,NA,NA,NA,NA
2019-11-10,mis_02,misali,tanzania,pomacanthidae,centropyge_multispinis,#error!,4,11,6,8,NA,NA,NA,NA
2019-11-10,mis_02,misali,tanzania,pomacanthidae,centropyge_bispinosa,#error!,4,1,6,8,NA,NA,NA,NA
2019-11-10,mis_02,misali,tanzania,pomacanthidae,pygoplites_diacanthus,#error!,4,2,16,18,NA,NA,NA,NA
2019-11-10,mis_02,misali,tanzania,pomacanthidae,centropyge_multispinis,#error!,5,4,6,8,NA,NA,NA,NA
2019-11-10,mis_02,misali,tanzania,pomacanthidae,pygoplites_diacanthus,#error!,5,1,11,13,NA,NA,NA,NA
2018-10-05,gc_a_p_sc05,mitsamiouli,comoros,pomacanthidae,centropyge_bispinosa,#error!,1,1,6,8,NA,NA,NA,NA
2018-10-05,gc_a_p_sc05,mitsamiouli,comoros,pomacanthidae,centropyge_multispinis,#error!,1,7,6,8,NA,NA,NA,NA
2018-10-05,gc_a_p_sc05,mitsamiouli,comoros,pomacanthidae,centropyge_bispinosa,#error!,2,1,6,8,NA,NA,NA,NA
2018-10-05,gc_a_p_sc05,mitsamiouli,comoros,pomacanthidae,centropyge_multispinis,#error!,2,4,6,8,NA,NA,NA,NA
2018-10-05,gc_a_p_sc05,mitsamiouli,comoros,pomacanthidae,apolemichthys_trimaculatus,#error!,2,2,11,13,NA,NA,NA,NA
2018-10-05,gc_a_p_sc05,mitsamiouli,comoros,pomacanthidae,centropyge_multispinis,#error!,3,5,6,8,NA,NA,NA,NA
2018-10-06,gc_a_p_sc06,mitsamiouli,comoros,pomacanthidae,centropyge_bispinosa,#error!,4,6,6,8,NA,NA,NA,NA
2018-10-06,gc_a_p_sc06,mitsamiouli,comoros,pomacanthidae,centropyge_multispinis,#error!,4,1,6,8,NA,NA,NA,NA
2018-10-06,gc_a_p_sc06,mitsamiouli,comoros,pomacanthidae,pygoplites_diacanthus,#error!,4,2,16,18,NA,NA,NA,NA
2018-10-06,gc_a_p_sc06,mitsamiouli,comoros,pomacanthidae,pomacanthus_imperator,#error!,4,1,16,18,NA,NA,NA,NA
2018-10-06,gc_a_p_sc06,mitsamiouli,comoros,pomacanthidae,centropyge_bispinosa,#error!,5,1,6,8,NA,NA,NA,NA
2018-10-06,gc_a_p_sc06,mitsamiouli,comoros,pomacanthidae,centropyge_multispinis,#error!,5,2,6,8,NA,NA,NA,NA
2018-10-06,gc_a_p_sc06,mitsamiouli,comoros,pomacanthidae,centropyge_multispinis,#error!,6,1,6,8,NA,NA,NA,NA
2023-11-01,mitsam2,mitsamiouli,comoros,pomacanthidae,centropyge_multispinis,#error!,1,3,6,8,NA,NA,NA,NA
2023-11-01,mitsam2,mitsamiouli,comoros,pomacanthidae,centropyge_multispinis,#error!,2,5,6,8,NA,NA,NA,NA
2023-11-01,mitsam2,mitsamiouli,comoros,pomacanthidae,centropyge_acanthops,#error!,2,2,6,8,NA,NA,NA,NA
2023-11-01,mitsam3,mitsamiouli,comoros,pomacanthidae,centropyge_multispinis,#error!,3,6,6,8,NA,NA,NA,NA
2023-11-01,mitsam3,mitsamiouli,comoros,pomacanthidae,pygoplites_diacanthus,#error!,3,1,11,13,NA,NA,NA,NA
2023-11-01,mitsam3,mitsamiouli,comoros,pomacanthidae,centropyge_multispinis,#error!,4,1,6,8,NA,NA,NA,NA
2023-11-01,mitsam3,mitsamiouli,comoros,pomacanthidae,centropyge_acanthops,#error!,4,2,6,8,NA,NA,NA,NA
2022-10-18,mjk_01,mji_wa_kale,kenya,pomacanthidae,centropyge_multispinis,#error!,4,4,6,8,NA,NA,NA,NA
2022-10-18,mjk_01,mji_wa_kale,kenya,pomacanthidae,centropyge_multispinis,#error!,5,3,6,8,NA,NA,NA,NA
2022-10-18,mjk_02,mji_wa_kale,kenya,pomacanthidae,centropyge_multispinis,#error!,1,5,6,8,NA,NA,NA,NA
2022-10-18,mjk_02,mji_wa_kale,kenya,pomacanthidae,centropyge_multispinis,#error!,2,5,6,8,NA,NA,NA,NA
2022-04-01,mli_01,mliani,kenya,pomacanthidae,centropyge_multispinis,#error!,1,1,6,8,NA,NA,NA,NA
2022-04-01,mli_01,mliani,kenya,pomacanthidae,centropyge_multispinis,#error!,2,5,6,8,NA,NA,NA,NA
2022-04-01,mli_01,mliani,kenya,pomacanthidae,centropyge_multispinis,#error!,3,1,6,8,NA,NA,NA,NA
2022-04-01,mli_02,mliani,kenya,pomacanthidae,centropyge_multispinis,#error!,4,1,6,8,NA,NA,NA,NA
2022-10-28,mbcg_01,mombasa_coral_garden,kenya,pomacanthidae,centropyge_multispinis,#error!,1,1,6,8,NA,NA,NA,NA
2022-10-28,mbcg_01,mombasa_coral_garden,kenya,pomacanthidae,pomacanthus_semicirculatus,#error!,1,1,16,18,NA,NA,NA,NA
2021-03-18,mor_01,moray,kenya,pomacanthidae,pomacanthus_chrysurus,#error!,1,1,21,23,NA,NA,NA,NA
2021-03-18,mor_01,moray,kenya,pomacanthidae,centropyge_multispinis,#error!,1,1,16,18,NA,NA,NA,NA
2021-03-18,mor_01,moray,kenya,pomacanthidae,centropyge_multispinis,#error!,2,20,6,8,NA,NA,NA,NA
2021-03-18,mor_01,moray,kenya,pomacanthidae,pomacanthus_imperator,#error!,2,1,21,23,NA,NA,NA,NA
2021-03-18,mor_01,moray,kenya,pomacanthidae,apolemichthys_trimaculatus,#error!,2,1,11,13,NA,NA,NA,NA
2021-03-18,mor_01,moray,kenya,pomacanthidae,pomacanthus_semicirculatus,#error!,2,1,11,13,NA,NA,NA,NA
2021-03-18,mor_01,moray,kenya,pomacanthidae,pomacanthus_chrysurus,#error!,3,1,26,28,NA,NA,NA,NA
2021-03-18,mor_01,moray,kenya,pomacanthidae,centropyge_multispinis,#error!,3,9,6,8,NA,NA,NA,NA
2021-03-18,mor_02,moray,kenya,pomacanthidae,centropyge_multispinis,#error!,4,15,6,8,NA,NA,NA,NA
2021-03-18,mor_02,moray,kenya,pomacanthidae,pomacanthus_imperator,#error!,4,1,11,13,NA,NA,NA,NA
2021-03-18,mor_02,moray,kenya,pomacanthidae,pomacanthus_imperator,#error!,4,1,16,18,NA,NA,NA,NA
2021-03-18,mor_02,moray,kenya,pomacanthidae,apolemichthys_trimaculatus,#error!,4,1,11,13,NA,NA,NA,NA
2021-03-18,mor_02,moray,kenya,pomacanthidae,centropyge_multispinis,#error!,5,20,6,8,NA,NA,NA,NA
2021-03-18,mor_02,moray,kenya,pomacanthidae,pomacanthus_imperator,#error!,5,1,11,13,NA,NA,NA,NA
2020-11-24,mrd_01,mradi_tengefu,kenya,pomacanthidae,centropyge_multispinis,#error!,1,2,11,13,NA,NA,NA,NA
2020-11-24,mrd_01,mradi_tengefu,kenya,pomacanthidae,pomacanthus_semicirculatus,#error!,2,1,16,18,NA,NA,NA,NA
2020-11-24,mrd_01,mradi_tengefu,kenya,pomacanthidae,centropyge_multispinis,#error!,3,1,6,8,NA,NA,NA,NA
2020-11-24,mrd_01,mradi_tengefu,kenya,pomacanthidae,centropyge_multispinis,#error!,4,1,6,8,NA,NA,NA,NA
2020-11-24,mrd_01,mradi_tengefu,kenya,pomacanthidae,centropyge_multispinis,#error!,5,1,6,8,NA,NA,NA,NA
2023-03-20,mhd_01,muhindi,kenya,pomacanthidae,pomacanthus_semicirculatus,#error!,1,1,16,18,NA,NA,NA,NA
2023-03-20,mhd_01,muhindi,kenya,pomacanthidae,pomacanthus_semicirculatus,#error!,2,1,11,13,NA,NA,NA,NA
2023-03-20,mhd_01,muhindi,kenya,pomacanthidae,pomacanthus_chrysurus,#error!,2,1,16,18,NA,NA,NA,NA
2021-11-16,mvu_01,mvureni,kenya,pomacanthidae,centropyge_multispinis,#error!,1,8,6,8,NA,NA,NA,NA
2021-11-16,mvu_01,mvureni,kenya,pomacanthidae,pomacanthus_semicirculatus,#error!,1,2,16,18,NA,NA,NA,NA
2021-11-16,mvu_01,mvureni,kenya,pomacanthidae,centropyge_multispinis,#error!,2,12,6,8,NA,NA,NA,NA
2022-04-03,mwk_01,mwakinyavu,kenya,pomacanthidae,centropyge_multispinis,#error!,1,2,6,8,NA,NA,NA,NA
2022-04-03,mwk_01,mwakinyavu,kenya,pomacanthidae,pomacanthus_imperator,#error!,1,1,21,23,NA,NA,NA,NA
2022-04-03,mwk_01,mwakinyavu,kenya,pomacanthidae,centropyge_multispinis,#error!,2,2,6,8,NA,NA,NA,NA
2022-04-03,mwk_01,mwakinyavu,kenya,pomacanthidae,pomacanthus_imperator,#error!,2,1,16,18,NA,NA,NA,NA
2022-04-03,mwk_01,mwakinyavu,kenya,pomacanthidae,centropyge_multispinis,#error!,3,3,6,8,NA,NA,NA,NA
2022-04-03,mwk_02,mwakinyavu,kenya,pomacanthidae,centropyge_multispinis,#error!,4,4,6,8,NA,NA,NA,NA
2023-03-25,mwm_01,mwamba_mkuu,kenya,pomacanthidae,pomacanthus_semicirculatus,#error!,2,2,21,23,NA,NA,NA,NA
2023-02-12,mwy_01,mwamba_yee,kenya,pomacanthidae,centropyge_multispinis,#error!,1,1,6,8,NA,NA,NA,NA
2023-02-12,mwy_01,mwamba_yee,kenya,pomacanthidae,centropyge_multispinis,#error!,2,3,6,8,NA,NA,NA,NA
2023-02-12,mwy_01,mwamba_yee,kenya,pomacanthidae,centropyge_acanthops,#error!,2,1,6,8,NA,NA,NA,NA
2023-02-12,mwy_01,mwamba_yee,kenya,pomacanthidae,centropyge_multispinis,#error!,3,4,6,8,NA,NA,NA,NA
2023-02-12,mwy_01,mwamba_yee,kenya,pomacanthidae,pomacanthus_semicirculatus,#error!,3,2,11,13,NA,NA,NA,NA
2023-11-04,ndje_01,ndjelezi,comoros,pomacanthidae,centropyge_multispinis,#error!,1,9,6,8,NA,NA,NA,NA
2023-11-04,ndje_01,ndjelezi,comoros,pomacanthidae,centropyge_bispinosa,#error!,1,3,6,8,NA,NA,NA,NA
2023-11-04,ndje_01,ndjelezi,comoros,pomacanthidae,centropyge_multispinis,#error!,2,7,6,8,NA,NA,NA,NA
2023-11-04,ndje_01,ndjelezi,comoros,pomacanthidae,centropyge_bispinosa,#error!,2,1,6,8,NA,NA,NA,NA
2023-11-04,ndje_02,ndjelezi,comoros,pomacanthidae,centropyge_multispinis,#error!,4,12,6,8,NA,NA,NA,NA
2022-09-06,ndro_01,ndroude,comoros,pomacanthidae,pygoplites_diacanthus,#error!,1,1,16,18,NA,NA,NA,NA
2022-09-06,ndro_01,ndroude,comoros,pomacanthidae,pomacanthus_semicirculatus,#error!,2,1,31,33,NA,NA,NA,NA
2022-09-06,ndro_02,ndroude,comoros,pomacanthidae,centropyge_multispinis,#error!,3,3,6,8,NA,NA,NA,NA
2022-09-06,ndro_02,ndroude,comoros,pomacanthidae,centropyge_multispinis,#error!,4,3,6,8,NA,NA,NA,NA
2022-09-06,ndro_02,ndroude,comoros,pomacanthidae,centropyge_multispinis,#error!,5,4,6,8,NA,NA,NA,NA
2022-09-06,ndro_02,ndroude,comoros,pomacanthidae,apolemichthys_trimaculatus,#error!,5,1,26,28,NA,NA,NA,NA
2022-09-06,ndro_02,ndroude,comoros,pomacanthidae,pygoplites_diacanthus,#error!,5,1,16,18,NA,NA,NA,NA
2022-09-06,ndro_02,ndroude,comoros,pomacanthidae,pygoplites_diacanthus,#error!,5,1,21,23,NA,NA,NA,NA
2022-10-17,ngm_02,ngomani,kenya,pomacanthidae,centropyge_multispinis,#error!,5,1,11,13,NA,NA,NA,NA
2019-11-09,njc_01,njao_coral_garden,tanzania,pomacanthidae,centropyge_multispinis,#error!,1,5,6,8,NA,NA,NA,NA
2019-11-09,njc_01,njao_coral_garden,tanzania,pomacanthidae,pygoplites_diacanthus,#error!,1,2,11,13,NA,NA,NA,NA
2019-11-09,njc_01,njao_coral_garden,tanzania,pomacanthidae,centropyge_multispinis,#error!,2,8,6,8,NA,NA,NA,NA
2019-11-09,njc_02,njao_coral_garden,tanzania,pomacanthidae,centropyge_multispinis,#error!,3,5,6,8,NA,NA,NA,NA
2019-11-09,njc_02,njao_coral_garden,tanzania,pomacanthidae,pygoplites_diacanthus,#error!,3,1,11,13,NA,NA,NA,NA
2019-11-09,njc_02,njao_coral_garden,tanzania,pomacanthidae,centropyge_multispinis,#error!,4,6,6,8,NA,NA,NA,NA
2019-11-09,njc_02,njao_coral_garden,tanzania,pomacanthidae,centropyge_multispinis,#error!,5,5,6,8,NA,NA,NA,NA
2019-11-06,njg_01,njao_gap,tanzania,pomacanthidae,centropyge_multispinis,#error!,1,5,6,8,NA,NA,NA,NA
2019-11-06,njg_01,njao_gap,tanzania,pomacanthidae,pygoplites_diacanthus,#error!,1,1,16,18,NA,NA,NA,NA
2019-11-06,njg_01,njao_gap,tanzania,pomacanthidae,centropyge_multispinis,#error!,2,6,6,8,NA,NA,NA,NA
2019-11-06,njg_01,njao_gap,tanzania,pomacanthidae,apolemichthys_trimaculatus,#error!,2,2,11,13,NA,NA,NA,NA
2019-11-06,njg_01,njao_gap,tanzania,pomacanthidae,centropyge_multispinis,#error!,3,6,6,8,NA,NA,NA,NA
2019-11-06,njg_01,njao_gap,tanzania,pomacanthidae,pygoplites_diacanthus,#error!,3,1,11,13,NA,NA,NA,NA
2021-03-30,nor_01,north_reef,kenya,pomacanthidae,centropyge_multispinis,#error!,1,7,6,8,NA,NA,NA,NA
2021-03-30,nor_01,north_reef,kenya,pomacanthidae,pomacanthus_semicirculatus,#error!,1,1,21,23,NA,NA,NA,NA
2021-03-30,nor_01,north_reef,kenya,pomacanthidae,pomacanthus_semicirculatus,#error!,1,1,11,13,NA,NA,NA,NA
2021-03-30,nor_01,north_reef,kenya,pomacanthidae,pomacanthus_chrysurus,#error!,2,1,21,23,NA,NA,NA,NA
2021-03-30,nor_01,north_reef,kenya,pomacanthidae,centropyge_multispinis,#error!,2,4,6,8,NA,NA,NA,NA
2021-03-30,nor_01,north_reef,kenya,pomacanthidae,pomacanthus_semicirculatus,#error!,2,1,31,33,NA,NA,NA,NA
2021-03-30,nor_01,north_reef,kenya,pomacanthidae,pomacanthus_semicirculatus,#error!,2,1,21,23,NA,NA,NA,NA
2021-03-30,nor_01,north_reef,kenya,pomacanthidae,pomacanthus_semicirculatus,#error!,2,1,11,13,NA,NA,NA,NA
2021-03-30,nor_01,north_reef,kenya,pomacanthidae,pomacanthus_chrysurus,#error!,3,1,26,28,NA,NA,NA,NA
2021-03-30,nor_01,north_reef,kenya,pomacanthidae,centropyge_multispinis,#error!,3,3,6,8,NA,NA,NA,NA
2021-03-30,nor_01,north_reef,kenya,pomacanthidae,pomacanthus_semicirculatus,#error!,3,2,26,28,NA,NA,NA,NA
2021-03-30,nor_02,north_reef,kenya,pomacanthidae,centropyge_multispinis,#error!,4,6,6,8,NA,NA,NA,NA
2021-03-30,nor_02,north_reef,kenya,pomacanthidae,pomacanthus_chrysurus,#error!,4,1,31,33,NA,NA,NA,NA
2021-03-30,nor_02,north_reef,kenya,pomacanthidae,pomacanthus_semicirculatus,#error!,4,2,11,13,NA,NA,NA,NA
2021-03-30,nor_02,north_reef,kenya,pomacanthidae,pomacanthus_semicirculatus,#error!,4,1,16,18,NA,NA,NA,NA
2021-03-30,nor_02,north_reef,kenya,pomacanthidae,centropyge_multispinis,#error!,5,5,6,8,NA,NA,NA,NA
2021-03-30,nor_02,north_reef,kenya,pomacanthidae,pomacanthus_chrysurus,#error!,5,1,26,28,NA,NA,NA,NA
2021-03-30,nor_02,north_reef,kenya,pomacanthidae,pomacanthus_semicirculatus,#error!,5,2,16,18,NA,NA,NA,NA
2021-03-30,nor_02,north_reef,kenya,pomacanthidae,pomacanthus_semicirculatus,#error!,5,1,11,13,NA,NA,NA,NA
2021-03-30,nor_02,north_reef,kenya,pomacanthidae,pomacanthus_semicirculatus,#error!,5,1,26,28,NA,NA,NA,NA
2023-03-23,nycg_01,nyali_coral_garden,kenya,pomacanthidae,centropyge_multispinis,#error!,1,1,6,8,NA,NA,NA,NA
2023-03-23,nycg_01,nyali_coral_garden,kenya,pomacanthidae,centropyge_multispinis,#error!,2,1,6,8,NA,NA,NA,NA
2022-11-14,nyn_01,nyamalile_north,tanzania,pomacanthidae,centropyge_multispinis,#error!,1,11,6,8,NA,NA,NA,NA
2022-11-14,nyn_01,nyamalile_north,tanzania,pomacanthidae,pomacanthus_semicirculatus,#error!,1,3,11,13,NA,NA,NA,NA
2022-11-14,nyn_01,nyamalile_north,tanzania,pomacanthidae,pomacanthus_semicirculatus,#error!,1,1,16,18,NA,NA,NA,NA
2022-11-14,nyn_01,nyamalile_north,tanzania,pomacanthidae,centropyge_multispinis,#error!,2,6,6,8,NA,NA,NA,NA
2022-11-14,nyn_01,nyamalile_north,tanzania,pomacanthidae,pomacanthus_semicirculatus,#error!,2,1,16,18,NA,NA,NA,NA
2022-11-14,nyn_01,nyamalile_north,tanzania,pomacanthidae,centropyge_multispinis,#error!,3,2,6,8,NA,NA,NA,NA
2022-11-14,nyn_01,nyamalile_north,tanzania,pomacanthidae,pomacanthus_semicirculatus,#error!,3,1,16,18,NA,NA,NA,NA
2022-11-14,nyn_01,nyamalile_north,tanzania,pomacanthidae,centropyge_multispinis,#error!,4,2,6,8,NA,NA,NA,NA
2022-11-14,nys_01,nyamalile_south,tanzania,pomacanthidae,centropyge_multispinis,#error!,2,3,6,8,NA,NA,NA,NA
2022-11-14,nys_01,nyamalile_south,tanzania,pomacanthidae,centropyge_multispinis,#error!,3,9,6,8,NA,NA,NA,NA
2018-09-27,aj_a_p_sc01,ouani,comoros,pomacanthidae,centropyge_spp.,#error!,1,1,6,8,NA,NA,NA,NA
2018-09-27,aj_a_p_sc01,ouani,comoros,pomacanthidae,pomacanthus_imperator,#error!,1,1,16,18,NA,NA,NA,NA
2018-09-28,aj_a_p_sc02,ouani,comoros,pomacanthidae,centropyge_multispinis,#error!,2,1,6,8,NA,NA,NA,NA
2018-09-28,aj_a_p_sc02,ouani,comoros,pomacanthidae,pomacanthus_imperator,#error!,2,1,16,18,NA,NA,NA,NA
2018-09-28,aj_a_p_sc02,ouani,comoros,pomacanthidae,centropyge_bispinosa,#error!,3,1,6,8,NA,NA,NA,NA
2018-09-28,aj_a_p_sc02,ouani,comoros,pomacanthidae,centropyge_multispinis,#error!,3,3,6,8,NA,NA,NA,NA
2018-09-28,aj_a_p_sc02,ouani,comoros,pomacanthidae,pygoplites_diacanthus,#error!,3,1,16,18,NA,NA,NA,NA
2018-09-28,aj_a_p_sc02,ouani,comoros,pomacanthidae,centropyge_multispinis,#error!,4,4,6,8,NA,NA,NA,NA
2020-11-19,pap_01,papa_reef,kenya,pomacanthidae,pomacanthus_semicirculatus,#error!,2,1,21,23,NA,NA,NA,NA
2020-11-19,pap_01,papa_reef,kenya,pomacanthidae,pomacanthus_chrysurus,#error!,2,2,16,18,NA,NA,NA,NA
2020-11-19,pap_02,papa_reef,kenya,pomacanthidae,centropyge_multispinis,#error!,5,1,6,8,NA,NA,NA,NA
2019-11-07,par_01,paradise,tanzania,pomacanthidae,centropyge_multispinis,#error!,1,2,6,8,NA,NA,NA,NA
2019-11-07,par_01,paradise,tanzania,pomacanthidae,centropyge_multispinis,#error!,2,10,6,8,NA,NA,NA,NA
2019-11-07,par_01,paradise,tanzania,pomacanthidae,centropyge_bispinosa,#error!,2,4,6,8,NA,NA,NA,NA
2019-11-07,par_01,paradise,tanzania,pomacanthidae,centropyge_multispinis,#error!,3,4,6,8,NA,NA,NA,NA
2019-11-07,par_01,paradise,tanzania,pomacanthidae,centropyge_bispinosa,#error!,3,7,6,8,NA,NA,NA,NA
2019-11-07,par_01,paradise,tanzania,pomacanthidae,centropyge_multispinis,#error!,4,7,6,8,NA,NA,NA,NA
2019-11-07,par_01,paradise,tanzania,pomacanthidae,centropyge_bispinosa,#error!,4,7,6,8,NA,NA,NA,NA
2019-11-07,par_01,paradise,tanzania,pomacanthidae,centropyge_multispinis,#error!,5,10,6,8,NA,NA,NA,NA
2019-11-07,par_01,paradise,tanzania,pomacanthidae,centropyge_bispinosa,#error!,5,3,6,8,NA,NA,NA,NA
2023-02-17,pet_01,pethali,kenya,pomacanthidae,pomacanthus_semicirculatus,#error!,2,3,16,18,NA,NA,NA,NA
2023-02-17,pet_01,pethali,kenya,pomacanthidae,pomacanthus_semicirculatus,#error!,3,1,16,18,NA,NA,NA,NA
2018-10-15,mw_a_p_sc19,point_ouani,comoros,pomacanthidae,centropyge_multispinis,#error!,1,2,6,8,NA,NA,NA,NA
2018-10-15,mw_a_p_sc19,point_ouani,comoros,pomacanthidae,pomacanthus_imperator,#error!,1,2,21,23,NA,NA,NA,NA
2018-10-15,mw_a_p_sc19,point_ouani,comoros,pomacanthidae,pygoplites_diacanthus,#error!,2,1,16,18,NA,NA,NA,NA
2018-10-15,mw_a_p_sc19,point_ouani,comoros,pomacanthidae,pygoplites_diacanthus,#error!,2,1,11,13,NA,NA,NA,NA
2018-10-15,mw_a_p_sc19,point_ouani,comoros,pomacanthidae,centropyge_multispinis,#error!,3,1,6,8,NA,NA,NA,NA
2018-10-16,mw_a_p_sc20,point_ouani,comoros,pomacanthidae,centropyge_multispinis,#error!,4,3,6,8,NA,NA,NA,NA
2018-10-16,mw_a_p_sc20,point_ouani,comoros,pomacanthidae,centropyge_multispinis,#error!,4,2,6,8,NA,NA,NA,NA
2018-10-16,mw_a_p_sc20,point_ouani,comoros,pomacanthidae,centropyge_multispinis,#error!,5,4,6,8,NA,NA,NA,NA
2018-10-16,mw_a_p_sc20,point_ouani,comoros,pomacanthidae,pygoplites_diacanthus,#error!,5,1,16,18,NA,NA,NA,NA
2018-10-16,mw_a_p_sc20,point_ouani,comoros,pomacanthidae,centropyge_multispinis,#error!,6,6,6,8,NA,NA,NA,NA
2018-10-16,mw_a_p_sc20,point_ouani,comoros,pomacanthidae,pygoplites_diacanthus,#error!,6,1,21,23,NA,NA,NA,NA
2018-10-16,mw_a_p_sc20,point_ouani,comoros,pomacanthidae,pygoplites_diacanthus,#error!,6,2,16,18,NA,NA,NA,NA
2023-02-10,pop_01,popo,kenya,pomacanthidae,pomacanthus_semicirculatus,#error!,2,1,16,18,NA,NA,NA,NA
2023-03-23,riw_01,ras_iwatine,kenya,pomacanthidae,centropyge_multispinis,#error!,1,2,6,8,NA,NA,NA,NA
2023-03-23,riw_01,ras_iwatine,kenya,pomacanthidae,centropyge_multispinis,#error!,2,1,6,8,NA,NA,NA,NA
2018-10-10,mw_e_p_sc11,sambia,comoros,pomacanthidae,centropyge_multispinis,#error!,1,8,6,8,NA,NA,NA,NA
2018-10-10,mw_e_p_sc11,sambia,comoros,pomacanthidae,pygoplites_diacanthus,#error!,1,4,16,18,NA,NA,NA,NA
2018-10-10,mw_e_p_sc11,sambia,comoros,pomacanthidae,centropyge_multispinis,#error!,2,8,6,8,NA,NA,NA,NA
2018-10-10,mw_e_p_sc11,sambia,comoros,pomacanthidae,pygoplites_diacanthus,#error!,2,1,11,13,NA,NA,NA,NA
2018-10-10,mw_e_p_sc11,sambia,comoros,pomacanthidae,pomacanthus_imperator,#error!,2,1,21,23,NA,NA,NA,NA
2018-10-11,mw_e_p_sc12,sambia,comoros,pomacanthidae,centropyge_multispinis,#error!,4,4,6,8,NA,NA,NA,NA
2018-10-11,mw_e_p_sc12,sambia,comoros,pomacanthidae,pomacanthus_imperator,#error!,4,1,21,23,NA,NA,NA,NA
2018-10-11,mw_e_p_sc12,sambia,comoros,pomacanthidae,pygoplites_diacanthus,#error!,4,1,11,13,NA,NA,NA,NA
2018-10-11,mw_e_p_sc12,sambia,comoros,pomacanthidae,pygoplites_diacanthus,#error!,4,1,16,18,NA,NA,NA,NA
2018-10-11,mw_e_p_sc12,sambia,comoros,pomacanthidae,centropyge_multispinis,#error!,5,2,6,8,NA,NA,NA,NA
2018-10-11,mw_e_p_sc12,sambia,comoros,pomacanthidae,pygoplites_diacanthus,#error!,5,2,16,18,NA,NA,NA,NA
2018-10-11,mw_e_p_sc12,sambia,comoros,pomacanthidae,pygoplites_diacanthus,#error!,5,2,11,13,NA,NA,NA,NA
2018-10-11,mw_e_p_sc12,sambia,comoros,pomacanthidae,centropyge_multispinis,#error!,6,1,6,8,NA,NA,NA,NA
2018-10-11,mw_e_p_sc12,sambia,comoros,pomacanthidae,pomacanthus_imperator,#error!,6,1,26,28,NA,NA,NA,NA
2018-10-11,mw_e_p_sc12,sambia,comoros,pomacanthidae,pomacanthus_imperator,#error!,6,1,21,23,NA,NA,NA,NA
2018-10-11,mw_e_p_sc12,sambia,comoros,pomacanthidae,pygoplites_diacanthus,#error!,6,1,16,18,NA,NA,NA,NA
2019-11-05,scs_01,scorpions_secret,tanzania,pomacanthidae,centropyge_multispinis,#error!,2,10,6,8,NA,NA,NA,NA
2019-11-05,scs_01,scorpions_secret,tanzania,pomacanthidae,centropyge_multispinis,#error!,3,14,6,8,NA,NA,NA,NA
2019-11-05,scs_02,scorpions_secret,tanzania,pomacanthidae,centropyge_multispinis,#error!,4,2,6,8,NA,NA,NA,NA
2019-11-05,scs_02,scorpions_secret,tanzania,pomacanthidae,pygoplites_diacanthus,#error!,4,1,16,18,NA,NA,NA,NA
2019-11-05,scs_02,scorpions_secret,tanzania,pomacanthidae,centropyge_multispinis,#error!,5,6,6,8,NA,NA,NA,NA
2019-11-05,scs_02,scorpions_secret,tanzania,pomacanthidae,pygoplites_diacanthus,#error!,5,3,16,18,NA,NA,NA,NA
2019-11-05,scs_02,scorpions_secret,tanzania,pomacanthidae,pygoplites_diacanthus,#error!,5,2,11,13,NA,NA,NA,NA
2019-11-08,shi_01,shimba,tanzania,pomacanthidae,centropyge_bispinosa,#error!,1,2,6,8,NA,NA,NA,NA
2019-11-08,shi_01,shimba,tanzania,pomacanthidae,centropyge_multispinis,#error!,1,7,6,8,NA,NA,NA,NA
2019-11-08,shi_01,shimba,tanzania,pomacanthidae,pygoplites_diacanthus,#error!,1,1,11,13,NA,NA,NA,NA
2019-11-08,shi_01,shimba,tanzania,pomacanthidae,centropyge_multispinis,#error!,2,8,6,8,NA,NA,NA,NA
2019-11-08,shi_01,shimba,tanzania,pomacanthidae,centropyge_multispinis,#error!,3,13,6,8,NA,NA,NA,NA
2019-11-08,shi_01,shimba,tanzania,pomacanthidae,centropyge_bispinosa,#error!,3,5,6,8,NA,NA,NA,NA
2019-11-08,shi_02,shimba,tanzania,pomacanthidae,centropyge_multispinis,#error!,4,7,6,8,NA,NA,NA,NA
2019-11-08,shi_02,shimba,tanzania,pomacanthidae,centropyge_bispinosa,#error!,4,5,6,8,NA,NA,NA,NA
2019-11-08,shi_02,shimba,tanzania,pomacanthidae,pygoplites_diacanthus,#error!,4,1,11,13,NA,NA,NA,NA
2019-11-08,shi_02,shimba,tanzania,pomacanthidae,apolemichthys_trimaculatus,#error!,4,1,11,13,NA,NA,NA,NA
2019-11-08,shi_02,shimba,tanzania,pomacanthidae,pomacanthus_imperator,#error!,5,1,11,13,NA,NA,NA,NA
2019-11-08,shi_02,shimba,tanzania,pomacanthidae,centropyge_multispinis,#error!,5,12,6,8,NA,NA,NA,NA
2019-11-08,shi_02,shimba,tanzania,pomacanthidae,centropyge_bispinosa,#error!,5,3,6,8,NA,NA,NA,NA
2019-11-08,shi_02,shimba,tanzania,pomacanthidae,pygoplites_diacanthus,#error!,5,1,16,18,NA,NA,NA,NA
2023-03-24,str_01,starfish,kenya,pomacanthidae,pomacanthus_semicirculatus,#error!,3,1,16,18,NA,NA,NA,NA
2022-11-04,tkg_01,takaungu,kenya,pomacanthidae,centropyge_multispinis,#error!,1,2,11,13,NA,NA,NA,NA
2022-11-04,tkg_01,takaungu,kenya,pomacanthidae,centropyge_multispinis,#error!,2,13,11,13,NA,NA,NA,NA
2022-11-04,tkg_01,takaungu,kenya,pomacanthidae,centropyge_multispinis,#error!,3,4,11,13,NA,NA,NA,NA
2020-11-20,tur_01,turtle_reef,kenya,pomacanthidae,centropyge_multispinis,#error!,1,5,6,8,NA,NA,NA,NA
2020-11-20,tur_02,turtle_reef,kenya,pomacanthidae,centropyge_multispinis,#error!,3,1,6,8,NA,NA,NA,NA
2020-11-20,tur_02,turtle_reef,kenya,pomacanthidae,pomacanthus_imperator,#error!,3,1,11,13,NA,NA,NA,NA
2020-11-20,tur_02,turtle_reef,kenya,pomacanthidae,pomacanthus_semicirculatus,#error!,3,1,16,18,NA,NA,NA,NA
2020-11-20,tur_02,turtle_reef,kenya,pomacanthidae,centropyge_multispinis,#error!,4,3,6,8,NA,NA,NA,NA
2020-11-20,tur_02,turtle_reef,kenya,pomacanthidae,pomacanthus_semicirculatus,#error!,5,1,11,13,NA,NA,NA,NA
2021-04-15,ump_01,upper_mpunguti,kenya,pomacanthidae,centropyge_multispinis,#error!,1,7,6,8,NA,NA,NA,NA
2021-04-15,ump_01,upper_mpunguti,kenya,pomacanthidae,centropyge_multispinis,#error!,3,5,6,8,NA,NA,NA,NA
2021-04-15,ump_02,upper_mpunguti,kenya,pomacanthidae,centropyge_multispinis,#error!,4,10,6,8,NA,NA,NA,NA
2021-04-15,ump_02,upper_mpunguti,kenya,pomacanthidae,centropyge_multispinis,#error!,5,15,6,8,NA,NA,NA,NA
2022-11-13,mil_01,utumbi,tanzania,pomacanthidae,centropyge_bispinosa,#error!,3,1,6,8,NA,NA,NA,NA
2022-11-13,mil_01,utumbi,tanzania,pomacanthidae,centropyge_multispinis,#error!,3,8,6,8,NA,NA,NA,NA
2022-11-13,mil_01,utumbi,tanzania,pomacanthidae,pygoplites_diacanthus,#error!,3,2,11,13,NA,NA,NA,NA
2022-11-13,mil_01,utumbi,tanzania,pomacanthidae,pygoplites_diacanthus,#error!,3,3,16,18,NA,NA,NA,NA
2022-11-13,mil_01,utumbi,tanzania,pomacanthidae,pygoplites_diacanthus,#error!,3,1,6,8,NA,NA,NA,NA
2022-11-13,mil_01,utumbi,tanzania,pomacanthidae,centropyge_multispinis,#error!,4,2,6,8,NA,NA,NA,NA
2022-11-13,mil_01,utumbi,tanzania,pomacanthidae,pygoplites_diacanthus,#error!,4,2,16,18,NA,NA,NA,NA
2022-11-13,utm_01,utumbi,tanzania,pomacanthidae,centropyge_multispinis,#error!,1,5,6,8,NA,NA,NA,NA
2022-11-13,utm_01,utumbi,tanzania,pomacanthidae,pygoplites_diacanthus,#error!,1,1,16,18,NA,NA,NA,NA
2022-11-13,utm_01,utumbi,tanzania,pomacanthidae,centropyge_multispinis,#error!,2,11,6,8,NA,NA,NA,NA
2022-11-13,utm_01,utumbi,tanzania,pomacanthidae,pygoplites_diacanthus,#error!,2,5,16,18,NA,NA,NA,NA
2021-03-17,uyo_01,uyombo,kenya,pomacanthidae,pomacanthus_imperator,#error!,1,1,26,28,NA,NA,NA,NA
2021-03-17,uyo_01,uyombo,kenya,pomacanthidae,centropyge_multispinis,#error!,1,3,6,8,NA,NA,NA,NA
2021-03-17,uyo_01,uyombo,kenya,pomacanthidae,pomacanthus_semicirculatus,#error!,1,1,16,18,NA,NA,NA,NA
2021-03-17,uyo_01,uyombo,kenya,pomacanthidae,centropyge_multispinis,#error!,2,12,6,8,NA,NA,NA,NA
2021-03-17,uyo_01,uyombo,kenya,pomacanthidae,pomacanthus_semicirculatus,#error!,2,1,16,18,NA,NA,NA,NA
2021-03-17,uyo_01,uyombo,kenya,pomacanthidae,centropyge_multispinis,#error!,3,5,6,8,NA,NA,NA,NA
2021-03-17,uyo_02,uyombo,kenya,pomacanthidae,centropyge_multispinis,#error!,4,18,6,8,NA,NA,NA,NA
2021-03-17,uyo_02,uyombo,kenya,pomacanthidae,centropyge_multispinis,#error!,5,22,6,8,NA,NA,NA,NA
2021-02-16,vms_01,vuma_south,kenya,pomacanthidae,centropyge_multispinis,#error!,1,8,6,8,NA,NA,NA,NA
2021-02-16,vms_01,vuma_south,kenya,pomacanthidae,centropyge_multispinis,#error!,2,2,6,8,NA,NA,NA,NA
2021-02-16,vms_01,vuma_south,kenya,pomacanthidae,pomacanthus_semicirculatus,#error!,2,1,11,13,NA,NA,NA,NA
2021-02-16,vms_01,vuma_south,kenya,pomacanthidae,centropyge_multispinis,#error!,3,2,6,8,NA,NA,NA,NA
2021-02-16,vms_02,vuma_south,kenya,pomacanthidae,pomacanthus_imperator,#error!,4,1,11,13,NA,NA,NA,NA
2021-02-16,vms_02,vuma_south,kenya,pomacanthidae,pomacanthus_imperator,#error!,4,1,16,18,NA,NA,NA,NA
2021-02-16,vms_02,vuma_south,kenya,pomacanthidae,centropyge_multispinis,#error!,4,10,6,8,NA,NA,NA,NA
2021-02-16,vms_02,vuma_south,kenya,pomacanthidae,pomacanthus_imperator,#error!,5,1,11,13,NA,NA,NA,NA
2021-02-16,vms_02,vuma_south,kenya,pomacanthidae,centropyge_multispinis,#error!,5,5,6,8,NA,NA,NA,NA
2020-12-23,was_01,wasini_tengefu,kenya,pomacanthidae,centropyge_multispinis,#error!,1,3,6,8,NA,NA,NA,NA
2020-12-23,was_01,wasini_tengefu,kenya,pomacanthidae,pygoplites_diacanthus,#error!,1,1,21,23,NA,NA,NA,NA
2020-12-23,was_01,wasini_tengefu,kenya,pomacanthidae,centropyge_multispinis,#error!,2,9,6,8,NA,NA,NA,NA
2020-12-23,was_01,wasini_tengefu,kenya,pomacanthidae,centropyge_multispinis,#error!,3,12,6,8,NA,NA,NA,NA
2020-12-23,was_01,wasini_tengefu,kenya,pomacanthidae,pygoplites_diacanthus,#error!,3,1,31,33,NA,NA,NA,NA
2020-12-23,was_02,wasini_tengefu,kenya,pomacanthidae,centropyge_multispinis,#error!,4,4,6,8,NA,NA,NA,NA
2020-12-23,was_02,wasini_tengefu,kenya,pomacanthidae,centropyge_multispinis,#error!,5,1,6,8,NA,NA,NA,NA
2021-04-01,wcg_01,watamu_coral_garden,kenya,pomacanthidae,centropyge_multispinis,#error!,1,2,6,8,NA,NA,NA,NA
2021-04-01,wcg_01,watamu_coral_garden,kenya,pomacanthidae,pomacanthus_chrysurus,#error!,1,1,26,28,NA,NA,NA,NA
2021-04-01,wcg_01,watamu_coral_garden,kenya,pomacanthidae,pomacanthus_semicirculatus,#error!,1,1,21,23,NA,NA,NA,NA
2021-04-01,wcg_01,watamu_coral_garden,kenya,pomacanthidae,pomacanthus_semicirculatus,#error!,1,1,26,28,NA,NA,NA,NA
2021-04-01,wcg_01,watamu_coral_garden,kenya,pomacanthidae,pomacanthus_chrysurus,#error!,2,1,31,33,NA,NA,NA,NA
2021-04-01,wcg_01,watamu_coral_garden,kenya,pomacanthidae,pomacanthus_semicirculatus,#error!,2,1,21,23,NA,NA,NA,NA
2021-04-01,wcg_01,watamu_coral_garden,kenya,pomacanthidae,pomacanthus_semicirculatus,#error!,3,1,11,13,NA,NA,NA,NA
2022-11-03,wmb_01,wembe,kenya,pomacanthidae,centropyge_multispinis,#error!,1,1,6,8,NA,NA,NA,NA
2022-11-03,wmb_01,wembe,kenya,pomacanthidae,centropyge_multispinis,#error!,2,2,6,8,NA,NA,NA,NA
2022-11-03,wmb_02,wembe,kenya,pomacanthidae,centropyge_multispinis,#error!,3,3,6,8,NA,NA,NA,NA
2022-11-03,wmb_02,wembe,kenya,pomacanthidae,centropyge_multispinis,#error!,4,6,6,8,NA,NA,NA,NA
2022-11-03,wmb_02,wembe,kenya,pomacanthidae,centropyge_multispinis,#error!,5,3,6,8,NA,NA,NA,NA
2022-11-19,yuy_01,yuyuni,tanzania,pomacanthidae,centropyge_multispinis,#error!,1,6,6,8,NA,NA,NA,NA
2022-11-19,yuy_01,yuyuni,tanzania,pomacanthidae,apolemichthys_trimaculatus,#error!,1,1,11,13,NA,NA,NA,NA
2022-11-19,yuy_01,yuyuni,tanzania,pomacanthidae,centropyge_multispinis,#error!,2,12,6,8,NA,NA,NA,NA
2022-11-19,yuy_01,yuyuni,tanzania,pomacanthidae,centropyge_multispinis,#error!,3,6,6,8,NA,NA,NA,NA
2022-11-19,yuy_01,yuyuni,tanzania,pomacanthidae,pomacanthus_imperator,#error!,3,2,16,18,NA,NA,NA,NA
2022-11-19,yuy_02,yuyuni,tanzania,pomacanthidae,centropyge_multispinis,#error!,4,6,6,8,NA,NA,NA,NA
2021-11-23,and_01,andromache,kenya,scarinae,chlorurus_sordidus_s,#error!,1,3,16,18,NA,NA,NA,NA
2021-11-23,and_01,andromache,kenya,scarinae,calotomus_carolinus,#error!,2,1,31,33,NA,NA,NA,NA
2021-11-23,and_01,andromache,kenya,scarinae,calotomus_carolinus,#error!,2,1,21,23,NA,NA,NA,NA
2021-11-23,and_01,andromache,kenya,scarinae,chlorurus_sordidus_s,#error!,2,5,11,13,NA,NA,NA,NA
2021-11-23,and_01,andromache,kenya,scarinae,chlorurus_sordidus_s,#error!,2,1,31,33,NA,NA,NA,NA
2021-11-23,and_01,andromache,kenya,scarinae,chlorurus_sordidus_s,#error!,2,1,16,18,NA,NA,NA,NA
2021-11-23,and_01,andromache,kenya,scarinae,chlorurus_atrilunula_s,#error!,3,1,16,18,NA,NA,NA,NA
2021-11-23,and_01,andromache,kenya,scarinae,chlorurus_atrilunula_s,#error!,3,1,11,13,NA,NA,NA,NA
2021-11-23,and_01,andromache,kenya,scarinae,chlorurus_sordidus_s,#error!,3,2,11,13,NA,NA,NA,NA
2021-11-23,and_01,andromache,kenya,scarinae,chlorurus_sordidus_s,#error!,3,1,26,28,NA,NA,NA,NA
2021-11-23,and_01,andromache,kenya,scarinae,chlorurus_strongylocephalus_b,#error!,3,1,41,43,NA,NA,NA,NA
2021-11-23,and_01,andromache,kenya,scarinae,scarus_tricolor,#error!,3,1,26,28,NA,NA,NA,NA
2021-11-23,and_02,andromache,kenya,scarinae,calotomus_carolinus,#error!,5,2,21,23,NA,NA,NA,NA
2021-11-23,and_02,andromache,kenya,scarinae,calotomus_carolinus,#error!,5,4,16,18,NA,NA,NA,NA
2021-11-23,and_02,andromache,kenya,scarinae,calotomus_carolinus,#error!,5,1,26,28,NA,NA,NA,NA
2021-11-23,and_02,andromache,kenya,scarinae,scarus_russelli,#error!,5,1,16,18,NA,NA,NA,NA
2022-04-04,aru_01,arusha,kenya,scarinae,calotomus_carolinus,#error!,1,1,16,18,NA,NA,NA,NA
2022-04-04,aru_01,arusha,kenya,scarinae,chlorurus_atrilunula_s,#error!,1,2,16,18,NA,NA,NA,NA
2022-04-04,aru_01,arusha,kenya,scarinae,calotomus_carolinus,#error!,2,1,26,28,NA,NA,NA,NA
2022-04-04,aru_01,arusha,kenya,scarinae,calotomus_carolinus,#error!,2,1,21,23,NA,NA,NA,NA
2022-04-04,aru_01,arusha,kenya,scarinae,chlorurus_sordidus_s,#error!,2,4,11,13,NA,NA,NA,NA
2022-04-04,aru_01,arusha,kenya,scarinae,chlorurus_atrilunula_s,#error!,2,4,21,23,NA,NA,NA,NA
2022-04-04,aru_01,arusha,kenya,scarinae,chlorurus_atrilunula_s,#error!,2,1,26,28,NA,NA,NA,NA
2022-04-04,aru_01,arusha,kenya,scarinae,calotomus_carolinus,#error!,3,1,26,28,NA,NA,NA,NA
2022-04-04,aru_02,arusha,kenya,scarinae,calotomus_carolinus,#error!,4,4,26,28,NA,NA,NA,NA
2022-04-04,aru_02,arusha,kenya,scarinae,calotomus_carolinus,#error!,4,2,31,33,NA,NA,NA,NA
2022-04-04,aru_02,arusha,kenya,scarinae,chlorurus_sordidus_s,#error!,4,4,16,18,NA,NA,NA,NA
2022-04-04,aru_02,arusha,kenya,scarinae,chlorurus_sordidus_s,#error!,4,4,11,13,NA,NA,NA,NA
2022-04-04,aru_02,arusha,kenya,scarinae,chlorurus_atrilunula_s,#error!,4,14,16,18,NA,NA,NA,NA
2022-04-04,aru_02,arusha,kenya,scarinae,chlorurus_atrilunula_s,#error!,4,16,21,23,NA,NA,NA,NA
2022-04-04,aru_02,arusha,kenya,scarinae,hipposcarus_harid,#error!,4,2,26,28,NA,NA,NA,NA
2022-04-04,aru_02,arusha,kenya,scarinae,scarus_ghobban,#error!,4,1,26,28,NA,NA,NA,NA
2022-04-04,aru_02,arusha,kenya,scarinae,scarus_ghobban,#error!,4,1,21,23,NA,NA,NA,NA
2022-04-04,aru_02,arusha,kenya,scarinae,scarus_russelli,#error!,4,1,26,28,NA,NA,NA,NA
2022-04-04,aru_02,arusha,kenya,scarinae,calotomus_carolinus,#error!,5,2,21,23,NA,NA,NA,NA
2022-04-04,aru_02,arusha,kenya,scarinae,chlorurus_sordidus_s,#error!,5,4,11,13,NA,NA,NA,NA
2022-04-04,aru_02,arusha,kenya,scarinae,hipposcarus_harid,#error!,5,2,36,38,NA,NA,NA,NA
2022-04-04,aru_02,arusha,kenya,scarinae,scarus_rubroviolaceus,#error!,5,1,26,28,NA,NA,NA,NA
2022-09-08,bang_01,bangoi,comoros,scarinae,chlorurus_sordidus,#error!,1,1,16,18,NA,NA,NA,NA
2022-09-08,bang_01,bangoi,comoros,scarinae,chlorurus_sordidus,#error!,2,2,16,18,NA,NA,NA,NA
2022-09-08,bang_01,bangoi,comoros,scarinae,chlorurus_sordidus,#error!,2,13,11,13,NA,NA,NA,NA
2022-09-08,bang_02,bangoi,comoros,scarinae,chlorurus_sordidus,#error!,3,1,16,18,NA,NA,NA,NA
2022-09-08,bang_02,bangoi,comoros,scarinae,scarus_spp.,#error!,4,2,16,18,NA,NA,NA,NA
2022-09-08,bang_02,bangoi,comoros,scarinae,chlorurus_sordidus,#error!,5,1,16,18,NA,NA,NA,NA
2022-09-08,bang_02,bangoi,comoros,scarinae,scarus_spp.,#error!,5,3,16,18,NA,NA,NA,NA
2022-09-08,bang_02,bangoi,comoros,scarinae,scarus_spp.,#error!,5,1,21,23,NA,NA,NA,NA
2018-09-30,aj_b_p_sc03,bimbini,comoros,scarinae,chlorurus_sordidus_s,#error!,1,1,26,28,NA,NA,NA,NA
2018-09-30,aj_b_p_sc03,bimbini,comoros,scarinae,chlorurus_sordidus_s,#error!,1,2,21,23,NA,NA,NA,NA
2018-09-30,aj_b_p_sc03,bimbini,comoros,scarinae,chlorurus_atrilunula_s,#error!,1,1,21,23,NA,NA,NA,NA
2018-09-30,aj_b_p_sc03,bimbini,comoros,scarinae,scarus_psittacus,#error!,1,1,26,28,NA,NA,NA,NA
2018-09-30,aj_b_p_sc03,bimbini,comoros,scarinae,calotomus_carolinus,#error!,3,1,21,23,NA,NA,NA,NA
2018-09-30,aj_b_p_sc03,bimbini,comoros,scarinae,chlorurus_sordidus_s,#error!,3,3,16,18,NA,NA,NA,NA
2018-09-30,aj_b_p_sc03,bimbini,comoros,scarinae,chlorurus_atrilunula_s,#error!,3,1,21,23,NA,NA,NA,NA
2018-09-30,aj_b_p_sc03,bimbini,comoros,scarinae,chlorurus_atrilunula_s,#error!,3,1,26,28,NA,NA,NA,NA
2018-09-30,aj_b_p_sc03,bimbini,comoros,scarinae,scarus_prasiognathus,#error!,3,1,21,23,NA,NA,NA,NA
2018-10-01,aj_b_p_sc04,bimbini,comoros,scarinae,chlorurus_sordidus_s,#error!,4,1,26,28,NA,NA,NA,NA
2018-10-01,aj_b_p_sc04,bimbini,comoros,scarinae,scarus_tricolor,#error!,4,1,21,23,NA,NA,NA,NA
2018-10-01,aj_b_p_sc04,bimbini,comoros,scarinae,scarus_tricolor,#error!,4,1,16,18,NA,NA,NA,NA
2018-10-01,aj_b_p_sc04,bimbini,comoros,scarinae,scarus_prasiognathus,#error!,4,4,26,28,NA,NA,NA,NA
2018-10-01,aj_b_p_sc04,bimbini,comoros,scarinae,scarus_psittacus,#error!,4,2,21,23,NA,NA,NA,NA
2018-10-01,aj_b_p_sc04,bimbini,comoros,scarinae,scarus_frenatus,#error!,4,1,16,18,NA,NA,NA,NA
2018-10-01,aj_b_p_sc04,bimbini,comoros,scarinae,scarus_scaber,#error!,5,1,21,23,NA,NA,NA,NA
2018-10-01,aj_b_p_sc04,bimbini,comoros,scarinae,chlorurus_atrilunula_s,#error!,5,4,26,28,NA,NA,NA,NA
2018-10-01,aj_b_p_sc04,bimbini,comoros,scarinae,chlorurus_sordidus_s,#error!,5,1,26,28,NA,NA,NA,NA
2018-10-01,aj_b_p_sc04,bimbini,comoros,scarinae,scarus_rubroviolaceus,#error!,5,1,16,18,NA,NA,NA,NA
2018-10-01,aj_b_p_sc04,bimbini,comoros,scarinae,scarus_prasiognathus,#error!,5,1,26,28,NA,NA,NA,NA
2018-10-01,aj_b_p_sc04,bimbini,comoros,scarinae,scarus_prasiognathus,#error!,5,1,31,33,NA,NA,NA,NA
2018-10-01,aj_b_p_sc04,bimbini,comoros,scarinae,scarus_psittacus,#error!,5,1,31,33,NA,NA,NA,NA
2018-10-01,aj_b_p_sc04,bimbini,comoros,scarinae,chlorurus_atrilunula_s,#error!,6,1,26,28,NA,NA,NA,NA
2023-03-25,bos_01,boso,kenya,scarinae,calotomus_carolinus,#error!,1,2,21,23,NA,NA,NA,NA
2023-03-25,bos_01,boso,kenya,scarinae,hipposcarus_harid,#error!,1,2,21,23,NA,NA,NA,NA
2023-03-25,bos_01,boso,kenya,scarinae,hipposcarus_harid,#error!,2,12,21,23,NA,NA,NA,NA
2023-03-25,bos_01,boso,kenya,scarinae,calotomus_carolinus,#error!,2,1,21,23,NA,NA,NA,NA
2023-03-25,bos_01,boso,kenya,scarinae,scarus_ghobban,#error!,2,2,31,33,NA,NA,NA,NA
2022-10-26,brc_01,brain_coral,kenya,scarinae,chlorurus_strongylocephalus_s,#error!,1,1,26,28,NA,NA,NA,NA
2022-10-26,brc_01,brain_coral,kenya,scarinae,scarus_spp.,#error!,1,1,21,23,NA,NA,NA,NA
2022-10-26,brc_01,brain_coral,kenya,scarinae,scarus_tricolor,#error!,3,11,21,23,NA,NA,NA,NA
2022-10-26,brc_01,brain_coral,kenya,scarinae,chlorurus_atrilunula,#error!,3,1,21,23,NA,NA,NA,NA
2022-10-26,brc_01,brain_coral,kenya,scarinae,scarus_rubroviolaceus,#error!,3,2,26,28,NA,NA,NA,NA
2022-10-26,brc_01,brain_coral,kenya,scarinae,scarus_rubroviolaceus,#error!,3,1,21,23,NA,NA,NA,NA
2022-10-26,brc_01,brain_coral,kenya,scarinae,scarus_rubroviolaceus,#error!,3,1,11,13,NA,NA,NA,NA
2022-10-26,brc_02,brain_coral,kenya,scarinae,scarus_tricolor,#error!,4,1,31,33,NA,NA,NA,NA
2022-10-26,brc_02,brain_coral,kenya,scarinae,scarus_rubroviolaceus,#error!,4,1,21,23,NA,NA,NA,NA
2022-10-26,brc_02,brain_coral,kenya,scarinae,chlorurus_sordidus_s,#error!,5,1,11,13,NA,NA,NA,NA
2022-10-26,brc_02,brain_coral,kenya,scarinae,scarus_tricolor,#error!,5,1,21,23,NA,NA,NA,NA
2022-10-26,brc_02,brain_coral,kenya,scarinae,scarus_niger,#error!,5,1,16,18,NA,NA,NA,NA
2022-10-26,brc_02,brain_coral,kenya,scarinae,scarus_rubroviolaceus,#error!,5,2,21,23,NA,NA,NA,NA
2022-10-26,brc_02,brain_coral,kenya,scarinae,scarus_rubroviolaceus,#error!,5,1,26,28,NA,NA,NA,NA
2022-10-26,brc_02,brain_coral,kenya,scarinae,scarus_rubroviolaceus,#error!,5,1,16,18,NA,NA,NA,NA
2022-10-26,brc_02,brain_coral,kenya,scarinae,scarus_rubroviolaceus,#error!,5,1,31,33,NA,NA,NA,NA
2022-10-26,brc_02,brain_coral,kenya,scarinae,scarus_russelli,#error!,5,2,21,23,NA,NA,NA,NA
2021-11-17,cha_01,chale,kenya,scarinae,calotomus_carolinus,#error!,1,3,21,23,NA,NA,NA,NA
2021-11-17,cha_01,chale,kenya,scarinae,chlorurus_atrilunula_s,#error!,1,1,16,18,NA,NA,NA,NA
2021-11-17,cha_01,chale,kenya,scarinae,chlorurus_atrilunula_s,#error!,1,1,11,13,NA,NA,NA,NA
2021-11-17,cha_01,chale,kenya,scarinae,chlorurus_sordidus_s,#error!,1,2,11,13,NA,NA,NA,NA
2021-11-17,cha_01,chale,kenya,scarinae,chlorurus_strongylocephalus_b,#error!,1,1,46,48,NA,NA,NA,NA
2021-11-17,cha_01,chale,kenya,scarinae,scarus_psittacus,#error!,1,2,21,23,NA,NA,NA,NA
2021-11-17,cha_01,chale,kenya,scarinae,calotomus_carolinus,#error!,2,1,21,23,NA,NA,NA,NA
2021-11-17,cha_01,chale,kenya,scarinae,calotomus_carolinus,#error!,2,1,11,13,NA,NA,NA,NA
2021-11-17,cha_01,chale,kenya,scarinae,chlorurus_atrilunula_s,#error!,2,2,16,18,NA,NA,NA,NA
2021-11-17,cha_01,chale,kenya,scarinae,scarus_ghobban,#error!,2,2,16,18,NA,NA,NA,NA
2021-11-17,cha_01,chale,kenya,scarinae,scarus_ghobban,#error!,2,1,11,13,NA,NA,NA,NA
2021-11-17,cha_01,chale,kenya,scarinae,calotomus_carolinus,#error!,3,1,26,28,NA,NA,NA,NA
2021-11-17,cha_01,chale,kenya,scarinae,chlorurus_atrilunula_s,#error!,3,1,11,13,NA,NA,NA,NA
2021-11-17,cha_01,chale,kenya,scarinae,chlorurus_sordidus_s,#error!,3,1,16,18,NA,NA,NA,NA
2021-11-17,cha_02,chale,kenya,scarinae,calotomus_carolinus,#error!,4,1,31,33,NA,NA,NA,NA
2021-11-17,cha_02,chale,kenya,scarinae,calotomus_carolinus,#error!,4,1,26,28,NA,NA,NA,NA
2021-11-17,cha_02,chale,kenya,scarinae,calotomus_carolinus,#error!,4,1,16,18,NA,NA,NA,NA
2021-11-17,cha_02,chale,kenya,scarinae,calotomus_carolinus,#error!,4,1,21,23,NA,NA,NA,NA
2021-11-17,cha_02,chale,kenya,scarinae,chlorurus_sordidus_s,#error!,4,1,11,13,NA,NA,NA,NA
2021-11-17,cha_02,chale,kenya,scarinae,scarus_frenatus,#error!,4,1,16,18,NA,NA,NA,NA
2021-11-17,cha_02,chale,kenya,scarinae,chlorurus_atrilunula_s,#error!,4,2,11,13,NA,NA,NA,NA
2021-11-17,cha_02,chale,kenya,scarinae,chlorurus_atrilunula_s,#error!,4,2,16,18,NA,NA,NA,NA
2021-11-17,cha_02,chale,kenya,scarinae,chlorurus_capistratoides_s,#error!,5,2,26,28,NA,NA,NA,NA
2021-11-17,cha_02,chale,kenya,scarinae,chlorurus_sordidus_s,#error!,5,1,16,18,NA,NA,NA,NA
2021-11-17,cha_02,chale,kenya,scarinae,chlorurus_sordidus_s,#error!,5,1,21,23,NA,NA,NA,NA
2021-11-17,cha_02,chale,kenya,scarinae,chlorurus_sordidus_s,#error!,5,1,11,13,NA,NA,NA,NA
2021-11-17,cha_02,chale,kenya,scarinae,chlorurus_atrilunula_s,#error!,5,1,11,13,NA,NA,NA,NA
2023-02-18,chm_01,chambani,kenya,scarinae,chlorurus_sordidus,#error!,1,3,31,33,NA,NA,NA,NA
2023-02-18,chm_01,chambani,kenya,scarinae,scarus_ghobban,#error!,1,1,31,33,NA,NA,NA,NA
2023-02-18,chm_01,chambani,kenya,scarinae,leptoscarus_vaigiensis,#error!,2,4,16,18,NA,NA,NA,NA
2023-02-18,chm_01,chambani,kenya,scarinae,leptoscarus_vaigiensis,#error!,2,2,6,8,NA,NA,NA,NA
2023-02-18,chm_01,chambani,kenya,scarinae,scarus_ghobban,#error!,3,10,16,18,NA,NA,NA,NA
2022-09-17,chin_02,chindini,comoros,scarinae,chlorurus_sordidus,#error!,3,3,26,28,NA,NA,NA,NA
2022-09-17,chin_02,chindini,comoros,scarinae,chlorurus_sordidus,#error!,4,5,16,18,NA,NA,NA,NA
2022-09-17,chin_02,chindini,comoros,scarinae,chlorurus_sordidus,#error!,4,4,21,23,NA,NA,NA,NA
2022-09-17,chin_02,chindini,comoros,scarinae,scarus_tricolor,#error!,4,1,16,18,NA,NA,NA,NA
2022-09-12,chin_03,chindini,comoros,scarinae,chlorurus_sordidus,#error!,1,4,11,13,NA,NA,NA,NA
2022-09-12,chin_03,chindini,comoros,scarinae,chlorurus_sordidus,#error!,1,3,16,18,NA,NA,NA,NA
2022-09-12,chin_03,chindini,comoros,scarinae,scarus_tricolor,#error!,1,3,21,23,NA,NA,NA,NA
2022-09-12,chin_03,chindini,comoros,scarinae,chlorurus_sordidus,#error!,2,4,11,13,NA,NA,NA,NA
2022-09-12,chin_03,chindini,comoros,scarinae,chlorurus_sordidus,#error!,2,3,21,23,NA,NA,NA,NA
2022-09-12,chin_03,chindini,comoros,scarinae,scarus_tricolor,#error!,2,2,21,23,NA,NA,NA,NA
2023-02-11,chp_01,chipopo,kenya,scarinae,scarus_ghobban,#error!,1,2,16,18,NA,NA,NA,NA
2023-02-11,chp_01,chipopo,kenya,scarinae,scarus_ghobban,#error!,1,20,21,23,NA,NA,NA,NA
2023-02-11,chp_01,chipopo,kenya,scarinae,scarus_ghobban,#error!,1,5,26,28,NA,NA,NA,NA
2023-02-11,chp_01,chipopo,kenya,scarinae,scarus_ghobban,#error!,1,2,31,33,NA,NA,NA,NA
2023-02-11,chp_01,chipopo,kenya,scarinae,scarus_ghobban,#error!,1,4,36,38,NA,NA,NA,NA
2023-02-11,chp_01,chipopo,kenya,scarinae,hipposcarus_harid,#error!,1,2,16,18,NA,NA,NA,NA
2023-02-11,chp_01,chipopo,kenya,scarinae,hipposcarus_harid,#error!,1,1,11,13,NA,NA,NA,NA
2023-02-11,chp_01,chipopo,kenya,scarinae,scarus_ghobban,#error!,2,10,16,18,NA,NA,NA,NA
2023-02-11,chp_01,chipopo,kenya,scarinae,scarus_ghobban,#error!,2,50,21,23,NA,NA,NA,NA
2023-02-11,chp_01,chipopo,kenya,scarinae,scarus_ghobban,#error!,2,6,26,28,NA,NA,NA,NA
2023-02-11,chp_01,chipopo,kenya,scarinae,scarus_ghobban,#error!,2,10,31,33,NA,NA,NA,NA
2023-02-11,chp_01,chipopo,kenya,scarinae,scarus_ghobban,#error!,2,5,36,38,NA,NA,NA,NA
2023-02-11,chp_01,chipopo,kenya,scarinae,scarus_ghobban,#error!,2,1,41,43,NA,NA,NA,NA
2023-02-11,chp_01,chipopo,kenya,scarinae,chlorurus_strongylocephalus_s,#error!,2,2,16,18,NA,NA,NA,NA
2023-02-11,chp_01,chipopo,kenya,scarinae,chlorurus_strongylocephalus_s,#error!,2,2,11,13,NA,NA,NA,NA
2023-02-11,chp_01,chipopo,kenya,scarinae,chlorurus_strongylocephalus_s,#error!,2,2,21,23,NA,NA,NA,NA
2023-02-11,chp_01,chipopo,kenya,scarinae,hipposcarus_harid,#error!,2,14,16,18,NA,NA,NA,NA
2023-02-11,chp_01,chipopo,kenya,scarinae,leptoscarus_vaigiensis,#error!,2,2,26,28,NA,NA,NA,NA
2023-02-11,chp_01,chipopo,kenya,scarinae,leptoscarus_vaigiensis,#error!,2,2,21,23,NA,NA,NA,NA
2023-02-11,chp_01,chipopo,kenya,scarinae,scarus_ghobban,#error!,3,13,16,18,NA,NA,NA,NA
2023-02-11,chp_01,chipopo,kenya,scarinae,scarus_ghobban,#error!,3,4,21,23,NA,NA,NA,NA
2023-02-11,chp_01,chipopo,kenya,scarinae,leptoscarus_vaigiensis,#error!,3,1,21,23,NA,NA,NA,NA
2023-03-20,cho_01,chole,kenya,scarinae,scarus_ghobban,#error!,1,15,16,18,NA,NA,NA,NA
2023-03-20,cho_01,chole,kenya,scarinae,scarus_ghobban,#error!,1,15,31,33,NA,NA,NA,NA
2023-03-20,cho_01,chole,kenya,scarinae,scarus_spp.,#error!,1,2,16,18,NA,NA,NA,NA
2023-03-20,cho_01,chole,kenya,scarinae,calotomus_carolinus,#error!,1,2,26,28,NA,NA,NA,NA
2023-03-20,cho_01,chole,kenya,scarinae,scarus_rubroviolaceus,#error!,1,1,11,13,NA,NA,NA,NA
2023-03-20,cho_01,chole,kenya,scarinae,scarus_tricolor,#error!,1,1,21,23,NA,NA,NA,NA
2023-03-20,cho_01,chole,kenya,scarinae,dermatolepis_striolata,#error!,1,1,26,28,NA,NA,NA,NA
2023-03-20,cho_01,chole,kenya,scarinae,calotomus_carolinus,#error!,2,2,21,23,NA,NA,NA,NA
2023-03-20,cho_01,chole,kenya,scarinae,scarus_ghobban,#error!,2,49,26,28,NA,NA,NA,NA
2023-03-20,cho_01,chole,kenya,scarinae,scarus_ghobban,#error!,2,6,31,33,NA,NA,NA,NA
2023-03-20,cho_01,chole,kenya,scarinae,scarus_rubroviolaceus,#error!,2,1,16,18,NA,NA,NA,NA
2023-03-20,cho_01,chole,kenya,scarinae,scarus_ghobban,#error!,3,10,21,23,NA,NA,NA,NA
2023-03-20,cho_01,chole,kenya,scarinae,scarus_ghobban,#error!,3,3,31,33,NA,NA,NA,NA
2023-03-20,cho_01,chole,kenya,scarinae,calotomus_carolinus,#error!,3,3,16,18,NA,NA,NA,NA
2023-03-21,ccs_01,chongo_cha_sharifu,kenya,scarinae,scarus_rubroviolaceus,#error!,1,1,31,33,NA,NA,NA,NA
2023-03-21,ccs_01,chongo_cha_sharifu,kenya,scarinae,scarus_spp.,#error!,1,31,6,8,NA,NA,NA,NA
2023-03-21,ccs_01,chongo_cha_sharifu,kenya,scarinae,scarus_rubroviolaceus,#error!,2,3,36,38,NA,NA,NA,NA
2023-03-26,dzi_01,dhiwa_za_ishakani,kenya,scarinae,scarus_ghobban,#error!,1,9,21,23,NA,NA,NA,NA
2023-03-26,dzi_01,dhiwa_za_ishakani,kenya,scarinae,calotomus_carolinus,#error!,2,1,21,23,NA,NA,NA,NA
2023-03-26,dzi_01,dhiwa_za_ishakani,kenya,scarinae,calotomus_carolinus,#error!,2,1,16,18,NA,NA,NA,NA
2021-11-22,dnr_01,diani_reef,kenya,scarinae,calotomus_carolinus,#error!,1,8,16,18,NA,NA,NA,NA
2021-11-22,dnr_01,diani_reef,kenya,scarinae,calotomus_carolinus,#error!,1,2,21,23,NA,NA,NA,NA
2021-11-22,dnr_01,diani_reef,kenya,scarinae,chlorurus_sordidus_s,#error!,1,3,16,18,NA,NA,NA,NA
2021-11-22,dnr_01,diani_reef,kenya,scarinae,scarus_russelli,#error!,1,2,21,23,NA,NA,NA,NA
2021-11-22,dnr_01,diani_reef,kenya,scarinae,scarus_russelli,#error!,1,1,26,28,NA,NA,NA,NA
2021-11-22,dnr_01,diani_reef,kenya,scarinae,scarus_tricolor,#error!,1,1,11,13,NA,NA,NA,NA
2021-11-22,dnr_01,diani_reef,kenya,scarinae,scarus_ghobban,#error!,2,1,21,23,NA,NA,NA,NA
2021-11-22,dnr_01,diani_reef,kenya,scarinae,scarus_tricolor,#error!,2,2,16,18,NA,NA,NA,NA
2021-11-22,dnr_01,diani_reef,kenya,scarinae,hipposcarus_harid,#error!,2,1,41,43,NA,NA,NA,NA
2021-11-22,dnr_01,diani_reef,kenya,scarinae,hipposcarus_harid,#error!,2,1,46,48,NA,NA,NA,NA
2021-11-22,dnr_01,diani_reef,kenya,scarinae,hipposcarus_harid,#error!,2,1,36,38,NA,NA,NA,NA
2021-11-22,dnr_01,diani_reef,kenya,scarinae,calotomus_carolinus,#error!,3,1,21,23,NA,NA,NA,NA
2021-11-22,dnr_01,diani_reef,kenya,scarinae,calotomus_carolinus,#error!,3,1,16,18,NA,NA,NA,NA
2021-11-22,dnr_01,diani_reef,kenya,scarinae,chlorurus_sordidus_s,#error!,3,1,11,13,NA,NA,NA,NA
2021-11-22,dnr_01,diani_reef,kenya,scarinae,chlorurus_sordidus_s,#error!,3,1,36,38,NA,NA,NA,NA
2021-11-22,dnr_01,diani_reef,kenya,scarinae,chlorurus_sordidus_s,#error!,3,2,11,13,NA,NA,NA,NA
2021-11-22,dnr_01,diani_reef,kenya,scarinae,chlorurus_sordidus_s,#error!,3,1,36,38,NA,NA,NA,NA
2022-11-18,din_01,dindini,tanzania,scarinae,chlorurus_sordidus_s,#error!,2,7,11,13,NA,NA,NA,NA
2022-11-18,din_01,dindini,tanzania,scarinae,scarus_tricolor,#error!,2,1,31,33,NA,NA,NA,NA
2022-11-18,din_02,dindini,tanzania,scarinae,scarus_ghobban,#error!,5,1,61,63,NA,NA,NA,NA
2022-11-18,din_02,dindini,tanzania,scarinae,scarus_ghobban,#error!,5,1,56,58,NA,NA,NA,NA
2018-10-13,mw_b_p_sc16,djirani,comoros,scarinae,scarus_rubroviolaceus,#error!,3,1,61,63,NA,NA,NA,NA
2018-10-14,mw_b_p_sc17,djirani,comoros,scarinae,chlorurus_strongylocephalus_b,#error!,4,1,36,38,NA,NA,NA,NA
2018-10-14,mw_b_p_sc17,djirani,comoros,scarinae,scarus_tricolor,#error!,4,1,26,28,NA,NA,NA,NA
2018-10-14,mw_b_p_sc17,djirani,comoros,scarinae,scarus_rubroviolaceus,#error!,4,1,36,38,NA,NA,NA,NA
2018-10-14,mw_b_p_sc17,djirani,comoros,scarinae,scarus_rubroviolaceus,#error!,5,1,41,43,NA,NA,NA,NA
2018-10-14,mw_b_p_sc17,djirani,comoros,scarinae,calotomus_carolinus,#error!,6,1,16,18,NA,NA,NA,NA
2021-03-19,dol_01,dolphin,kenya,scarinae,calotomus_carolinus,#error!,1,1,21,23,NA,NA,NA,NA
2021-03-19,dol_01,dolphin,kenya,scarinae,chlorurus_sordidus_s,#error!,1,1,11,13,NA,NA,NA,NA
2021-03-19,dol_01,dolphin,kenya,scarinae,scarus_tricolor,#error!,1,1,16,18,NA,NA,NA,NA
2021-03-19,dol_01,dolphin,kenya,scarinae,calotomus_carolinus,#error!,2,1,21,23,NA,NA,NA,NA
2021-03-19,dol_01,dolphin,kenya,scarinae,calotomus_carolinus,#error!,2,1,16,18,NA,NA,NA,NA
2021-03-19,dol_01,dolphin,kenya,scarinae,chlorurus_sordidus_s,#error!,2,5,11,13,NA,NA,NA,NA
2021-03-19,dol_01,dolphin,kenya,scarinae,chlorurus_sordidus_s,#error!,2,1,21,23,NA,NA,NA,NA
2021-03-19,dol_01,dolphin,kenya,scarinae,scarus_tricolor,#error!,2,2,21,23,NA,NA,NA,NA
2021-03-19,dol_01,dolphin,kenya,scarinae,scarus_caudofasciatus,#error!,2,1,26,28,NA,NA,NA,NA
2021-03-19,dol_01,dolphin,kenya,scarinae,chlorurus_sordidus_s,#error!,3,4,11,13,NA,NA,NA,NA
2021-03-19,dol_01,dolphin,kenya,scarinae,chlorurus_sordidus_s,#error!,3,1,21,23,NA,NA,NA,NA
2021-03-19,dol_02,dolphin,kenya,scarinae,calotomus_carolinus,#error!,4,1,21,23,NA,NA,NA,NA
2021-03-19,dol_02,dolphin,kenya,scarinae,chlorurus_sordidus_s,#error!,4,1,16,18,NA,NA,NA,NA
2021-03-19,dol_02,dolphin,kenya,scarinae,calotomus_carolinus,#error!,5,1,26,28,NA,NA,NA,NA
2021-03-19,dol_02,dolphin,kenya,scarinae,chlorurus_sordidus_b,#error!,5,2,11,13,NA,NA,NA,NA
2023-11-02,fassi1,fassi,comoros,scarinae,chlorurus_sordidus,#error!,3,3,16,18,NA,NA,NA,NA
2023-11-02,fassi1,fassi,comoros,scarinae,chlorurus_sordidus,#error!,3,3,11,13,NA,NA,NA,NA
2023-11-02,fassi1,fassi,comoros,scarinae,chlorurus_sordidus,#error!,3,1,21,23,NA,NA,NA,NA
2023-11-02,fassi1,fassi,comoros,scarinae,scarus_rubroviolaceus,#error!,3,1,41,43,NA,NA,NA,NA
2023-11-02,fassi1,fassi,comoros,scarinae,calotomus_carolinus,#error!,4,1,16,18,NA,NA,NA,NA
2023-11-02,fassi1,fassi,comoros,scarinae,chlorurus_sordidus,#error!,4,1,16,18,NA,NA,NA,NA
2023-11-02,fassi1,fassi,comoros,scarinae,chlorurus_sordidus,#error!,4,4,11,13,NA,NA,NA,NA
2023-11-02,fassi2,fassi,comoros,scarinae,calotomus_carolinus,#error!,1,1,21,23,NA,NA,NA,NA
2023-11-02,fassi2,fassi,comoros,scarinae,chlorurus_sordidus,#error!,1,5,11,13,NA,NA,NA,NA
2023-11-02,fassi2,fassi,comoros,scarinae,scarus_scaber,#error!,1,3,16,18,NA,NA,NA,NA
2023-11-02,fassi2,fassi,comoros,scarinae,scarus_scaber,#error!,1,1,21,23,NA,NA,NA,NA
2023-11-02,fassi2,fassi,comoros,scarinae,scarus_rubroviolaceus,#error!,1,1,11,13,NA,NA,NA,NA
2023-11-02,fassi2,fassi,comoros,scarinae,chlorurus_sordidus,#error!,2,3,11,13,NA,NA,NA,NA
2023-11-02,fassi2,fassi,comoros,scarinae,chlorurus_sordidus,#error!,2,1,16,18,NA,NA,NA,NA
2023-11-02,fassi2,fassi,comoros,scarinae,scarus_tricolor,#error!,2,3,11,13,NA,NA,NA,NA
2023-11-02,fassi2,fassi,comoros,scarinae,scarus_rubroviolaceus,#error!,2,4,11,13,NA,NA,NA,NA
2023-11-02,fassi2,fassi,comoros,scarinae,scarus_rubroviolaceus,#error!,2,1,16,18,NA,NA,NA,NA
2023-11-02,fassi2,fassi,comoros,scarinae,scarus_psittacus,#error!,2,1,21,23,NA,NA,NA,NA
2023-11-02,fassi2,fassi,comoros,scarinae,scarus_psittacus,#error!,2,1,16,18,NA,NA,NA,NA
2018-10-09,mw_e_p_sc09,ferenga,comoros,scarinae,cetoscarus_ocellatus,#error!,1,1,11,13,NA,NA,NA,NA
2018-10-09,mw_e_p_sc09,ferenga,comoros,scarinae,chlorurus_strongylocephalus_b,#error!,1,1,31,33,NA,NA,NA,NA
2018-10-09,mw_e_p_sc09,ferenga,comoros,scarinae,scarus_prasiognathus,#error!,1,1,31,33,NA,NA,NA,NA
2018-10-09,mw_e_p_sc09,ferenga,comoros,scarinae,scarus_rubroviolaceus,#error!,1,1,46,48,NA,NA,NA,NA
2018-10-09,mw_e_p_sc09,ferenga,comoros,scarinae,scarus_tricolor,#error!,1,2,26,28,NA,NA,NA,NA
2018-10-09,mw_e_p_sc09,ferenga,comoros,scarinae,calotomus_carolinus,#error!,2,1,46,48,NA,NA,NA,NA
2018-10-09,mw_e_p_sc09,ferenga,comoros,scarinae,chlorurus_strongylocephalus_s,#error!,2,1,26,28,NA,NA,NA,NA
2018-10-09,mw_e_p_sc09,ferenga,comoros,scarinae,chlorurus_strongylocephalus_s,#error!,2,1,21,23,NA,NA,NA,NA
2018-10-09,mw_e_p_sc09,ferenga,comoros,scarinae,scarus_niger,#error!,2,1,36,38,NA,NA,NA,NA
2018-10-09,mw_e_p_sc09,ferenga,comoros,scarinae,scarus_tricolor,#error!,2,1,26,28,NA,NA,NA,NA
2018-10-09,mw_e_p_sc09,ferenga,comoros,scarinae,scarus_tricolor,#error!,2,1,21,23,NA,NA,NA,NA
2018-10-09,mw_e_p_sc09,ferenga,comoros,scarinae,scarus_tricolor,#error!,2,1,16,18,NA,NA,NA,NA
2018-10-09,mw_e_p_sc09,ferenga,comoros,scarinae,cetoscarus_ocellatus,#error!,3,1,41,43,NA,NA,NA,NA
2018-10-09,mw_e_p_sc09,ferenga,comoros,scarinae,chlorurus_strongylocephalus_b,#error!,3,6,36,38,NA,NA,NA,NA
2018-10-09,mw_e_p_sc09,ferenga,comoros,scarinae,chlorurus_strongylocephalus_b,#error!,3,1,41,43,NA,NA,NA,NA
2018-10-09,mw_e_p_sc09,ferenga,comoros,scarinae,scarus_prasiognathus,#error!,3,1,21,23,NA,NA,NA,NA
2018-10-09,mw_e_p_sc09,ferenga,comoros,scarinae,scarus_prasiognathus,#error!,3,1,31,33,NA,NA,NA,NA
2018-10-09,mw_e_p_sc09,ferenga,comoros,scarinae,scarus_niger,#error!,3,1,36,38,NA,NA,NA,NA
2018-10-09,mw_e_p_sc09,ferenga,comoros,scarinae,scarus_niger,#error!,3,1,41,43,NA,NA,NA,NA
2018-10-09,mw_e_p_sc09,ferenga,comoros,scarinae,scarus_niger,#error!,3,2,31,33,NA,NA,NA,NA
2018-10-09,mw_e_p_sc09,ferenga,comoros,scarinae,scarus_russelli,#error!,3,1,36,38,NA,NA,NA,NA
2018-10-09,mw_e_p_sc09,ferenga,comoros,scarinae,scarus_russelli,#error!,3,1,41,43,NA,NA,NA,NA
2018-10-09,mw_e_p_sc09,ferenga,comoros,scarinae,scarus_russelli,#error!,3,2,31,33,NA,NA,NA,NA
2018-10-09,mw_e_p_sc09,ferenga,comoros,scarinae,scarus_tricolor,#error!,3,1,31,33,NA,NA,NA,NA
2018-10-09,mw_e_p_sc09,ferenga,comoros,scarinae,scarus_scaber,#error!,3,1,31,33,NA,NA,NA,NA
2018-10-10,mw_e_p_sc10,ferenga,comoros,scarinae,chlorurus_atrilunula_s,#error!,4,1,31,33,NA,NA,NA,NA
2018-10-10,mw_e_p_sc10,ferenga,comoros,scarinae,chlorurus_atrilunula_s,#error!,4,1,26,28,NA,NA,NA,NA
2018-10-10,mw_e_p_sc10,ferenga,comoros,scarinae,chlorurus_strongylocephalus_s,#error!,4,1,21,23,NA,NA,NA,NA
2018-10-10,mw_e_p_sc10,ferenga,comoros,scarinae,chlorurus_sordidus_s,#error!,4,1,16,18,NA,NA,NA,NA
2018-10-10,mw_e_p_sc10,ferenga,comoros,scarinae,scarus_rubroviolaceus,#error!,4,1,66,68,NA,NA,NA,NA
2018-10-10,mw_e_p_sc10,ferenga,comoros,scarinae,scarus_tricolor,#error!,4,2,16,18,NA,NA,NA,NA
2018-10-10,mw_e_p_sc10,ferenga,comoros,scarinae,scarus_tricolor,#error!,4,1,21,23,NA,NA,NA,NA
2018-10-10,mw_e_p_sc10,ferenga,comoros,scarinae,scarus_tricolor,#error!,4,1,26,28,NA,NA,NA,NA
2018-10-10,mw_e_p_sc10,ferenga,comoros,scarinae,scarus_prasiognathus,#error!,4,4,16,18,NA,NA,NA,NA
2018-10-10,mw_e_p_sc10,ferenga,comoros,scarinae,scarus_niger,#error!,5,1,16,18,NA,NA,NA,NA
2018-10-10,mw_e_p_sc10,ferenga,comoros,scarinae,chlorurus_strongylocephalus_s,#error!,5,1,26,28,NA,NA,NA,NA
2018-10-10,mw_e_p_sc10,ferenga,comoros,scarinae,chlorurus_strongylocephalus_b,#error!,5,1,51,53,NA,NA,NA,NA
2018-10-10,mw_e_p_sc10,ferenga,comoros,scarinae,chlorurus_sordidus_s,#error!,5,2,16,18,NA,NA,NA,NA
2018-10-10,mw_e_p_sc10,ferenga,comoros,scarinae,scarus_rubroviolaceus,#error!,5,2,16,18,NA,NA,NA,NA
2018-10-10,mw_e_p_sc10,ferenga,comoros,scarinae,scarus_rubroviolaceus,#error!,5,1,31,33,NA,NA,NA,NA
2018-10-10,mw_e_p_sc10,ferenga,comoros,scarinae,scarus_rubroviolaceus,#error!,5,1,56,58,NA,NA,NA,NA
2018-10-10,mw_e_p_sc10,ferenga,comoros,scarinae,scarus_tricolor,#error!,5,2,21,23,NA,NA,NA,NA
2018-10-10,mw_e_p_sc10,ferenga,comoros,scarinae,scarus_prasiognathus,#error!,5,4,16,18,NA,NA,NA,NA
2018-10-10,mw_e_p_sc10,ferenga,comoros,scarinae,chlorurus_sordidus_s,#error!,6,3,21,23,NA,NA,NA,NA
2018-10-10,mw_e_p_sc10,ferenga,comoros,scarinae,chlorurus_sordidus_s,#error!,6,1,26,28,NA,NA,NA,NA
2018-10-10,mw_e_p_sc10,ferenga,comoros,scarinae,scarus_rubroviolaceus,#error!,6,10,21,23,NA,NA,NA,NA
2018-10-10,mw_e_p_sc10,ferenga,comoros,scarinae,scarus_rubroviolaceus,#error!,6,5,26,28,NA,NA,NA,NA
2018-10-10,mw_e_p_sc10,ferenga,comoros,scarinae,scarus_rubroviolaceus,#error!,6,1,31,33,NA,NA,NA,NA
2018-10-10,mw_e_p_sc10,ferenga,comoros,scarinae,scarus_rubroviolaceus,#error!,6,1,36,38,NA,NA,NA,NA
2018-10-10,mw_e_p_sc10,ferenga,comoros,scarinae,scarus_rubroviolaceus,#error!,6,1,41,43,NA,NA,NA,NA
2018-10-10,mw_e_p_sc10,ferenga,comoros,scarinae,scarus_rubroviolaceus,#error!,6,1,16,18,NA,NA,NA,NA
2018-10-10,mw_e_p_sc10,ferenga,comoros,scarinae,scarus_frenatus,#error!,6,3,21,23,NA,NA,NA,NA
2018-10-10,mw_e_p_sc10,ferenga,comoros,scarinae,scarus_frenatus,#error!,6,3,16,18,NA,NA,NA,NA
2018-10-10,mw_e_p_sc10,ferenga,comoros,scarinae,scarus_frenatus,#error!,6,1,26,28,NA,NA,NA,NA
2018-10-10,mw_e_p_sc10,ferenga,comoros,scarinae,scarus_frenatus,#error!,6,1,31,33,NA,NA,NA,NA
2018-10-10,mw_e_p_sc10,ferenga,comoros,scarinae,scarus_frenatus,#error!,6,1,36,38,NA,NA,NA,NA
2019-11-15,fug_01,fundo_coral_garden,tanzania,scarinae,cetoscarus_ocellatus,#error!,1,1,11,13,NA,NA,NA,NA
2019-11-15,fug_01,fundo_coral_garden,tanzania,scarinae,calotomus_carolinus,#error!,1,1,31,33,NA,NA,NA,NA
2019-11-15,fug_01,fundo_coral_garden,tanzania,scarinae,chlorurus_strongylocephalus_s,#error!,1,1,31,33,NA,NA,NA,NA
2019-11-15,fug_01,fundo_coral_garden,tanzania,scarinae,chlorurus_strongylocephalus_b,#error!,1,1,51,53,NA,NA,NA,NA
2019-11-15,fug_01,fundo_coral_garden,tanzania,scarinae,chlorurus_sordidus_s,#error!,1,2,16,18,NA,NA,NA,NA
2019-11-15,fug_01,fundo_coral_garden,tanzania,scarinae,scarus_scaber,#error!,1,1,16,18,NA,NA,NA,NA
2019-11-15,fug_01,fundo_coral_garden,tanzania,scarinae,scarus_scaber,#error!,1,2,21,23,NA,NA,NA,NA
2019-11-15,fug_01,fundo_coral_garden,tanzania,scarinae,chlorurus_sordidus_s,#error!,2,6,16,18,NA,NA,NA,NA
2019-11-15,fug_01,fundo_coral_garden,tanzania,scarinae,chlorurus_sordidus_s,#error!,2,2,21,23,NA,NA,NA,NA
2019-11-15,fug_01,fundo_coral_garden,tanzania,scarinae,scarus_tricolor,#error!,2,1,16,18,NA,NA,NA,NA
2019-11-15,fug_01,fundo_coral_garden,tanzania,scarinae,chlorurus_sordidus_s,#error!,3,1,26,28,NA,NA,NA,NA
2019-11-15,fug_01,fundo_coral_garden,tanzania,scarinae,chlorurus_sordidus_s,#error!,3,1,21,23,NA,NA,NA,NA
2019-11-15,fug_01,fundo_coral_garden,tanzania,scarinae,chlorurus_sordidus_s,#error!,3,7,16,18,NA,NA,NA,NA
2019-11-15,fug_01,fundo_coral_garden,tanzania,scarinae,scarus_tricolor,#error!,3,2,16,18,NA,NA,NA,NA
2019-11-17,fug_03,fundo_coral_garden,tanzania,scarinae,chlorurus_strongylocephalus_s,#error!,4,1,26,28,NA,NA,NA,NA
2019-11-17,fug_03,fundo_coral_garden,tanzania,scarinae,chlorurus_sordidus_s,#error!,4,1,16,18,NA,NA,NA,NA
2019-11-17,fug_03,fundo_coral_garden,tanzania,scarinae,scarus_tricolor,#error!,4,2,11,13,NA,NA,NA,NA
2019-11-17,fug_03,fundo_coral_garden,tanzania,scarinae,scarus_scaber,#error!,4,1,21,23,NA,NA,NA,NA
2019-11-17,fug_03,fundo_coral_garden,tanzania,scarinae,calotomus_carolinus,#error!,5,1,16,18,NA,NA,NA,NA
2019-11-17,fug_03,fundo_coral_garden,tanzania,scarinae,chlorurus_sordidus_s,#error!,5,1,16,18,NA,NA,NA,NA
2019-11-17,fug_03,fundo_coral_garden,tanzania,scarinae,chlorurus_sordidus_s,#error!,5,1,21,23,NA,NA,NA,NA
2019-11-17,fug_03,fundo_coral_garden,tanzania,scarinae,chlorurus_sordidus_s,#error!,5,1,11,13,NA,NA,NA,NA
2019-11-13,fgi_01,fundo_gap_inner,tanzania,scarinae,chlorurus_sordidus_s,#error!,1,9,11,13,NA,NA,NA,NA
2019-11-13,fgi_01,fundo_gap_inner,tanzania,scarinae,scarus_tricolor,#error!,1,1,11,13,NA,NA,NA,NA
2019-11-13,fgi_01,fundo_gap_inner,tanzania,scarinae,scarus_scaber,#error!,1,2,16,18,NA,NA,NA,NA
2019-11-13,fgi_01,fundo_gap_inner,tanzania,scarinae,scarus_falcipinnis,#error!,1,2,11,13,NA,NA,NA,NA
2019-11-13,fgi_01,fundo_gap_inner,tanzania,scarinae,scarus_psittacus,#error!,1,1,11,13,NA,NA,NA,NA
2019-11-13,fgi_01,fundo_gap_inner,tanzania,scarinae,scarus_psittacus,#error!,1,4,16,18,NA,NA,NA,NA
2019-11-13,fgi_01,fundo_gap_inner,tanzania,scarinae,hipposcarus_harid,#error!,2,2,21,23,NA,NA,NA,NA
2019-11-13,fgi_01,fundo_gap_inner,tanzania,scarinae,hipposcarus_harid,#error!,2,5,16,18,NA,NA,NA,NA
2019-11-13,fgi_01,fundo_gap_inner,tanzania,scarinae,hipposcarus_harid,#error!,2,1,26,28,NA,NA,NA,NA
2019-11-13,fgi_01,fundo_gap_inner,tanzania,scarinae,chlorurus_sordidus_s,#error!,2,1,11,13,NA,NA,NA,NA
2019-11-13,fgi_01,fundo_gap_inner,tanzania,scarinae,scarus_scaber,#error!,2,1,26,28,NA,NA,NA,NA
2019-11-13,fgi_01,fundo_gap_inner,tanzania,scarinae,scarus_scaber,#error!,2,1,16,18,NA,NA,NA,NA
2019-11-13,fgi_01,fundo_gap_inner,tanzania,scarinae,scarus_psittacus,#error!,2,1,11,13,NA,NA,NA,NA
2019-11-13,fgi_02,fundo_gap_inner,tanzania,scarinae,calotomus_carolinus,#error!,3,1,16,18,NA,NA,NA,NA
2019-11-13,fgi_02,fundo_gap_inner,tanzania,scarinae,calotomus_carolinus,#error!,3,2,11,13,NA,NA,NA,NA
2019-11-13,fgi_02,fundo_gap_inner,tanzania,scarinae,scarus_ghobban,#error!,3,1,11,13,NA,NA,NA,NA
2019-11-13,fgi_02,fundo_gap_inner,tanzania,scarinae,scarus_psittacus,#error!,3,1,21,23,NA,NA,NA,NA
2019-11-13,fgi_02,fundo_gap_inner,tanzania,scarinae,scarus_psittacus,#error!,3,4,11,13,NA,NA,NA,NA
2019-11-13,fgi_02,fundo_gap_inner,tanzania,scarinae,scarus_russelli,#error!,3,6,11,13,NA,NA,NA,NA
2019-11-13,fgi_02,fundo_gap_inner,tanzania,scarinae,cetoscarus_ocellatus,#error!,4,1,11,13,NA,NA,NA,NA
2019-11-13,fgi_02,fundo_gap_inner,tanzania,scarinae,hipposcarus_harid,#error!,4,4,21,23,NA,NA,NA,NA
2019-11-13,fgi_02,fundo_gap_inner,tanzania,scarinae,scarus_psittacus,#error!,4,1,11,13,NA,NA,NA,NA
2019-11-13,fgi_02,fundo_gap_inner,tanzania,scarinae,scarus_ghobban,#error!,4,2,11,13,NA,NA,NA,NA
2019-11-14,fuo_01,fundo_outer,tanzania,scarinae,chlorurus_sordidus_s,#error!,1,1,26,28,NA,NA,NA,NA
2019-11-14,fuo_01,fundo_outer,tanzania,scarinae,chlorurus_sordidus_s,#error!,1,1,16,18,NA,NA,NA,NA
2019-11-14,fuo_01,fundo_outer,tanzania,scarinae,chlorurus_sordidus_s,#error!,1,1,21,23,NA,NA,NA,NA
2019-11-14,fuo_01,fundo_outer,tanzania,scarinae,hipposcarus_harid,#error!,1,2,21,23,NA,NA,NA,NA
2019-11-14,fuo_01,fundo_outer,tanzania,scarinae,scarus_scaber,#error!,1,2,26,28,NA,NA,NA,NA
2019-11-14,fuo_01,fundo_outer,tanzania,scarinae,scarus_scaber,#error!,1,1,36,38,NA,NA,NA,NA
2019-11-14,fuo_01,fundo_outer,tanzania,scarinae,scarus_scaber,#error!,1,1,21,23,NA,NA,NA,NA
2019-11-14,fuo_01,fundo_outer,tanzania,scarinae,scarus_russelli,#error!,1,1,36,38,NA,NA,NA,NA
2019-11-14,fuo_01,fundo_outer,tanzania,scarinae,scarus_tricolor,#error!,1,1,21,23,NA,NA,NA,NA
2019-11-14,fuo_01,fundo_outer,tanzania,scarinae,scarus_tricolor,#error!,1,1,26,28,NA,NA,NA,NA
2019-11-14,fuo_01,fundo_outer,tanzania,scarinae,chlorurus_sordidus_s,#error!,2,1,16,18,NA,NA,NA,NA
2019-11-14,fuo_01,fundo_outer,tanzania,scarinae,chlorurus_sordidus_s,#error!,2,1,21,23,NA,NA,NA,NA
2019-11-14,fuo_01,fundo_outer,tanzania,scarinae,scarus_scaber,#error!,2,1,26,28,NA,NA,NA,NA
2019-11-14,fuo_01,fundo_outer,tanzania,scarinae,scarus_scaber,#error!,2,2,21,23,NA,NA,NA,NA
2019-11-14,fuo_01,fundo_outer,tanzania,scarinae,scarus_scaber,#error!,2,1,16,18,NA,NA,NA,NA
2019-11-14,fuo_01,fundo_outer,tanzania,scarinae,scarus_tricolor,#error!,2,1,26,28,NA,NA,NA,NA
2019-11-14,fuo_01,fundo_outer,tanzania,scarinae,scarus_psittacus,#error!,2,3,16,18,NA,NA,NA,NA
2019-11-14,fuo_01,fundo_outer,tanzania,scarinae,scarus_psittacus,#error!,2,2,11,13,NA,NA,NA,NA
2019-11-14,fuo_01,fundo_outer,tanzania,scarinae,scarus_psittacus,#error!,2,2,21,23,NA,NA,NA,NA
2019-11-14,fuo_01,fundo_outer,tanzania,scarinae,scarus_psittacus,#error!,2,1,26,28,NA,NA,NA,NA
2019-11-14,fuo_01,fundo_outer,tanzania,scarinae,chlorurus_strongylocephalus_s,#error!,3,1,21,23,NA,NA,NA,NA
2019-11-14,fuo_01,fundo_outer,tanzania,scarinae,calotomus_carolinus,#error!,3,1,21,23,NA,NA,NA,NA
2019-11-14,fuo_01,fundo_outer,tanzania,scarinae,chlorurus_sordidus_s,#error!,3,1,16,18,NA,NA,NA,NA
2019-11-14,fuo_01,fundo_outer,tanzania,scarinae,chlorurus_sordidus_s,#error!,3,1,26,28,NA,NA,NA,NA
2019-11-14,fuo_01,fundo_outer,tanzania,scarinae,chlorurus_sordidus_s,#error!,3,1,21,23,NA,NA,NA,NA
2019-11-14,fuo_01,fundo_outer,tanzania,scarinae,scarus_scaber,#error!,3,5,21,23,NA,NA,NA,NA
2019-11-14,fuo_01,fundo_outer,tanzania,scarinae,scarus_russelli,#error!,3,1,31,33,NA,NA,NA,NA
2019-11-14,fuo_01,fundo_outer,tanzania,scarinae,scarus_russelli,#error!,3,1,26,28,NA,NA,NA,NA
2019-11-14,fuo_01,fundo_outer,tanzania,scarinae,scarus_tricolor,#error!,3,2,21,23,NA,NA,NA,NA
2019-11-14,fuo_01,fundo_outer,tanzania,scarinae,scarus_psittacus,#error!,3,3,21,23,NA,NA,NA,NA
2019-11-14,fuo_01,fundo_outer,tanzania,scarinae,scarus_psittacus,#error!,3,7,16,18,NA,NA,NA,NA
2019-11-14,fuo_01,fundo_outer,tanzania,scarinae,scarus_psittacus,#error!,3,5,11,13,NA,NA,NA,NA
2019-11-14,fuo_01,fundo_outer,tanzania,scarinae,scarus_ghobban,#error!,3,1,16,18,NA,NA,NA,NA
2019-11-14,fuo_02,fundo_outer,tanzania,scarinae,calotomus_carolinus,#error!,4,1,21,23,NA,NA,NA,NA
2019-11-14,fuo_02,fundo_outer,tanzania,scarinae,chlorurus_sordidus_s,#error!,4,1,16,18,NA,NA,NA,NA
2019-11-14,fuo_02,fundo_outer,tanzania,scarinae,chlorurus_sordidus_s,#error!,4,1,26,28,NA,NA,NA,NA
2019-11-14,fuo_02,fundo_outer,tanzania,scarinae,chlorurus_sordidus_s,#error!,4,1,11,13,NA,NA,NA,NA
2019-11-14,fuo_02,fundo_outer,tanzania,scarinae,scarus_scaber,#error!,4,1,21,23,NA,NA,NA,NA
2019-11-14,fuo_02,fundo_outer,tanzania,scarinae,scarus_tricolor,#error!,4,2,16,18,NA,NA,NA,NA
2019-11-14,fuo_02,fundo_outer,tanzania,scarinae,scarus_tricolor,#error!,4,3,11,13,NA,NA,NA,NA
2019-11-14,fuo_02,fundo_outer,tanzania,scarinae,scarus_tricolor,#error!,4,1,21,23,NA,NA,NA,NA
2019-11-14,fuo_02,fundo_outer,tanzania,scarinae,scarus_psittacus,#error!,4,1,16,18,NA,NA,NA,NA
2019-11-14,fuo_02,fundo_outer,tanzania,scarinae,scarus_psittacus,#error!,4,1,21,23,NA,NA,NA,NA
2019-11-14,fuo_02,fundo_outer,tanzania,scarinae,hipposcarus_harid,#error!,5,3,21,23,NA,NA,NA,NA
2019-11-14,fuo_02,fundo_outer,tanzania,scarinae,hipposcarus_harid,#error!,5,1,26,28,NA,NA,NA,NA
2019-11-14,fuo_02,fundo_outer,tanzania,scarinae,chlorurus_sordidus_s,#error!,5,1,11,13,NA,NA,NA,NA
2019-11-14,fuo_02,fundo_outer,tanzania,scarinae,chlorurus_sordidus_s,#error!,5,1,26,28,NA,NA,NA,NA
2019-11-14,fuo_02,fundo_outer,tanzania,scarinae,scarus_russelli,#error!,5,1,31,33,NA,NA,NA,NA
2019-11-14,fuo_02,fundo_outer,tanzania,scarinae,scarus_tricolor,#error!,5,1,26,28,NA,NA,NA,NA
2019-11-14,fuo_02,fundo_outer,tanzania,scarinae,scarus_tricolor,#error!,5,1,21,23,NA,NA,NA,NA
2019-11-14,fuo_02,fundo_outer,tanzania,scarinae,scarus_psittacus,#error!,5,4,21,23,NA,NA,NA,NA
2022-09-16,ifou_01,ifoundihe_chamboini,comoros,scarinae,chlorurus_sordidus,#error!,1,1,16,18,NA,NA,NA,NA
2022-09-16,ifou_01,ifoundihe_chamboini,comoros,scarinae,chlorurus_sordidus,#error!,1,2,26,28,NA,NA,NA,NA
2022-09-16,ifou_01,ifoundihe_chamboini,comoros,scarinae,scarus_spp.,#error!,2,1,41,43,NA,NA,NA,NA
2022-09-16,ifou_01,ifoundihe_chamboini,comoros,scarinae,scarus_tricolor,#error!,2,2,21,23,NA,NA,NA,NA
2022-09-17,ifou_02,ifoundihe_chamboini,comoros,scarinae,scarus_tricolor,#error!,3,2,21,23,NA,NA,NA,NA
2022-09-17,ifou_02,ifoundihe_chamboini,comoros,scarinae,chlorurus_sordidus,#error!,4,2,21,23,NA,NA,NA,NA
2022-09-17,ifou_02,ifoundihe_chamboini,comoros,scarinae,scarus_tricolor,#error!,4,4,16,18,NA,NA,NA,NA
2022-09-17,ifou_02,ifoundihe_chamboini,comoros,scarinae,chlorurus_sordidus,#error!,5,1,21,23,NA,NA,NA,NA
2022-09-17,ifou_02,ifoundihe_chamboini,comoros,scarinae,scarus_tricolor,#error!,5,1,16,18,NA,NA,NA,NA
2022-09-15,itso_01,itsoundzou,comoros,scarinae,chlorurus_sordidus,#error!,1,4,16,18,NA,NA,NA,NA
2022-09-15,itso_01,itsoundzou,comoros,scarinae,chlorurus_sordidus,#error!,1,1,26,28,NA,NA,NA,NA
2022-09-15,itso_01,itsoundzou,comoros,scarinae,chlorurus_sordidus,#error!,1,1,31,33,NA,NA,NA,NA
2022-09-15,itso_01,itsoundzou,comoros,scarinae,chlorurus_sordidus,#error!,2,1,21,23,NA,NA,NA,NA
2022-09-16,itso_02,itsoundzou,comoros,scarinae,chlorurus_sordidus,#error!,3,1,31,33,NA,NA,NA,NA
2022-09-16,itso_02,itsoundzou,comoros,scarinae,scarus_tricolor,#error!,3,3,11,13,NA,NA,NA,NA
2022-09-16,itso_02,itsoundzou,comoros,scarinae,scarus_tricolor,#error!,3,3,16,18,NA,NA,NA,NA
2022-09-16,itso_02,itsoundzou,comoros,scarinae,chlorurus_sordidus,#error!,4,10,16,18,NA,NA,NA,NA
2022-09-16,itso_02,itsoundzou,comoros,scarinae,scarus_tricolor,#error!,4,5,16,18,NA,NA,NA,NA
2022-09-07,ivoi_01,ivoini,comoros,scarinae,chlorurus_sordidus,#error!,1,1,16,18,NA,NA,NA,NA
2022-09-07,ivoi_01,ivoini,comoros,scarinae,scarus_spp.,#error!,1,1,11,13,NA,NA,NA,NA
2022-09-07,ivoi_02,ivoini,comoros,scarinae,scarus_spp.,#error!,3,1,21,23,NA,NA,NA,NA
2022-03-04,iwe_01,iweni,kenya,scarinae,chlorurus_sordidus_s,#error!,1,1,11,13,NA,NA,NA,NA
2022-03-04,iwe_01,iweni,kenya,scarinae,scarus_ghobban,#error!,1,4,16,18,NA,NA,NA,NA
2022-03-04,iwe_01,iweni,kenya,scarinae,scarus_ghobban,#error!,2,10,16,18,NA,NA,NA,NA
2022-03-04,iwe_01,iweni,kenya,scarinae,scarus_ghobban,#error!,2,1,26,28,NA,NA,NA,NA
2022-03-04,iwe_01,iweni,kenya,scarinae,scarus_ghobban,#error!,2,5,21,23,NA,NA,NA,NA
2022-03-04,iwe_01,iweni,kenya,scarinae,scarus_ghobban,#error!,3,1,16,18,NA,NA,NA,NA
2022-03-04,iwe_01,iweni,kenya,scarinae,chlorurus_sordidus_s,#error!,4,1,11,13,NA,NA,NA,NA
2022-03-04,iwe_01,iweni,kenya,scarinae,scarus_ghobban,#error!,4,3,31,33,NA,NA,NA,NA
2022-03-04,iwe_01,iweni,kenya,scarinae,scarus_ghobban,#error!,4,2,26,28,NA,NA,NA,NA
2022-03-04,iwe_01,iweni,kenya,scarinae,chlorurus_sordidus_s,#error!,5,1,21,23,NA,NA,NA,NA
2022-03-04,iwe_01,iweni,kenya,scarinae,scarus_tricolor,#error!,5,1,26,28,NA,NA,NA,NA
2021-03-29,jac_01,jacaranda,kenya,scarinae,calotomus_carolinus,#error!,1,8,11,13,NA,NA,NA,NA
2021-03-29,jac_01,jacaranda,kenya,scarinae,chlorurus_sordidus_b,#error!,1,1,21,23,NA,NA,NA,NA
2021-03-29,jac_01,jacaranda,kenya,scarinae,chlorurus_sordidus_b,#error!,1,1,16,18,NA,NA,NA,NA
2021-03-29,jac_01,jacaranda,kenya,scarinae,calotomus_carolinus,#error!,2,5,21,23,NA,NA,NA,NA
2021-03-29,jac_01,jacaranda,kenya,scarinae,calotomus_carolinus,#error!,2,4,16,18,NA,NA,NA,NA
2021-03-29,jac_01,jacaranda,kenya,scarinae,calotomus_carolinus,#error!,2,4,11,13,NA,NA,NA,NA
2021-03-29,jac_01,jacaranda,kenya,scarinae,chlorurus_sordidus_b,#error!,2,2,21,23,NA,NA,NA,NA
2021-03-29,jac_01,jacaranda,kenya,scarinae,chlorurus_sordidus_b,#error!,2,15,11,13,NA,NA,NA,NA
2021-03-29,jac_01,jacaranda,kenya,scarinae,calotomus_carolinus,#error!,3,4,16,18,NA,NA,NA,NA
2021-03-29,jac_01,jacaranda,kenya,scarinae,calotomus_carolinus,#error!,3,14,11,13,NA,NA,NA,NA
2021-03-29,jac_01,jacaranda,kenya,scarinae,chlorurus_sordidus_b,#error!,3,2,11,13,NA,NA,NA,NA
2021-03-29,jac_02,jacaranda,kenya,scarinae,chlorurus_sordidus_b,#error!,4,2,21,23,NA,NA,NA,NA
2021-03-29,jac_02,jacaranda,kenya,scarinae,chlorurus_sordidus_b,#error!,4,1,16,18,NA,NA,NA,NA
2021-03-29,jac_02,jacaranda,kenya,scarinae,scarus_russelli,#error!,4,1,11,13,NA,NA,NA,NA
2021-03-29,jac_02,jacaranda,kenya,scarinae,scarus_russelli,#error!,4,1,16,18,NA,NA,NA,NA
2021-03-29,jac_02,jacaranda,kenya,scarinae,scarus_russelli,#error!,4,1,21,23,NA,NA,NA,NA
2021-03-29,jac_02,jacaranda,kenya,scarinae,chlorurus_sordidus_b,#error!,5,3,16,18,NA,NA,NA,NA
2021-03-29,jac_02,jacaranda,kenya,scarinae,chlorurus_sordidus_b,#error!,5,1,21,23,NA,NA,NA,NA
2022-03-31,jmk_01,jamba_wa_kwale,kenya,scarinae,calotomus_carolinus,#error!,1,1,21,23,NA,NA,NA,NA
2022-03-31,jmk_01,jamba_wa_kwale,kenya,scarinae,chlorurus_sordidus_s,#error!,1,2,16,18,NA,NA,NA,NA
2022-03-31,jmk_01,jamba_wa_kwale,kenya,scarinae,chlorurus_sordidus_s,#error!,1,1,11,13,NA,NA,NA,NA
2022-03-31,jmk_01,jamba_wa_kwale,kenya,scarinae,scarus_rubroviolaceus,#error!,1,1,21,23,NA,NA,NA,NA
2022-03-31,jmk_01,jamba_wa_kwale,kenya,scarinae,scarus_rubroviolaceus,#error!,1,1,16,18,NA,NA,NA,NA
2022-03-31,jmk_01,jamba_wa_kwale,kenya,scarinae,scarus_ghobban,#error!,1,1,11,13,NA,NA,NA,NA
2022-03-31,jmk_01,jamba_wa_kwale,kenya,scarinae,scarus_ghobban,#error!,1,2,16,18,NA,NA,NA,NA
2022-03-31,jmk_01,jamba_wa_kwale,kenya,scarinae,chlorurus_sordidus_s,#error!,2,1,26,28,NA,NA,NA,NA
2022-03-31,jmk_01,jamba_wa_kwale,kenya,scarinae,chlorurus_sordidus_s,#error!,2,2,11,13,NA,NA,NA,NA
2022-03-31,jmk_01,jamba_wa_kwale,kenya,scarinae,scarus_rubroviolaceus,#error!,2,2,16,18,NA,NA,NA,NA
2022-03-31,jmk_01,jamba_wa_kwale,kenya,scarinae,scarus_ghobban,#error!,2,4,16,18,NA,NA,NA,NA
2022-03-31,jmk_01,jamba_wa_kwale,kenya,scarinae,scarus_scaber,#error!,2,1,16,18,NA,NA,NA,NA
2022-03-31,jmk_01,jamba_wa_kwale,kenya,scarinae,chlorurus_atrilunula_s,#error!,2,2,16,18,NA,NA,NA,NA
2022-03-31,jmk_01,jamba_wa_kwale,kenya,scarinae,scarus_rubroviolaceus,#error!,3,2,21,23,NA,NA,NA,NA
2022-03-31,jmk_01,jamba_wa_kwale,kenya,scarinae,scarus_scaber,#error!,3,1,31,33,NA,NA,NA,NA
2022-03-31,jmk_01,jamba_wa_kwale,kenya,scarinae,scarus_scaber,#error!,3,1,26,28,NA,NA,NA,NA
2022-03-31,jmk_02,jamba_wa_kwale,kenya,scarinae,chlorurus_atrilunula_s,#error!,4,1,21,23,NA,NA,NA,NA
2022-03-31,jmk_02,jamba_wa_kwale,kenya,scarinae,chlorurus_atrilunula_s,#error!,4,3,16,18,NA,NA,NA,NA
2022-03-31,jmk_02,jamba_wa_kwale,kenya,scarinae,chlorurus_sordidus_s,#error!,4,2,16,18,NA,NA,NA,NA
2022-03-31,jmk_02,jamba_wa_kwale,kenya,scarinae,scarus_rubroviolaceus,#error!,4,1,21,23,NA,NA,NA,NA
2022-03-31,jmk_02,jamba_wa_kwale,kenya,scarinae,calotomus_carolinus,#error!,5,1,26,28,NA,NA,NA,NA
2022-03-31,jmk_02,jamba_wa_kwale,kenya,scarinae,chlorurus_atrilunula_s,#error!,5,1,21,23,NA,NA,NA,NA
2022-03-31,jmk_02,jamba_wa_kwale,kenya,scarinae,chlorurus_atrilunula_s,#error!,5,3,16,18,NA,NA,NA,NA
2022-03-31,jmk_02,jamba_wa_kwale,kenya,scarinae,chlorurus_sordidus_s,#error!,5,1,21,23,NA,NA,NA,NA
2022-03-31,jmk_02,jamba_wa_kwale,kenya,scarinae,chlorurus_sordidus_s,#error!,5,2,16,18,NA,NA,NA,NA
2022-03-31,jmk_02,jamba_wa_kwale,kenya,scarinae,scarus_rubroviolaceus,#error!,5,1,21,23,NA,NA,NA,NA
2022-03-31,jmk_02,jamba_wa_kwale,kenya,scarinae,scarus_scaber,#error!,5,1,21,23,NA,NA,NA,NA
2023-02-11,jmi_01,jumba_idodi,kenya,scarinae,leptoscarus_vaigiensis,#error!,1,6,21,23,NA,NA,NA,NA
2023-02-11,jmi_01,jumba_idodi,kenya,scarinae,leptoscarus_vaigiensis,#error!,2,50,6,8,NA,NA,NA,NA
2023-02-11,jmi_01,jumba_idodi,kenya,scarinae,leptoscarus_vaigiensis,#error!,2,1,11,13,NA,NA,NA,NA
2023-02-11,jmi_01,jumba_idodi,kenya,scarinae,scarus_ghobban,#error!,2,2,11,13,NA,NA,NA,NA
2023-02-11,jmi_01,jumba_idodi,kenya,scarinae,scarus_ghobban,#error!,2,3,21,23,NA,NA,NA,NA
2023-02-11,jmi_01,jumba_idodi,kenya,scarinae,scarus_ghobban,#error!,2,1,26,28,NA,NA,NA,NA
2023-02-11,jmi_01,jumba_idodi,kenya,scarinae,leptoscarus_vaigiensis,#error!,3,24,6,8,NA,NA,NA,NA
2023-02-11,jmi_01,jumba_idodi,kenya,scarinae,leptoscarus_vaigiensis,#error!,3,1,16,18,NA,NA,NA,NA
2023-02-11,jmi_01,jumba_idodi,kenya,scarinae,scarus_ghobban,#error!,3,11,21,23,NA,NA,NA,NA
2023-02-11,jmi_01,jumba_idodi,kenya,scarinae,scarus_ghobban,#error!,3,2,31,33,NA,NA,NA,NA
2023-02-11,jmi_01,jumba_idodi,kenya,scarinae,scarus_ghobban,#error!,3,4,26,28,NA,NA,NA,NA
2023-02-11,jmi_01,jumba_idodi,kenya,scarinae,scarus_ghobban,#error!,3,6,11,13,NA,NA,NA,NA
2022-10-25,jbr_01,jumbo_ruins,kenya,scarinae,hipposcarus_harid,#error!,1,1,41,43,NA,NA,NA,NA
2022-10-25,jbr_01,jumbo_ruins,kenya,scarinae,chlorurus_sordidus_s,#error!,1,3,16,18,NA,NA,NA,NA
2022-10-25,jbr_01,jumbo_ruins,kenya,scarinae,scarus_spp.,#error!,1,6,21,23,NA,NA,NA,NA
2022-10-25,jbr_01,jumbo_ruins,kenya,scarinae,scarus_spp.,#error!,1,3,16,18,NA,NA,NA,NA
2022-10-25,jbr_01,jumbo_ruins,kenya,scarinae,scarus_spp.,#error!,1,4,31,33,NA,NA,NA,NA
2022-10-25,jbr_01,jumbo_ruins,kenya,scarinae,scarus_spp.,#error!,2,1,16,18,NA,NA,NA,NA
2022-10-25,jbr_01,jumbo_ruins,kenya,scarinae,scarus_spp.,#error!,2,3,21,23,NA,NA,NA,NA
2022-10-25,jbr_01,jumbo_ruins,kenya,scarinae,scarus_spp.,#error!,2,2,31,33,NA,NA,NA,NA
2022-10-25,jbr_01,jumbo_ruins,kenya,scarinae,scarus_spp.,#error!,2,1,26,28,NA,NA,NA,NA
2022-10-25,jbr_01,jumbo_ruins,kenya,scarinae,chlorurus_sordidus_s,#error!,3,1,21,23,NA,NA,NA,NA
2022-10-25,jbr_01,jumbo_ruins,kenya,scarinae,chlorurus_sordidus_s,#error!,3,2,11,13,NA,NA,NA,NA
2022-10-25,jbr_01,jumbo_ruins,kenya,scarinae,scarus_spp.,#error!,3,1,16,18,NA,NA,NA,NA
2022-10-25,jbr_01,jumbo_ruins,kenya,scarinae,scarus_spp.,#error!,3,3,11,13,NA,NA,NA,NA
2022-10-25,jbr_01,jumbo_ruins,kenya,scarinae,scarus_spp.,#error!,3,1,21,23,NA,NA,NA,NA
2022-10-25,jbr_02,jumbo_ruins,kenya,scarinae,scarus_spp.,#error!,4,1,16,18,NA,NA,NA,NA
2022-10-25,jbr_02,jumbo_ruins,kenya,scarinae,scarus_spp.,#error!,5,2,21,23,NA,NA,NA,NA
2022-10-25,jbr_02,jumbo_ruins,kenya,scarinae,scarus_spp.,#error!,5,1,26,28,NA,NA,NA,NA
2022-10-25,jbr_02,jumbo_ruins,kenya,scarinae,scarus_spp.,#error!,5,2,21,23,NA,NA,NA,NA
2022-10-25,jbr_02,jumbo_ruins,kenya,scarinae,scarus_spp.,#error!,5,1,51,53,NA,NA,NA,NA
2023-02-18,kfc_01,kadhikia_fawachu,kenya,scarinae,scarus_ghobban,#error!,1,2,26,28,NA,NA,NA,NA
2023-02-18,kfc_01,kadhikia_fawachu,kenya,scarinae,scarus_ghobban,#error!,2,2,31,33,NA,NA,NA,NA
2023-03-24,kkr_01,kadhikia_kuru,kenya,scarinae,leptoscarus_vaigiensis,#error!,1,1,16,18,NA,NA,NA,NA
2023-03-24,kkr_01,kadhikia_kuru,kenya,scarinae,scarus_ghobban,#error!,2,2,31,33,NA,NA,NA,NA
2023-03-24,kkr_01,kadhikia_kuru,kenya,scarinae,leptoscarus_vaigiensis,#error!,2,19,16,18,NA,NA,NA,NA
2023-03-24,kkr_01,kadhikia_kuru,kenya,scarinae,calotomus_carolinus,#error!,2,1,16,18,NA,NA,NA,NA
2023-03-24,kkr_01,kadhikia_kuru,kenya,scarinae,leptoscarus_vaigiensis,#error!,3,25,16,18,NA,NA,NA,NA
2023-03-24,kkr_01,kadhikia_kuru,kenya,scarinae,scarus_ghobban,#error!,3,21,21,23,NA,NA,NA,NA
2023-03-24,kkr_01,kadhikia_kuru,kenya,scarinae,calotomus_carolinus,#error!,3,1,16,18,NA,NA,NA,NA
2022-02-04,kanz_01,kanzoni,comoros,scarinae,cetoscarus_ocellatus,#error!,1,5,31,33,NA,NA,NA,NA
2022-02-04,kanz_01,kanzoni,comoros,scarinae,cetoscarus_ocellatus,#error!,1,3,26,28,NA,NA,NA,NA
2022-02-04,kanz_01,kanzoni,comoros,scarinae,chlorurus_strongylocephalus,#error!,1,4,16,18,NA,NA,NA,NA
2022-02-04,kanz_01,kanzoni,comoros,scarinae,chlorurus_strongylocephalus,#error!,1,6,21,23,NA,NA,NA,NA
2022-02-04,kanz_01,kanzoni,comoros,scarinae,chlorurus_sordidus,#error!,1,2,21,23,NA,NA,NA,NA
2022-02-04,kanz_01,kanzoni,comoros,scarinae,chlorurus_sordidus,#error!,1,1,16,18,NA,NA,NA,NA
2022-02-04,kanz_01,kanzoni,comoros,scarinae,cetoscarus_ocellatus,#error!,2,1,31,33,NA,NA,NA,NA
2022-02-04,kanz_01,kanzoni,comoros,scarinae,cetoscarus_ocellatus,#error!,2,1,21,23,NA,NA,NA,NA
2022-02-04,kanz_01,kanzoni,comoros,scarinae,chlorurus_strongylocephalus,#error!,2,2,16,18,NA,NA,NA,NA
2022-02-04,kanz_01,kanzoni,comoros,scarinae,chlorurus_strongylocephalus,#error!,2,2,31,33,NA,NA,NA,NA
2022-02-04,kanz_01,kanzoni,comoros,scarinae,chlorurus_strongylocephalus,#error!,2,1,36,38,NA,NA,NA,NA
2022-02-04,kanz_01,kanzoni,comoros,scarinae,chlorurus_strongylocephalus,#error!,2,2,21,23,NA,NA,NA,NA
2022-02-04,kanz_01,kanzoni,comoros,scarinae,scarus_frenatus,#error!,2,1,21,23,NA,NA,NA,NA
2022-02-04,kanz_01,kanzoni,comoros,scarinae,scarus_niger,#error!,2,2,26,28,NA,NA,NA,NA
2022-02-04,kanz_01,kanzoni,comoros,scarinae,scarus_niger,#error!,2,3,16,18,NA,NA,NA,NA
2022-02-04,kanz_01,kanzoni,comoros,scarinae,chlorurus_strongylocephalus,#error!,3,1,16,18,NA,NA,NA,NA
2022-02-04,kanz_01,kanzoni,comoros,scarinae,chlorurus_strongylocephalus,#error!,3,1,26,28,NA,NA,NA,NA
2022-02-04,kanz_01,kanzoni,comoros,scarinae,scarus_tricolor,#error!,3,1,11,13,NA,NA,NA,NA
2022-02-04,kanz_01,kanzoni,comoros,scarinae,scarus_tricolor,#error!,3,1,26,28,NA,NA,NA,NA
2022-02-04,kanz_01,kanzoni,comoros,scarinae,scarus_frenatus,#error!,3,1,16,18,NA,NA,NA,NA
2022-02-04,kanz_01,kanzoni,comoros,scarinae,scarus_niger,#error!,3,1,36,38,NA,NA,NA,NA
2022-02-04,kanz_01,kanzoni,comoros,scarinae,scarus_niger,#error!,3,1,21,23,NA,NA,NA,NA
2022-02-04,kanz_01,kanzoni,comoros,scarinae,scarus_niger,#error!,3,1,16,18,NA,NA,NA,NA
2022-02-05,kanz_02,kanzoni,comoros,scarinae,cetoscarus_ocellatus,#error!,4,1,36,38,NA,NA,NA,NA
2022-02-05,kanz_02,kanzoni,comoros,scarinae,cetoscarus_ocellatus,#error!,4,1,46,48,NA,NA,NA,NA
2022-02-05,kanz_02,kanzoni,comoros,scarinae,chlorurus_strongylocephalus,#error!,4,6,16,18,NA,NA,NA,NA
2022-02-05,kanz_02,kanzoni,comoros,scarinae,chlorurus_strongylocephalus,#error!,4,2,36,38,NA,NA,NA,NA
2022-02-05,kanz_02,kanzoni,comoros,scarinae,chlorurus_strongylocephalus,#error!,4,1,11,13,NA,NA,NA,NA
2022-02-05,kanz_02,kanzoni,comoros,scarinae,chlorurus_strongylocephalus,#error!,4,1,31,33,NA,NA,NA,NA
2022-02-05,kanz_02,kanzoni,comoros,scarinae,chlorurus_sordidus,#error!,4,5,16,18,NA,NA,NA,NA
2022-02-05,kanz_02,kanzoni,comoros,scarinae,chlorurus_sordidus,#error!,4,1,21,23,NA,NA,NA,NA
2022-02-05,kanz_02,kanzoni,comoros,scarinae,chlorurus_sordidus,#error!,4,1,26,28,NA,NA,NA,NA
2022-02-05,kanz_02,kanzoni,comoros,scarinae,scarus_tricolor,#error!,4,1,11,13,NA,NA,NA,NA
2022-02-05,kanz_02,kanzoni,comoros,scarinae,scarus_tricolor,#error!,4,1,16,18,NA,NA,NA,NA
2022-02-05,kanz_02,kanzoni,comoros,scarinae,scarus_tricolor,#error!,4,1,21,23,NA,NA,NA,NA
2022-02-05,kanz_02,kanzoni,comoros,scarinae,scarus_niger,#error!,4,1,26,28,NA,NA,NA,NA
2022-02-05,kanz_02,kanzoni,comoros,scarinae,scarus_rubroviolaceus,#error!,4,1,41,43,NA,NA,NA,NA
2022-02-05,kanz_02,kanzoni,comoros,scarinae,scarus_russelli,#error!,4,1,31,33,NA,NA,NA,NA
2022-02-05,kanz_02,kanzoni,comoros,scarinae,scarus_scaber,#error!,4,1,26,28,NA,NA,NA,NA
2022-02-05,kanz_02,kanzoni,comoros,scarinae,chlorurus_sordidus,#error!,5,1,16,18,NA,NA,NA,NA
2022-02-05,kanz_02,kanzoni,comoros,scarinae,scarus_niger,#error!,5,1,26,28,NA,NA,NA,NA
2022-02-05,kanz_02,kanzoni,comoros,scarinae,scarus_niger,#error!,5,1,11,13,NA,NA,NA,NA
2021-03-25,kas_01,kasa,kenya,scarinae,chlorurus_sordidus_b,#error!,1,12,11,13,NA,NA,NA,NA
2021-03-25,kas_01,kasa,kenya,scarinae,chlorurus_sordidus_b,#error!,1,4,21,23,NA,NA,NA,NA
2021-03-25,kas_01,kasa,kenya,scarinae,hipposcarus_harid,#error!,1,1,31,33,NA,NA,NA,NA
2021-03-25,kas_01,kasa,kenya,scarinae,hipposcarus_harid,#error!,1,2,26,28,NA,NA,NA,NA
2021-03-25,kas_01,kasa,kenya,scarinae,scarus_rubroviolaceus,#error!,1,1,11,13,NA,NA,NA,NA
2021-03-25,kas_01,kasa,kenya,scarinae,scarus_rubroviolaceus,#error!,1,2,26,28,NA,NA,NA,NA
2021-03-25,kas_01,kasa,kenya,scarinae,scarus_tricolor,#error!,1,3,31,33,NA,NA,NA,NA
2021-03-25,kas_01,kasa,kenya,scarinae,chlorurus_strongylocephalus_s,#error!,2,1,31,33,NA,NA,NA,NA
2021-03-25,kas_01,kasa,kenya,scarinae,chlorurus_strongylocephalus_s,#error!,2,1,26,28,NA,NA,NA,NA
2021-03-25,kas_01,kasa,kenya,scarinae,chlorurus_strongylocephalus_s,#error!,2,1,31,33,NA,NA,NA,NA
2021-03-25,kas_01,kasa,kenya,scarinae,chlorurus_strongylocephalus_s,#error!,2,1,16,18,NA,NA,NA,NA
2021-03-25,kas_01,kasa,kenya,scarinae,chlorurus_sordidus_b,#error!,2,1,21,23,NA,NA,NA,NA
2021-03-25,kas_01,kasa,kenya,scarinae,chlorurus_sordidus_b,#error!,2,2,16,18,NA,NA,NA,NA
2021-03-25,kas_01,kasa,kenya,scarinae,scarus_rubroviolaceus,#error!,2,4,31,33,NA,NA,NA,NA
2021-03-25,kas_01,kasa,kenya,scarinae,scarus_rubroviolaceus,#error!,2,6,26,28,NA,NA,NA,NA
2021-03-25,kas_01,kasa,kenya,scarinae,scarus_rubroviolaceus,#error!,2,2,21,23,NA,NA,NA,NA
2021-03-25,kas_01,kasa,kenya,scarinae,scarus_rubroviolaceus,#error!,2,3,26,28,NA,NA,NA,NA
2021-03-25,kas_01,kasa,kenya,scarinae,scarus_rubroviolaceus,#error!,2,1,31,33,NA,NA,NA,NA
2021-03-25,kas_01,kasa,kenya,scarinae,chlorurus_strongylocephalus_s,#error!,3,2,31,33,NA,NA,NA,NA
2021-03-25,kas_01,kasa,kenya,scarinae,chlorurus_sordidus_b,#error!,3,6,21,23,NA,NA,NA,NA
2021-03-25,kas_01,kasa,kenya,scarinae,hipposcarus_harid,#error!,3,2,26,28,NA,NA,NA,NA
2021-03-25,kas_01,kasa,kenya,scarinae,hipposcarus_harid,#error!,3,1,31,33,NA,NA,NA,NA
2021-03-25,kas_01,kasa,kenya,scarinae,hipposcarus_harid,#error!,3,4,21,23,NA,NA,NA,NA
2021-03-25,kas_01,kasa,kenya,scarinae,scarus_rubroviolaceus,#error!,3,1,11,13,NA,NA,NA,NA
2021-03-25,kas_01,kasa,kenya,scarinae,scarus_rubroviolaceus,#error!,3,1,26,28,NA,NA,NA,NA
2021-03-25,kas_02,kasa,kenya,scarinae,chlorurus_strongylocephalus_s,#error!,4,1,31,33,NA,NA,NA,NA
2021-03-25,kas_02,kasa,kenya,scarinae,chlorurus_capistratoides_s,#error!,4,1,16,18,NA,NA,NA,NA
2021-03-25,kas_02,kasa,kenya,scarinae,chlorurus_sordidus_b,#error!,5,1,21,23,NA,NA,NA,NA
2021-03-25,kas_02,kasa,kenya,scarinae,chlorurus_sordidus_b,#error!,5,2,16,18,NA,NA,NA,NA
2021-03-25,kas_02,kasa,kenya,scarinae,chlorurus_sordidus_s,#error!,5,1,21,23,NA,NA,NA,NA
2021-03-25,kas_02,kasa,kenya,scarinae,scarus_rubroviolaceus,#error!,5,1,16,18,NA,NA,NA,NA
2021-11-18,ksm_01,kaya_similani,kenya,scarinae,calotomus_carolinus,#error!,1,1,21,23,NA,NA,NA,NA
2021-11-18,ksm_01,kaya_similani,kenya,scarinae,calotomus_carolinus,#error!,1,1,16,18,NA,NA,NA,NA
2021-11-18,ksm_01,kaya_similani,kenya,scarinae,calotomus_carolinus,#error!,1,2,31,33,NA,NA,NA,NA
2021-11-18,ksm_01,kaya_similani,kenya,scarinae,chlorurus_sordidus_s,#error!,1,1,21,23,NA,NA,NA,NA
2021-11-18,ksm_01,kaya_similani,kenya,scarinae,chlorurus_sordidus_s,#error!,1,1,16,18,NA,NA,NA,NA
2021-11-18,ksm_01,kaya_similani,kenya,scarinae,scarus_ghobban,#error!,1,1,31,33,NA,NA,NA,NA
2021-11-18,ksm_01,kaya_similani,kenya,scarinae,scarus_ghobban,#error!,1,4,26,28,NA,NA,NA,NA
2021-11-18,ksm_01,kaya_similani,kenya,scarinae,scarus_ghobban,#error!,1,4,21,23,NA,NA,NA,NA
2021-11-18,ksm_01,kaya_similani,kenya,scarinae,scarus_caudofasciatus,#error!,1,1,26,28,NA,NA,NA,NA
2021-11-18,ksm_01,kaya_similani,kenya,scarinae,scarus_caudofasciatus,#error!,1,1,31,33,NA,NA,NA,NA
2021-11-18,ksm_02,kaya_similani,kenya,scarinae,scarus_niger,#error!,2,1,26,28,NA,NA,NA,NA
2021-11-18,ksm_02,kaya_similani,kenya,scarinae,scarus_niger,#error!,2,4,16,18,NA,NA,NA,NA
2021-11-18,ksm_02,kaya_similani,kenya,scarinae,scarus_niger,#error!,2,1,36,38,NA,NA,NA,NA
2021-11-18,ksm_02,kaya_similani,kenya,scarinae,scarus_rubroviolaceus,#error!,2,2,11,13,NA,NA,NA,NA
2021-11-18,ksm_02,kaya_similani,kenya,scarinae,chlorurus_strongylocephalus_b,#error!,2,4,21,23,NA,NA,NA,NA
2022-11-16,kif_01,kifinge,tanzania,scarinae,scarus_ghobban,#error!,1,1,21,23,NA,NA,NA,NA
2022-11-16,kif_01,kifinge,tanzania,scarinae,chlorurus_sordidus_s,#error!,1,3,11,13,NA,NA,NA,NA
2022-11-16,kif_01,kifinge,tanzania,scarinae,calotomus_carolinus,#error!,1,1,21,23,NA,NA,NA,NA
2022-11-16,kif_01,kifinge,tanzania,scarinae,scarus_russelli,#error!,1,2,16,18,NA,NA,NA,NA
2022-11-16,kif_01,kifinge,tanzania,scarinae,scarus_scaber,#error!,1,1,16,18,NA,NA,NA,NA
2022-11-16,kif_01,kifinge,tanzania,scarinae,chlorurus_sordidus_s,#error!,2,7,11,13,NA,NA,NA,NA
2022-11-16,kif_01,kifinge,tanzania,scarinae,chlorurus_sordidus_s,#error!,2,1,16,18,NA,NA,NA,NA
2022-11-16,kif_01,kifinge,tanzania,scarinae,calotomus_carolinus,#error!,2,1,11,13,NA,NA,NA,NA
2022-11-16,kif_01,kifinge,tanzania,scarinae,scarus_tricolor,#error!,2,1,11,13,NA,NA,NA,NA
2022-11-16,kif_01,kifinge,tanzania,scarinae,chlorurus_sordidus_s,#error!,3,1,6,8,NA,NA,NA,NA
2022-11-16,kif_02,kifinge,tanzania,scarinae,scarus_ghobban,#error!,4,1,21,23,NA,NA,NA,NA
2022-11-16,kif_02,kifinge,tanzania,scarinae,chlorurus_strongylocephalus_s,#error!,5,1,31,33,NA,NA,NA,NA
2022-11-16,kif_02,kifinge,tanzania,scarinae,chlorurus_strongylocephalus_b,#error!,5,1,41,43,NA,NA,NA,NA
2022-11-16,kif_02,kifinge,tanzania,scarinae,cetoscarus_ocellatus,#error!,5,1,51,53,NA,NA,NA,NA
2022-11-16,kif_02,kifinge,tanzania,scarinae,scarus_tricolor,#error!,5,1,16,18,NA,NA,NA,NA
2021-11-21,kkd_01,kikadini,kenya,scarinae,calotomus_carolinus,#error!,1,1,21,23,NA,NA,NA,NA
2021-11-21,kkd_01,kikadini,kenya,scarinae,chlorurus_sordidus_s,#error!,1,3,11,13,NA,NA,NA,NA
2021-11-21,kkd_01,kikadini,kenya,scarinae,calotomus_carolinus,#error!,2,1,16,18,NA,NA,NA,NA
2021-11-21,kkd_01,kikadini,kenya,scarinae,chlorurus_sordidus_s,#error!,2,5,21,23,NA,NA,NA,NA
2021-11-21,kkd_01,kikadini,kenya,scarinae,scarus_scaber,#error!,2,1,21,23,NA,NA,NA,NA
2021-11-21,kkd_01,kikadini,kenya,scarinae,hipposcarus_harid,#error!,3,2,36,38,NA,NA,NA,NA
2021-11-21,kkd_01,kikadini,kenya,scarinae,chlorurus_sordidus_s,#error!,3,5,16,18,NA,NA,NA,NA
2021-11-21,kkd_01,kikadini,kenya,scarinae,chlorurus_sordidus_s,#error!,3,5,21,23,NA,NA,NA,NA
2021-11-21,kkd_01,kikadini,kenya,scarinae,chlorurus_sordidus_s,#error!,3,1,26,28,NA,NA,NA,NA
2021-11-21,kkd_02,kikadini,kenya,scarinae,calotomus_carolinus,#error!,4,1,26,28,NA,NA,NA,NA
2021-11-21,kkd_02,kikadini,kenya,scarinae,calotomus_carolinus,#error!,4,1,21,23,NA,NA,NA,NA
2021-11-21,kkd_02,kikadini,kenya,scarinae,chlorurus_sordidus_s,#error!,4,1,21,23,NA,NA,NA,NA
2021-11-21,kkd_02,kikadini,kenya,scarinae,chlorurus_sordidus_s,#error!,4,1,26,28,NA,NA,NA,NA
2021-03-16,kiln_01,kilifi_north,kenya,scarinae,scarus_russelli,#error!,1,1,21,23,NA,NA,NA,NA
2021-03-16,kiln_01,kilifi_north,kenya,scarinae,scarus_russelli,#error!,1,1,16,18,NA,NA,NA,NA
2021-03-16,kiln_01,kilifi_north,kenya,scarinae,chlorurus_atrilunula_b,#error!,1,1,26,28,NA,NA,NA,NA
2021-03-16,kiln_01,kilifi_north,kenya,scarinae,chlorurus_sordidus_b,#error!,2,1,11,13,NA,NA,NA,NA
2021-03-16,kiln_01,kilifi_north,kenya,scarinae,scarus_russelli,#error!,2,1,16,18,NA,NA,NA,NA
2021-03-16,kiln_01,kilifi_north,kenya,scarinae,scarus_russelli,#error!,2,1,11,13,NA,NA,NA,NA
2021-03-16,kiln_01,kilifi_north,kenya,scarinae,scarus_russelli,#error!,2,1,21,23,NA,NA,NA,NA
2021-03-16,kiln_01,kilifi_north,kenya,scarinae,scarus_niger,#error!,3,1,36,38,NA,NA,NA,NA
2021-03-16,kiln_01,kilifi_north,kenya,scarinae,scarus_niger,#error!,3,1,31,33,NA,NA,NA,NA
2021-03-16,kiln_01,kilifi_north,kenya,scarinae,scarus_tricolor,#error!,3,1,21,23,NA,NA,NA,NA
2021-03-16,kiln_01,kilifi_north,kenya,scarinae,scarus_rubroviolaceus,#error!,3,1,41,43,NA,NA,NA,NA
2021-03-16,kiln_02,kilifi_north,kenya,scarinae,calotomus_carolinus,#error!,4,1,16,18,NA,NA,NA,NA
2021-03-16,kiln_02,kilifi_north,kenya,scarinae,scarus_rubroviolaceus,#error!,4,2,21,23,NA,NA,NA,NA
2021-03-16,kiln_02,kilifi_north,kenya,scarinae,calotomus_carolinus,#error!,5,1,16,18,NA,NA,NA,NA
2021-03-16,kiln_02,kilifi_north,kenya,scarinae,chlorurus_sordidus_b,#error!,5,2,21,23,NA,NA,NA,NA
2021-03-16,kiln_02,kilifi_north,kenya,scarinae,scarus_russelli,#error!,5,1,26,28,NA,NA,NA,NA
2021-03-16,kiln_02,kilifi_north,kenya,scarinae,scarus_rubroviolaceus,#error!,5,1,26,28,NA,NA,NA,NA
2021-03-16,kiln_02,kilifi_north,kenya,scarinae,chlorurus_sordidus_s,#error!,5,1,21,23,NA,NA,NA,NA
2021-03-16,kiln_02,kilifi_north,kenya,scarinae,chlorurus_atrilunula_b,#error!,5,1,26,28,NA,NA,NA,NA
2021-03-16,kiln_02,kilifi_north,kenya,scarinae,chlorurus_atrilunula_b,#error!,5,1,31,33,NA,NA,NA,NA
2022-03-30,klg_01,kilingoni,kenya,scarinae,chlorurus_sordidus_s,#error!,1,3,11,13,NA,NA,NA,NA
2022-03-30,klg_01,kilingoni,kenya,scarinae,scarus_ghobban,#error!,1,1,11,13,NA,NA,NA,NA
2022-03-30,klg_01,kilingoni,kenya,scarinae,chlorurus_atrilunula_s,#error!,1,1,16,18,NA,NA,NA,NA
2022-03-30,klg_01,kilingoni,kenya,scarinae,calotomus_carolinus,#error!,2,1,26,28,NA,NA,NA,NA
2022-03-30,klg_01,kilingoni,kenya,scarinae,calotomus_carolinus,#error!,2,4,16,18,NA,NA,NA,NA
2022-03-30,klg_01,kilingoni,kenya,scarinae,calotomus_carolinus,#error!,2,3,21,23,NA,NA,NA,NA
2022-03-30,klg_01,kilingoni,kenya,scarinae,chlorurus_sordidus_s,#error!,2,2,21,23,NA,NA,NA,NA
2022-03-30,klg_01,kilingoni,kenya,scarinae,scarus_ghobban,#error!,2,4,16,18,NA,NA,NA,NA
2022-03-30,klg_01,kilingoni,kenya,scarinae,scarus_ghobban,#error!,2,10,21,23,NA,NA,NA,NA
2022-03-30,klg_01,kilingoni,kenya,scarinae,scarus_rubroviolaceus,#error!,2,5,21,23,NA,NA,NA,NA
2022-03-30,klg_01,kilingoni,kenya,scarinae,calotomus_carolinus,#error!,3,3,21,23,NA,NA,NA,NA
2022-03-30,klg_01,kilingoni,kenya,scarinae,chlorurus_sordidus_s,#error!,3,8,16,18,NA,NA,NA,NA
2022-03-30,klg_01,kilingoni,kenya,scarinae,chlorurus_sordidus_s,#error!,3,2,21,23,NA,NA,NA,NA
2022-03-30,klg_01,kilingoni,kenya,scarinae,scarus_ghobban,#error!,3,21,21,23,NA,NA,NA,NA
2022-03-30,klg_01,kilingoni,kenya,scarinae,scarus_ghobban,#error!,3,1,26,28,NA,NA,NA,NA
2022-03-30,klg_01,kilingoni,kenya,scarinae,chlorurus_atrilunula_s,#error!,3,1,21,23,NA,NA,NA,NA
2022-03-30,klg_01,kilingoni,kenya,scarinae,scarus_rubroviolaceus,#error!,3,1,26,28,NA,NA,NA,NA
2022-03-30,klg_01,kilingoni,kenya,scarinae,calotomus_carolinus,#error!,4,3,21,23,NA,NA,NA,NA
2022-03-30,klg_01,kilingoni,kenya,scarinae,scarus_ghobban,#error!,4,1,16,18,NA,NA,NA,NA
2022-03-30,klg_01,kilingoni,kenya,scarinae,scarus_ghobban,#error!,4,2,31,33,NA,NA,NA,NA
2022-03-30,klg_01,kilingoni,kenya,scarinae,scarus_ghobban,#error!,4,1,21,23,NA,NA,NA,NA
2022-03-30,klg_01,kilingoni,kenya,scarinae,chlorurus_atrilunula_s,#error!,4,1,26,28,NA,NA,NA,NA
2022-03-30,klg_01,kilingoni,kenya,scarinae,chlorurus_atrilunula_s,#error!,4,4,16,18,NA,NA,NA,NA
2022-03-30,klg_01,kilingoni,kenya,scarinae,scarus_scaber,#error!,4,2,21,23,NA,NA,NA,NA
2021-11-20,kmo_01,kinondo_makonde,kenya,scarinae,chlorurus_atrilunula_s,#error!,1,1,16,18,NA,NA,NA,NA
2021-11-20,kmo_01,kinondo_makonde,kenya,scarinae,scarus_frenatus,#error!,1,1,21,23,NA,NA,NA,NA
2021-11-20,kmo_01,kinondo_makonde,kenya,scarinae,scarus_russelli,#error!,1,1,21,23,NA,NA,NA,NA
2021-11-20,kmo_01,kinondo_makonde,kenya,scarinae,scarus_ghobban,#error!,1,1,26,28,NA,NA,NA,NA
2021-11-20,kmo_01,kinondo_makonde,kenya,scarinae,scarus_rubroviolaceus,#error!,1,1,16,18,NA,NA,NA,NA
2021-11-20,kmo_01,kinondo_makonde,kenya,scarinae,scarus_psittacus,#error!,1,1,16,18,NA,NA,NA,NA
2021-11-20,kmo_01,kinondo_makonde,kenya,scarinae,chlorurus_sordidus_s,#error!,2,1,11,13,NA,NA,NA,NA
2021-11-20,kmo_01,kinondo_makonde,kenya,scarinae,scarus_russelli,#error!,2,1,11,13,NA,NA,NA,NA
2021-11-20,kmo_01,kinondo_makonde,kenya,scarinae,scarus_ghobban,#error!,2,1,21,23,NA,NA,NA,NA
2021-11-20,kmo_01,kinondo_makonde,kenya,scarinae,scarus_psittacus,#error!,2,1,16,18,NA,NA,NA,NA
2021-11-20,kmo_01,kinondo_makonde,kenya,scarinae,calotomus_carolinus,#error!,3,1,31,33,NA,NA,NA,NA
2021-11-20,kmo_01,kinondo_makonde,kenya,scarinae,calotomus_carolinus,#error!,3,1,16,18,NA,NA,NA,NA
2021-11-20,kmo_01,kinondo_makonde,kenya,scarinae,scarus_tricolor,#error!,3,3,16,18,NA,NA,NA,NA
2021-11-20,kmo_02,kinondo_makonde,kenya,scarinae,chlorurus_sordidus_s,#error!,4,2,11,13,NA,NA,NA,NA
2022-03-03,kny_01,kinyika_inner,kenya,scarinae,scarus_ghobban,#error!,3,1,31,33,NA,NA,NA,NA
2022-03-05,knyo_01,kinyika_outer,kenya,scarinae,scarus_rubroviolaceus,#error!,1,1,36,38,NA,NA,NA,NA
2021-04-13,kse_01,kisite_east,kenya,scarinae,calotomus_carolinus,#error!,1,1,26,28,NA,NA,NA,NA
2021-04-13,kse_01,kisite_east,kenya,scarinae,chlorurus_sordidus_s,#error!,1,10,11,13,NA,NA,NA,NA
2021-04-13,kse_01,kisite_east,kenya,scarinae,chlorurus_sordidus_s,#error!,1,1,26,28,NA,NA,NA,NA
2021-04-13,kse_01,kisite_east,kenya,scarinae,chlorurus_sordidus_s,#error!,1,1,31,33,NA,NA,NA,NA
2021-04-13,kse_01,kisite_east,kenya,scarinae,scarus_tricolor,#error!,1,2,26,28,NA,NA,NA,NA
2021-04-13,kse_01,kisite_east,kenya,scarinae,scarus_tricolor,#error!,1,1,36,38,NA,NA,NA,NA
2021-04-13,kse_01,kisite_east,kenya,scarinae,chlorurus_strongylocephalus_s,#error!,1,1,31,33,NA,NA,NA,NA
2021-04-13,kse_01,kisite_east,kenya,scarinae,scarus_rubroviolaceus,#error!,1,4,21,23,NA,NA,NA,NA
2021-04-13,kse_01,kisite_east,kenya,scarinae,chlorurus_capistratoides_s,#error!,1,1,26,28,NA,NA,NA,NA
2021-04-13,kse_01,kisite_east,kenya,scarinae,calotomus_carolinus,#error!,2,1,26,28,NA,NA,NA,NA
2021-04-13,kse_01,kisite_east,kenya,scarinae,hipposcarus_harid,#error!,2,4,26,28,NA,NA,NA,NA
2021-04-13,kse_01,kisite_east,kenya,scarinae,chlorurus_sordidus_s,#error!,2,6,11,13,NA,NA,NA,NA
2021-04-13,kse_01,kisite_east,kenya,scarinae,chlorurus_sordidus_s,#error!,2,2,16,18,NA,NA,NA,NA
2021-04-13,kse_01,kisite_east,kenya,scarinae,chlorurus_sordidus_s,#error!,2,1,11,13,NA,NA,NA,NA
2021-04-13,kse_01,kisite_east,kenya,scarinae,scarus_tricolor,#error!,2,1,21,23,NA,NA,NA,NA
2021-04-13,kse_01,kisite_east,kenya,scarinae,chlorurus_strongylocephalus_s,#error!,2,20,26,28,NA,NA,NA,NA
2021-04-13,kse_01,kisite_east,kenya,scarinae,chlorurus_strongylocephalus_s,#error!,2,2,21,23,NA,NA,NA,NA
2021-04-13,kse_01,kisite_east,kenya,scarinae,chlorurus_capistratoides_s,#error!,2,4,26,28,NA,NA,NA,NA
2021-04-13,kse_01,kisite_east,kenya,scarinae,scarus_ghobban,#error!,2,6,26,28,NA,NA,NA,NA
2021-04-13,kse_01,kisite_east,kenya,scarinae,scarus_ghobban,#error!,2,2,36,38,NA,NA,NA,NA
2021-04-13,kse_01,kisite_east,kenya,scarinae,calotomus_carolinus,#error!,3,4,26,28,NA,NA,NA,NA
2021-04-13,kse_01,kisite_east,kenya,scarinae,chlorurus_sordidus_s,#error!,3,4,21,23,NA,NA,NA,NA
2021-04-13,kse_01,kisite_east,kenya,scarinae,chlorurus_sordidus_s,#error!,3,2,16,18,NA,NA,NA,NA
2021-04-13,kse_01,kisite_east,kenya,scarinae,chlorurus_sordidus_s,#error!,3,4,11,13,NA,NA,NA,NA
2021-04-13,kse_01,kisite_east,kenya,scarinae,scarus_ghobban,#error!,3,2,11,13,NA,NA,NA,NA
2021-04-13,kse_01,kisite_east,kenya,scarinae,scarus_tricolor,#error!,3,1,36,38,NA,NA,NA,NA
2021-04-13,kse_01,kisite_east,kenya,scarinae,scarus_tricolor,#error!,3,1,21,23,NA,NA,NA,NA
2021-04-13,kse_01,kisite_east,kenya,scarinae,chlorurus_strongylocephalus_b,#error!,3,1,36,38,NA,NA,NA,NA
2021-04-13,kse_01,kisite_east,kenya,scarinae,chlorurus_capistratoides_s,#error!,3,1,21,23,NA,NA,NA,NA
2021-04-13,kse_01,kisite_east,kenya,scarinae,scarus_frenatus,#error!,3,1,21,23,NA,NA,NA,NA
2021-04-13,kse_01,kisite_east,kenya,scarinae,scarus_niger,#error!,3,1,11,13,NA,NA,NA,NA
2021-04-13,kse_02,kisite_east,kenya,scarinae,scarus_tricolor,#error!,4,1,41,43,NA,NA,NA,NA
2021-04-13,kse_02,kisite_east,kenya,scarinae,scarus_frenatus,#error!,4,4,21,23,NA,NA,NA,NA
2021-04-13,kse_02,kisite_east,kenya,scarinae,hipposcarus_harid,#error!,4,1,36,38,NA,NA,NA,NA
2021-04-13,kse_02,kisite_east,kenya,scarinae,chlorurus_strongylocephalus_b,#error!,4,1,51,53,NA,NA,NA,NA
2021-04-13,kse_02,kisite_east,kenya,scarinae,chlorurus_strongylocephalus_b,#error!,4,1,46,48,NA,NA,NA,NA
2021-04-13,kse_02,kisite_east,kenya,scarinae,calotomus_carolinus,#error!,5,1,26,28,NA,NA,NA,NA
2021-04-13,kse_02,kisite_east,kenya,scarinae,cetoscarus_ocellatus,#error!,5,1,26,28,NA,NA,NA,NA
2021-04-13,kse_02,kisite_east,kenya,scarinae,chlorurus_sordidus_b,#error!,5,2,11,13,NA,NA,NA,NA
2021-04-13,kse_02,kisite_east,kenya,scarinae,chlorurus_sordidus_s,#error!,5,1,26,28,NA,NA,NA,NA
2021-04-13,kse_02,kisite_east,kenya,scarinae,chlorurus_sordidus_b,#error!,5,2,16,18,NA,NA,NA,NA
2021-04-13,kse_02,kisite_east,kenya,scarinae,chlorurus_sordidus_s,#error!,5,2,11,13,NA,NA,NA,NA
2021-04-13,kse_02,kisite_east,kenya,scarinae,scarus_frenatus,#error!,5,3,21,23,NA,NA,NA,NA
2021-04-13,kse_02,kisite_east,kenya,scarinae,scarus_scaber,#error!,5,1,21,23,NA,NA,NA,NA
2022-11-17,kik_01,kisiwa_kikubwa,tanzania,scarinae,scarus_spp.,#error!,4,4,16,18,NA,NA,NA,NA
2022-11-17,kik_01,kisiwa_kikubwa,tanzania,scarinae,hipposcarus_harid,#error!,4,1,16,18,NA,NA,NA,NA
2022-11-17,kik_01,kisiwa_kikubwa,tanzania,scarinae,hipposcarus_harid,#error!,4,1,11,13,NA,NA,NA,NA
2022-11-17,kik_01,kisiwa_kikubwa,tanzania,scarinae,chlorurus_sordidus_s,#error!,4,6,16,18,NA,NA,NA,NA
2022-11-17,kik_01,kisiwa_kikubwa,tanzania,scarinae,chlorurus_sordidus_s,#error!,4,1,21,23,NA,NA,NA,NA
2022-11-17,kik_01,kisiwa_kikubwa,tanzania,scarinae,scarus_frenatus,#error!,4,1,21,23,NA,NA,NA,NA
2022-11-17,kik_01,kisiwa_kikubwa,tanzania,scarinae,scarus_ghobban,#error!,4,2,21,23,NA,NA,NA,NA
2022-11-17,kik_01,kisiwa_kikubwa,tanzania,scarinae,scarus_ghobban,#error!,4,3,16,18,NA,NA,NA,NA
2022-11-17,kik_01,kisiwa_kikubwa,tanzania,scarinae,scarus_ghobban,#error!,4,1,11,13,NA,NA,NA,NA
2022-11-17,kik_01,kisiwa_kikubwa,tanzania,scarinae,scarus_spp.,#error!,4,1,21,23,NA,NA,NA,NA
2022-11-17,kik_01,kisiwa_kikubwa,tanzania,scarinae,hipposcarus_harid,#error!,5,1,21,23,NA,NA,NA,NA
2022-11-17,kik_01,kisiwa_kikubwa,tanzania,scarinae,hipposcarus_harid,#error!,5,1,11,13,NA,NA,NA,NA
2022-11-17,kik_01,kisiwa_kikubwa,tanzania,scarinae,chlorurus_sordidus_s,#error!,5,8,11,13,NA,NA,NA,NA
2022-11-17,kik_01,kisiwa_kikubwa,tanzania,scarinae,chlorurus_sordidus_s,#error!,5,2,16,18,NA,NA,NA,NA
2022-11-17,kik_01,kisiwa_kikubwa,tanzania,scarinae,chlorurus_sordidus_s,#error!,5,1,21,23,NA,NA,NA,NA
2022-11-17,kik_01,kisiwa_kikubwa,tanzania,scarinae,scarus_ghobban,#error!,5,2,21,23,NA,NA,NA,NA
2022-11-17,kik_01,kisiwa_kikubwa,tanzania,scarinae,scarus_ghobban,#error!,5,2,11,13,NA,NA,NA,NA
2022-11-17,kik_01,kisiwa_kikubwa,tanzania,scarinae,scarus_ghobban,#error!,5,2,16,18,NA,NA,NA,NA
2022-11-17,kik_01,kisiwa_kikubwa,tanzania,scarinae,scarus_psittacus,#error!,5,1,11,13,NA,NA,NA,NA
2022-11-17,msu_01,kisiwa_kikubwa,tanzania,scarinae,hipposcarus_harid,#error!,1,10,31,33,NA,NA,NA,NA
2022-11-17,msu_01,kisiwa_kikubwa,tanzania,scarinae,hipposcarus_harid,#error!,1,5,36,38,NA,NA,NA,NA
2022-11-17,msu_01,kisiwa_kikubwa,tanzania,scarinae,chlorurus_sordidus_s,#error!,1,1,31,33,NA,NA,NA,NA
2022-11-17,msu_01,kisiwa_kikubwa,tanzania,scarinae,chlorurus_sordidus_s,#error!,1,2,26,28,NA,NA,NA,NA
2022-11-17,msu_01,kisiwa_kikubwa,tanzania,scarinae,chlorurus_sordidus_s,#error!,1,32,11,13,NA,NA,NA,NA
2022-11-17,msu_01,kisiwa_kikubwa,tanzania,scarinae,scarus_tricolor,#error!,1,1,16,18,NA,NA,NA,NA
2022-11-17,msu_01,kisiwa_kikubwa,tanzania,scarinae,chlorurus_atrilunula,#error!,1,1,26,28,NA,NA,NA,NA
2022-11-17,msu_01,kisiwa_kikubwa,tanzania,scarinae,chlorurus_sordidus_s,#error!,2,11,11,13,NA,NA,NA,NA
2022-11-17,msu_01,kisiwa_kikubwa,tanzania,scarinae,chlorurus_sordidus_s,#error!,2,1,16,18,NA,NA,NA,NA
2022-11-17,msu_01,kisiwa_kikubwa,tanzania,scarinae,scarus_ghobban,#error!,2,1,11,13,NA,NA,NA,NA
2022-11-17,msu_01,kisiwa_kikubwa,tanzania,scarinae,scarus_russelli,#error!,2,2,11,13,NA,NA,NA,NA
2022-11-17,msu_01,kisiwa_kikubwa,tanzania,scarinae,scarus_russelli,#error!,2,1,16,18,NA,NA,NA,NA
2022-11-17,msu_01,kisiwa_kikubwa,tanzania,scarinae,chlorurus_sordidus_s,#error!,3,3,11,13,NA,NA,NA,NA
2022-11-17,msu_01,kisiwa_kikubwa,tanzania,scarinae,chlorurus_sordidus_s,#error!,3,2,16,18,NA,NA,NA,NA
2022-11-17,msu_01,kisiwa_kikubwa,tanzania,scarinae,chlorurus_sordidus_s,#error!,3,3,21,23,NA,NA,NA,NA
2022-11-17,msu_01,kisiwa_kikubwa,tanzania,scarinae,scarus_ghobban,#error!,3,1,26,28,NA,NA,NA,NA
2022-11-17,msu_01,kisiwa_kikubwa,tanzania,scarinae,scarus_tricolor,#error!,3,1,11,13,NA,NA,NA,NA
2022-11-17,msu_01,kisiwa_kikubwa,tanzania,scarinae,scarus_niger,#error!,3,1,21,23,NA,NA,NA,NA
2022-11-17,msu_01,kisiwa_kikubwa,tanzania,scarinae,scarus_niger,#error!,3,1,26,28,NA,NA,NA,NA
2022-11-20,kitin_01,kitutia_inner,tanzania,scarinae,chlorurus_sordidus_s,#error!,1,4,11,13,NA,NA,NA,NA
2022-11-20,kitin_01,kitutia_inner,tanzania,scarinae,chlorurus_sordidus_s,#error!,1,2,16,18,NA,NA,NA,NA
2022-11-20,kitin_01,kitutia_inner,tanzania,scarinae,scarus_ghobban,#error!,1,3,16,18,NA,NA,NA,NA
2022-11-20,kitin_01,kitutia_inner,tanzania,scarinae,calotomus_carolinus,#error!,1,1,21,23,NA,NA,NA,NA
2022-11-20,kitin_01,kitutia_inner,tanzania,scarinae,scarus_niger,#error!,1,1,21,23,NA,NA,NA,NA
2022-11-20,kitin_01,kitutia_inner,tanzania,scarinae,scarus_spp.,#error!,1,1,21,23,NA,NA,NA,NA
2022-11-20,kitin_01,kitutia_inner,tanzania,scarinae,scarus_spp.,#error!,2,6,11,13,NA,NA,NA,NA
2022-11-20,kitin_01,kitutia_inner,tanzania,scarinae,chlorurus_sordidus_s,#error!,2,1,26,28,NA,NA,NA,NA
2022-11-20,kitin_01,kitutia_inner,tanzania,scarinae,chlorurus_sordidus_s,#error!,2,1,21,23,NA,NA,NA,NA
2022-11-20,kitin_01,kitutia_inner,tanzania,scarinae,scarus_ghobban,#error!,2,1,11,13,NA,NA,NA,NA
2022-11-20,kitin_01,kitutia_inner,tanzania,scarinae,scarus_ghobban,#error!,2,1,16,18,NA,NA,NA,NA
2022-11-20,kitin_01,kitutia_inner,tanzania,scarinae,scarus_psittacus,#error!,2,1,16,18,NA,NA,NA,NA
2022-11-20,kitin_01,kitutia_inner,tanzania,scarinae,scarus_scaber,#error!,2,1,16,18,NA,NA,NA,NA
2022-11-20,kitin_01,kitutia_inner,tanzania,scarinae,scarus_spp.,#error!,3,2,11,13,NA,NA,NA,NA
2022-11-20,kitin_01,kitutia_inner,tanzania,scarinae,chlorurus_sordidus_s,#error!,3,4,16,18,NA,NA,NA,NA
2022-11-20,kitin_01,kitutia_inner,tanzania,scarinae,chlorurus_sordidus_s,#error!,3,1,21,23,NA,NA,NA,NA
2022-11-20,kitin_01,kitutia_inner,tanzania,scarinae,chlorurus_sordidus_s,#error!,3,3,11,13,NA,NA,NA,NA
2022-11-20,kitin_01,kitutia_inner,tanzania,scarinae,scarus_ghobban,#error!,3,1,21,23,NA,NA,NA,NA
2022-11-20,kitin_01,kitutia_inner,tanzania,scarinae,scarus_ghobban,#error!,3,1,16,18,NA,NA,NA,NA
2022-11-20,kitin_01,kitutia_inner,tanzania,scarinae,scarus_ghobban,#error!,3,1,26,28,NA,NA,NA,NA
2022-11-20,kitin_01,kitutia_inner,tanzania,scarinae,calotomus_carolinus,#error!,3,1,16,18,NA,NA,NA,NA
2022-11-20,kitin_01,kitutia_inner,tanzania,scarinae,scarus_psittacus,#error!,3,1,16,18,NA,NA,NA,NA
2022-11-20,kitin_02,kitutia_inner,tanzania,scarinae,chlorurus_sordidus_s,#error!,4,1,16,18,NA,NA,NA,NA
2022-11-20,kitin_02,kitutia_inner,tanzania,scarinae,chlorurus_sordidus_s,#error!,4,2,11,13,NA,NA,NA,NA
2022-11-20,kitin_02,kitutia_inner,tanzania,scarinae,chlorurus_sordidus_s,#error!,4,1,26,28,NA,NA,NA,NA
2022-11-20,kitin_02,kitutia_inner,tanzania,scarinae,scarus_ghobban,#error!,4,8,16,18,NA,NA,NA,NA
2022-11-20,kitin_02,kitutia_inner,tanzania,scarinae,scarus_spp.,#error!,5,1,16,18,NA,NA,NA,NA
2022-11-20,kitin_02,kitutia_inner,tanzania,scarinae,chlorurus_sordidus_s,#error!,5,8,16,18,NA,NA,NA,NA
2022-11-20,kitin_02,kitutia_inner,tanzania,scarinae,chlorurus_sordidus_s,#error!,5,1,11,13,NA,NA,NA,NA
2022-11-20,kitin_02,kitutia_inner,tanzania,scarinae,chlorurus_sordidus_s,#error!,5,1,21,23,NA,NA,NA,NA
2022-11-21,kitout_01,kitutia_outer,tanzania,scarinae,chlorurus_sordidus_s,#error!,1,33,11,13,NA,NA,NA,NA
2022-11-21,kitout_01,kitutia_outer,tanzania,scarinae,chlorurus_sordidus_s,#error!,1,2,21,23,NA,NA,NA,NA
2022-11-21,kitout_01,kitutia_outer,tanzania,scarinae,chlorurus_sordidus_s,#error!,1,1,16,18,NA,NA,NA,NA
2022-11-21,kitout_01,kitutia_outer,tanzania,scarinae,scarus_scaber,#error!,1,1,21,23,NA,NA,NA,NA
2022-11-21,kitout_01,kitutia_outer,tanzania,scarinae,scarus_rubroviolaceus,#error!,1,1,31,33,NA,NA,NA,NA
2022-11-21,kitout_01,kitutia_outer,tanzania,scarinae,chlorurus_sordidus_s,#error!,2,48,11,13,NA,NA,NA,NA
2022-11-21,kitout_01,kitutia_outer,tanzania,scarinae,chlorurus_sordidus_s,#error!,2,8,16,18,NA,NA,NA,NA
2022-11-21,kitout_01,kitutia_outer,tanzania,scarinae,chlorurus_sordidus_s,#error!,2,2,21,23,NA,NA,NA,NA
2022-11-21,kitout_01,kitutia_outer,tanzania,scarinae,chlorurus_sordidus_s,#error!,2,2,26,28,NA,NA,NA,NA
2022-11-21,kitout_01,kitutia_outer,tanzania,scarinae,calotomus_carolinus,#error!,2,2,26,28,NA,NA,NA,NA
2022-11-21,kitout_01,kitutia_outer,tanzania,scarinae,calotomus_carolinus,#error!,2,1,16,18,NA,NA,NA,NA
2022-11-21,kitout_02,kitutia_outer,tanzania,scarinae,calotomus_carolinus,#error!,3,2,21,23,NA,NA,NA,NA
2022-11-21,kitout_02,kitutia_outer,tanzania,scarinae,calotomus_carolinus,#error!,3,1,26,28,NA,NA,NA,NA
2022-11-21,kitout_02,kitutia_outer,tanzania,scarinae,chlorurus_sordidus_s,#error!,3,3,21,23,NA,NA,NA,NA
2022-11-21,kitout_02,kitutia_outer,tanzania,scarinae,chlorurus_sordidus_s,#error!,3,2,16,18,NA,NA,NA,NA
2022-11-21,kitout_02,kitutia_outer,tanzania,scarinae,chlorurus_sordidus_s,#error!,3,11,11,13,NA,NA,NA,NA
2022-11-21,kitout_02,kitutia_outer,tanzania,scarinae,scarus_russelli,#error!,3,2,11,13,NA,NA,NA,NA
2022-11-21,kitout_02,kitutia_outer,tanzania,scarinae,scarus_russelli,#error!,3,1,16,18,NA,NA,NA,NA
2022-11-21,kitout_02,kitutia_outer,tanzania,scarinae,chlorurus_sordidus_s,#error!,4,3,11,13,NA,NA,NA,NA
2022-11-21,kitout_02,kitutia_outer,tanzania,scarinae,chlorurus_sordidus_s,#error!,4,3,16,18,NA,NA,NA,NA
2022-11-21,kitout_02,kitutia_outer,tanzania,scarinae,chlorurus_sordidus_s,#error!,4,3,21,23,NA,NA,NA,NA
2023-02-16,ktw_01,kitwani,kenya,scarinae,scarus_ghobban,#error!,1,1,21,23,NA,NA,NA,NA
2019-11-16,kug_01,kokota_uvinje_gap,tanzania,scarinae,chlorurus_sordidus_s,#error!,1,2,11,13,NA,NA,NA,NA
2019-11-16,kug_01,kokota_uvinje_gap,tanzania,scarinae,scarus_caudofasciatus,#error!,1,1,26,28,NA,NA,NA,NA
2019-11-16,kug_01,kokota_uvinje_gap,tanzania,scarinae,scarus_tricolor,#error!,1,1,11,13,NA,NA,NA,NA
2019-11-16,kug_01,kokota_uvinje_gap,tanzania,scarinae,scarus_tricolor,#error!,2,1,16,18,NA,NA,NA,NA
2019-11-16,kug_01,kokota_uvinje_gap,tanzania,scarinae,calotomus_carolinus,#error!,3,1,21,23,NA,NA,NA,NA
2019-11-16,kug_01,kokota_uvinje_gap,tanzania,scarinae,chlorurus_sordidus_s,#error!,3,1,26,28,NA,NA,NA,NA
2019-11-16,kug_01,kokota_uvinje_gap,tanzania,scarinae,chlorurus_sordidus_s,#error!,3,1,16,18,NA,NA,NA,NA
2019-11-16,kug_01,kokota_uvinje_gap,tanzania,scarinae,scarus_scaber,#error!,3,1,21,23,NA,NA,NA,NA
2019-11-16,kug_01,kokota_uvinje_gap,tanzania,scarinae,scarus_tricolor,#error!,3,1,21,23,NA,NA,NA,NA
2019-11-16,kug_01,kokota_uvinje_gap,tanzania,scarinae,scarus_tricolor,#error!,3,1,11,13,NA,NA,NA,NA
2019-11-16,kug_01,kokota_uvinje_gap,tanzania,scarinae,scarus_psittacus,#error!,3,1,16,18,NA,NA,NA,NA
2019-11-16,kug_02,kokota_uvinje_gap,tanzania,scarinae,chlorurus_sordidus_s,#error!,4,1,21,23,NA,NA,NA,NA
2019-11-16,kug_02,kokota_uvinje_gap,tanzania,scarinae,chlorurus_sordidus_s,#error!,4,4,11,13,NA,NA,NA,NA
2019-11-16,kug_02,kokota_uvinje_gap,tanzania,scarinae,scarus_tricolor,#error!,4,2,16,18,NA,NA,NA,NA
2019-11-16,kug_02,kokota_uvinje_gap,tanzania,scarinae,chlorurus_sordidus_s,#error!,5,1,21,23,NA,NA,NA,NA
2019-11-16,kug_02,kokota_uvinje_gap,tanzania,scarinae,chlorurus_sordidus_s,#error!,5,4,11,13,NA,NA,NA,NA
2019-11-16,kug_02,kokota_uvinje_gap,tanzania,scarinae,scarus_tricolor,#error!,5,2,16,18,NA,NA,NA,NA
2023-03-27,kui_01,kui,kenya,scarinae,chlorurus_sordidus,#error!,1,7,21,23,NA,NA,NA,NA
2023-03-27,kui_01,kui,kenya,scarinae,scarus_rubroviolaceus,#error!,1,4,21,23,NA,NA,NA,NA
2023-03-27,kui_01,kui,kenya,scarinae,calotomus_carolinus,#error!,1,2,16,18,NA,NA,NA,NA
2023-03-27,kui_01,kui,kenya,scarinae,calotomus_carolinus,#error!,1,2,21,23,NA,NA,NA,NA
2023-03-27,kui_01,kui,kenya,scarinae,scarus_frenatus,#error!,1,1,31,33,NA,NA,NA,NA
2023-03-27,kui_01,kui,kenya,scarinae,leptoscarus_vaigiensis,#error!,2,1,21,23,NA,NA,NA,NA
2023-03-27,kui_01,kui,kenya,scarinae,calotomus_carolinus,#error!,2,31,21,23,NA,NA,NA,NA
2023-03-27,kui_01,kui,kenya,scarinae,hipposcarus_harid,#error!,2,17,21,23,NA,NA,NA,NA
2023-03-27,kui_01,kui,kenya,scarinae,scarus_rubroviolaceus,#error!,2,1,21,23,NA,NA,NA,NA
2023-03-27,kui_01,kui,kenya,scarinae,scarus_ghobban,#error!,2,6,36,38,NA,NA,NA,NA
2023-03-27,kui_01,kui,kenya,scarinae,leptoscarus_vaigiensis,#error!,2,8,21,23,NA,NA,NA,NA
2023-03-27,kui_01,kui,kenya,scarinae,calotomus_carolinus,#error!,3,3,21,23,NA,NA,NA,NA
2023-03-27,kui_01,kui,kenya,scarinae,scarus_ghobban,#error!,3,1,11,13,NA,NA,NA,NA
2023-03-27,kui_01,kui,kenya,scarinae,scarus_rubroviolaceus,#error!,3,21,21,23,NA,NA,NA,NA
2023-03-27,kui_01,kui,kenya,scarinae,leptoscarus_vaigiensis,#error!,3,31,16,18,NA,NA,NA,NA
2023-03-27,kui_01,kui,kenya,scarinae,leptoscarus_vaigiensis,#error!,3,3,21,23,NA,NA,NA,NA
2020-11-25,kur_01,kuruwitu_tengefu,kenya,scarinae,scarus_rubroviolaceus,#error!,1,24,16,18,NA,NA,NA,NA
2020-11-25,kur_01,kuruwitu_tengefu,kenya,scarinae,scarus_ghobban,#error!,1,12,16,18,NA,NA,NA,NA
2020-11-25,kur_01,kuruwitu_tengefu,kenya,scarinae,leptoscarus_vaigiensis,#error!,1,2,16,18,NA,NA,NA,NA
2020-11-25,kur_01,kuruwitu_tengefu,kenya,scarinae,leptoscarus_vaigiensis,#error!,2,2,21,23,NA,NA,NA,NA
2020-11-25,kur_01,kuruwitu_tengefu,kenya,scarinae,calotomus_carolinus,#error!,3,1,16,18,NA,NA,NA,NA
2020-11-25,kur_01,kuruwitu_tengefu,kenya,scarinae,leptoscarus_vaigiensis,#error!,3,6,21,23,NA,NA,NA,NA
2021-03-24,lev_01,leven,kenya,scarinae,chlorurus_strongylocephalus_b,#error!,1,1,36,38,NA,NA,NA,NA
2021-03-24,lev_01,leven,kenya,scarinae,chlorurus_strongylocephalus_s,#error!,1,1,16,18,NA,NA,NA,NA
2021-03-24,lev_01,leven,kenya,scarinae,chlorurus_capistratoides_s,#error!,1,2,26,28,NA,NA,NA,NA
2021-03-24,lev_01,leven,kenya,scarinae,chlorurus_capistratoides_s,#error!,1,2,16,18,NA,NA,NA,NA
2021-03-24,lev_01,leven,kenya,scarinae,scarus_russelli,#error!,1,2,16,18,NA,NA,NA,NA
2021-03-24,lev_01,leven,kenya,scarinae,scarus_rubroviolaceus,#error!,1,1,26,28,NA,NA,NA,NA
2021-03-24,lev_01,leven,kenya,scarinae,scarus_rubroviolaceus,#error!,1,2,11,13,NA,NA,NA,NA
2021-03-24,lev_01,leven,kenya,scarinae,chlorurus_capistratoides_s,#error!,2,2,16,18,NA,NA,NA,NA
2021-03-24,lev_01,leven,kenya,scarinae,chlorurus_capistratoides_s,#error!,2,1,21,23,NA,NA,NA,NA
2021-03-24,lev_01,leven,kenya,scarinae,scarus_rubroviolaceus,#error!,2,1,11,13,NA,NA,NA,NA
2021-03-24,lev_01,leven,kenya,scarinae,scarus_russelli,#error!,3,4,16,18,NA,NA,NA,NA
2021-03-24,lev_01,leven,kenya,scarinae,scarus_rubroviolaceus,#error!,3,1,16,18,NA,NA,NA,NA
2021-03-24,lev_01,leven,kenya,scarinae,calotomus_carolinus,#error!,3,1,16,18,NA,NA,NA,NA
2021-03-24,lev_02,leven,kenya,scarinae,chlorurus_sordidus_b,#error!,4,3,16,18,NA,NA,NA,NA
2021-03-24,lev_02,leven,kenya,scarinae,chlorurus_sordidus_b,#error!,4,2,11,13,NA,NA,NA,NA
2021-03-24,lev_02,leven,kenya,scarinae,chlorurus_sordidus_s,#error!,4,1,16,18,NA,NA,NA,NA
2021-03-24,lev_02,leven,kenya,scarinae,scarus_rubroviolaceus,#error!,4,2,26,28,NA,NA,NA,NA
2021-03-24,lev_02,leven,kenya,scarinae,scarus_rubroviolaceus,#error!,4,1,16,18,NA,NA,NA,NA
2021-03-24,lev_02,leven,kenya,scarinae,scarus_russelli,#error!,4,1,16,18,NA,NA,NA,NA
2021-03-24,lev_02,leven,kenya,scarinae,chlorurus_sordidus_b,#error!,5,1,11,13,NA,NA,NA,NA
2021-03-24,lev_02,leven,kenya,scarinae,scarus_rubroviolaceus,#error!,5,1,36,38,NA,NA,NA,NA
2021-03-24,lev_02,leven,kenya,scarinae,scarus_rubroviolaceus,#error!,5,1,26,28,NA,NA,NA,NA
2022-10-27,lbb_01,lobster_bank,kenya,scarinae,chlorurus_sordidus,#error!,1,1,26,28,NA,NA,NA,NA
2022-10-27,lbb_01,lobster_bank,kenya,scarinae,chlorurus_atrilunula,#error!,1,1,21,23,NA,NA,NA,NA
2022-10-27,lbb_01,lobster_bank,kenya,scarinae,scarus_tricolor,#error!,1,4,26,28,NA,NA,NA,NA
2022-10-27,lbb_01,lobster_bank,kenya,scarinae,scarus_rubroviolaceus,#error!,1,2,31,33,NA,NA,NA,NA
2022-10-27,lbb_01,lobster_bank,kenya,scarinae,scarus_rubroviolaceus,#error!,1,1,21,23,NA,NA,NA,NA
2022-10-27,lbb_01,lobster_bank,kenya,scarinae,scarus_rubroviolaceus,#error!,1,3,26,28,NA,NA,NA,NA
2022-10-27,lbb_01,lobster_bank,kenya,scarinae,scarus_scaber,#error!,1,1,21,23,NA,NA,NA,NA
2022-10-27,lbb_01,lobster_bank,kenya,scarinae,chlorurus_strongylocephalus_s,#error!,2,1,26,28,NA,NA,NA,NA
2022-10-27,lbb_01,lobster_bank,kenya,scarinae,chlorurus_sordidus_s,#error!,2,1,31,33,NA,NA,NA,NA
2022-10-27,lbb_01,lobster_bank,kenya,scarinae,chlorurus_sordidus_s,#error!,2,2,16,18,NA,NA,NA,NA
2022-10-27,lbb_01,lobster_bank,kenya,scarinae,scarus_rubroviolaceus,#error!,2,4,21,23,NA,NA,NA,NA
2022-10-27,lbb_01,lobster_bank,kenya,scarinae,scarus_rubroviolaceus,#error!,2,1,26,28,NA,NA,NA,NA
2022-10-27,lbb_01,lobster_bank,kenya,scarinae,scarus_rubroviolaceus,#error!,2,1,31,33,NA,NA,NA,NA
2022-10-27,lbb_01,lobster_bank,kenya,scarinae,chlorurus_strongylocephalus_b,#error!,3,1,41,43,NA,NA,NA,NA
2022-10-27,lbb_01,lobster_bank,kenya,scarinae,chlorurus_sordidus_s,#error!,3,1,11,13,NA,NA,NA,NA
2022-10-27,lbb_01,lobster_bank,kenya,scarinae,scarus_rubroviolaceus,#error!,3,2,36,38,NA,NA,NA,NA
2022-10-27,lbb_01,lobster_bank,kenya,scarinae,scarus_rubroviolaceus,#error!,3,1,26,28,NA,NA,NA,NA
2022-10-27,lbb_01,lobster_bank,kenya,scarinae,scarus_rubroviolaceus,#error!,3,1,31,33,NA,NA,NA,NA
2022-10-27,lbb_01,lobster_bank,kenya,scarinae,scarus_russelli,#error!,3,1,26,28,NA,NA,NA,NA
2022-10-27,lbb_02,lobster_bank,kenya,scarinae,chlorurus_sordidus_s,#error!,4,1,31,33,NA,NA,NA,NA
2022-10-27,lbb_02,lobster_bank,kenya,scarinae,scarus_tricolor,#error!,4,1,26,28,NA,NA,NA,NA
2022-10-27,lbb_02,lobster_bank,kenya,scarinae,chlorurus_atrilunula,#error!,4,1,36,38,NA,NA,NA,NA
2022-10-27,lbb_02,lobster_bank,kenya,scarinae,scarus_rubroviolaceus,#error!,4,1,16,18,NA,NA,NA,NA
2022-10-27,lbb_02,lobster_bank,kenya,scarinae,scarus_rubroviolaceus,#error!,4,1,21,23,NA,NA,NA,NA
2022-10-27,lbb_02,lobster_bank,kenya,scarinae,scarus_rubroviolaceus,#error!,4,1,36,38,NA,NA,NA,NA
2022-10-27,lbb_02,lobster_bank,kenya,scarinae,scarus_rubroviolaceus,#error!,4,1,26,28,NA,NA,NA,NA
2022-10-27,lbb_02,lobster_bank,kenya,scarinae,scarus_niger,#error!,5,1,16,18,NA,NA,NA,NA
2022-10-27,lbb_02,lobster_bank,kenya,scarinae,scarus_niger,#error!,5,1,31,33,NA,NA,NA,NA
2022-10-27,lbb_02,lobster_bank,kenya,scarinae,chlorurus_sordidus_s,#error!,5,1,31,33,NA,NA,NA,NA
2022-10-27,lbb_02,lobster_bank,kenya,scarinae,chlorurus_atrilunula,#error!,5,1,31,33,NA,NA,NA,NA
2022-10-27,lbb_02,lobster_bank,kenya,scarinae,scarus_rubroviolaceus,#error!,5,1,31,33,NA,NA,NA,NA
2022-10-27,lbb_02,lobster_bank,kenya,scarinae,scarus_rubroviolaceus,#error!,5,1,21,23,NA,NA,NA,NA
2021-04-14,lmp_01,lower_mpunguti,kenya,scarinae,calotomus_carolinus,#error!,1,4,11,13,NA,NA,NA,NA
2021-04-14,lmp_01,lower_mpunguti,kenya,scarinae,chlorurus_sordidus_b,#error!,1,2,21,23,NA,NA,NA,NA
2021-04-14,lmp_01,lower_mpunguti,kenya,scarinae,scarus_ghobban,#error!,1,4,26,28,NA,NA,NA,NA
2021-04-14,lmp_01,lower_mpunguti,kenya,scarinae,chlorurus_sordidus_s,#error!,1,1,11,13,NA,NA,NA,NA
2021-04-14,lmp_01,lower_mpunguti,kenya,scarinae,leptoscarus_vaigiensis,#error!,1,1,11,13,NA,NA,NA,NA
2021-04-14,lmp_01,lower_mpunguti,kenya,scarinae,chlorurus_sordidus_b,#error!,2,8,11,13,NA,NA,NA,NA
2021-04-14,lmp_01,lower_mpunguti,kenya,scarinae,scarus_niger,#error!,2,1,16,18,NA,NA,NA,NA
2021-04-14,lmp_01,lower_mpunguti,kenya,scarinae,calotomus_carolinus,#error!,3,2,11,13,NA,NA,NA,NA
2021-04-14,lmp_01,lower_mpunguti,kenya,scarinae,calotomus_carolinus,#error!,3,1,16,18,NA,NA,NA,NA
2021-11-19,mgd_01,magandia,kenya,scarinae,calotomus_carolinus,#error!,1,4,26,28,NA,NA,NA,NA
2021-11-19,mgd_01,magandia,kenya,scarinae,calotomus_carolinus,#error!,2,1,26,28,NA,NA,NA,NA
2021-11-19,mgd_01,magandia,kenya,scarinae,calotomus_carolinus,#error!,2,2,31,33,NA,NA,NA,NA
2021-11-19,mgd_01,magandia,kenya,scarinae,scarus_psittacus,#error!,2,4,16,18,NA,NA,NA,NA
2021-11-19,mgd_01,magandia,kenya,scarinae,scarus_ghobban,#error!,2,1,16,18,NA,NA,NA,NA
2021-11-19,mgd_01,magandia,kenya,scarinae,scarus_ghobban,#error!,2,1,26,28,NA,NA,NA,NA
2021-11-19,mgd_01,magandia,kenya,scarinae,scarus_rubroviolaceus,#error!,2,5,26,28,NA,NA,NA,NA
2021-11-19,mgd_01,magandia,kenya,scarinae,scarus_rubroviolaceus,#error!,2,1,21,23,NA,NA,NA,NA
2021-11-19,mgd_01,magandia,kenya,scarinae,scarus_rubroviolaceus,#error!,2,5,31,33,NA,NA,NA,NA
2021-11-19,mgd_01,magandia,kenya,scarinae,chlorurus_sordidus_s,#error!,3,2,21,23,NA,NA,NA,NA
2021-11-19,mgd_01,magandia,kenya,scarinae,scarus_psittacus,#error!,3,2,16,18,NA,NA,NA,NA
2021-11-19,mgd_01,magandia,kenya,scarinae,scarus_psittacus,#error!,3,2,21,23,NA,NA,NA,NA
2021-11-19,mgd_01,magandia,kenya,scarinae,chlorurus_capistratoides_s,#error!,3,1,16,18,NA,NA,NA,NA
2021-11-19,mgd_01,magandia,kenya,scarinae,scarus_rubroviolaceus,#error!,3,1,11,13,NA,NA,NA,NA
2021-11-19,mgd_02,magandia,kenya,scarinae,calotomus_carolinus,#error!,4,2,31,33,NA,NA,NA,NA
2021-11-19,mgd_02,magandia,kenya,scarinae,calotomus_carolinus,#error!,4,1,21,23,NA,NA,NA,NA
2021-11-19,mgd_02,magandia,kenya,scarinae,calotomus_carolinus,#error!,4,2,26,28,NA,NA,NA,NA
2021-11-19,mgd_02,magandia,kenya,scarinae,scarus_rubroviolaceus,#error!,4,1,21,23,NA,NA,NA,NA
2021-11-19,mgd_02,magandia,kenya,scarinae,chlorurus_sordidus_s,#error!,4,1,26,28,NA,NA,NA,NA
2021-11-19,mgd_02,magandia,kenya,scarinae,scarus_psittacus,#error!,4,1,26,28,NA,NA,NA,NA
2021-11-19,mgd_02,magandia,kenya,scarinae,chlorurus_atrilunula_s,#error!,4,1,11,13,NA,NA,NA,NA
2021-11-19,mgd_02,magandia,kenya,scarinae,chlorurus_atrilunula_s,#error!,4,1,31,33,NA,NA,NA,NA
2021-11-19,mgd_02,magandia,kenya,scarinae,chlorurus_atrilunula_s,#error!,4,1,26,28,NA,NA,NA,NA
2021-11-19,mgd_02,magandia,kenya,scarinae,calotomus_carolinus,#error!,5,2,31,33,NA,NA,NA,NA
2021-11-19,mgd_02,magandia,kenya,scarinae,calotomus_carolinus,#error!,5,4,26,28,NA,NA,NA,NA
2021-11-19,mgd_02,magandia,kenya,scarinae,calotomus_carolinus,#error!,5,2,21,23,NA,NA,NA,NA
2021-11-19,mgd_02,magandia,kenya,scarinae,chlorurus_atrilunula_s,#error!,5,4,26,28,NA,NA,NA,NA
2023-03-26,mgl_01,magulugulu,kenya,scarinae,scarus_ghobban,#error!,1,5,26,28,NA,NA,NA,NA
2023-03-26,mgl_01,magulugulu,kenya,scarinae,scarus_ghobban,#error!,1,14,16,18,NA,NA,NA,NA
2023-03-26,mgl_01,magulugulu,kenya,scarinae,leptoscarus_vaigiensis,#error!,1,1,16,18,NA,NA,NA,NA
2023-03-26,mgl_01,magulugulu,kenya,scarinae,calotomus_carolinus,#error!,1,1,16,18,NA,NA,NA,NA
2023-03-26,mgl_01,magulugulu,kenya,scarinae,hipposcarus_harid,#error!,1,38,16,18,NA,NA,NA,NA
2023-03-26,mgl_01,magulugulu,kenya,scarinae,scarus_ghobban,#error!,2,33,21,23,NA,NA,NA,NA
2023-03-26,mgl_01,magulugulu,kenya,scarinae,scarus_ghobban,#error!,2,4,31,33,NA,NA,NA,NA
2023-03-26,mgl_01,magulugulu,kenya,scarinae,hipposcarus_harid,#error!,2,10,21,23,NA,NA,NA,NA
2023-03-26,mgl_01,magulugulu,kenya,scarinae,calotomus_carolinus,#error!,2,1,16,18,NA,NA,NA,NA
2021-04-12,mkk_01,makokokwe,kenya,scarinae,scarus_ghobban,#error!,1,5,16,18,NA,NA,NA,NA
2021-04-12,mkk_01,makokokwe,kenya,scarinae,scarus_ghobban,#error!,1,1,21,23,NA,NA,NA,NA
2021-04-12,mkk_01,makokokwe,kenya,scarinae,chlorurus_sordidus_b,#error!,1,3,16,18,NA,NA,NA,NA
2021-04-12,mkk_01,makokokwe,kenya,scarinae,chlorurus_sordidus_b,#error!,1,4,21,23,NA,NA,NA,NA
2021-04-12,mkk_01,makokokwe,kenya,scarinae,scarus_niger,#error!,1,2,16,18,NA,NA,NA,NA
2021-04-12,mkk_01,makokokwe,kenya,scarinae,chlorurus_capistratoides_s,#error!,1,2,21,23,NA,NA,NA,NA
2021-04-12,mkk_01,makokokwe,kenya,scarinae,hipposcarus_harid,#error!,1,2,16,18,NA,NA,NA,NA
2021-04-12,mkk_01,makokokwe,kenya,scarinae,hipposcarus_harid,#error!,1,2,21,23,NA,NA,NA,NA
2021-04-12,mkk_01,makokokwe,kenya,scarinae,hipposcarus_harid,#error!,1,4,26,28,NA,NA,NA,NA
2021-04-12,mkk_01,makokokwe,kenya,scarinae,scarus_rubroviolaceus,#error!,1,2,26,28,NA,NA,NA,NA
2021-04-12,mkk_01,makokokwe,kenya,scarinae,scarus_rubroviolaceus,#error!,1,1,31,33,NA,NA,NA,NA
2021-04-12,mkk_01,makokokwe,kenya,scarinae,scarus_tricolor,#error!,1,2,26,28,NA,NA,NA,NA
2021-04-12,mkk_01,makokokwe,kenya,scarinae,scarus_tricolor,#error!,1,2,21,23,NA,NA,NA,NA
2021-04-12,mkk_01,makokokwe,kenya,scarinae,scarus_ghobban,#error!,2,1,21,23,NA,NA,NA,NA
2021-04-12,mkk_01,makokokwe,kenya,scarinae,scarus_niger,#error!,2,3,21,23,NA,NA,NA,NA
2021-04-12,mkk_01,makokokwe,kenya,scarinae,scarus_niger,#error!,2,4,16,18,NA,NA,NA,NA
2021-04-12,mkk_01,makokokwe,kenya,scarinae,chlorurus_capistratoides_s,#error!,2,1,26,28,NA,NA,NA,NA
2021-04-12,mkk_01,makokokwe,kenya,scarinae,chlorurus_capistratoides_s,#error!,2,2,21,23,NA,NA,NA,NA
2021-04-12,mkk_01,makokokwe,kenya,scarinae,hipposcarus_harid,#error!,2,4,31,33,NA,NA,NA,NA
2021-04-12,mkk_01,makokokwe,kenya,scarinae,hipposcarus_harid,#error!,2,4,26,28,NA,NA,NA,NA
2021-04-12,mkk_01,makokokwe,kenya,scarinae,scarus_rubroviolaceus,#error!,2,6,26,28,NA,NA,NA,NA
2021-04-12,mkk_01,makokokwe,kenya,scarinae,scarus_rubroviolaceus,#error!,2,2,31,33,NA,NA,NA,NA
2021-04-12,mkk_01,makokokwe,kenya,scarinae,chlorurus_strongylocephalus_s,#error!,3,7,26,28,NA,NA,NA,NA
2021-04-12,mkk_01,makokokwe,kenya,scarinae,calotomus_carolinus,#error!,3,1,31,33,NA,NA,NA,NA
2021-04-12,mkk_01,makokokwe,kenya,scarinae,scarus_ghobban,#error!,3,1,31,33,NA,NA,NA,NA
2021-04-12,mkk_01,makokokwe,kenya,scarinae,scarus_ghobban,#error!,3,2,26,28,NA,NA,NA,NA
2021-04-12,mkk_01,makokokwe,kenya,scarinae,chlorurus_sordidus_b,#error!,3,1,11,13,NA,NA,NA,NA
2021-04-12,mkk_01,makokokwe,kenya,scarinae,scarus_niger,#error!,3,2,16,18,NA,NA,NA,NA
2021-04-12,mkk_01,makokokwe,kenya,scarinae,hipposcarus_harid,#error!,3,1,16,18,NA,NA,NA,NA
2021-04-12,mkk_01,makokokwe,kenya,scarinae,scarus_rubroviolaceus,#error!,3,1,21,23,NA,NA,NA,NA
2021-04-12,mkk_01,makokokwe,kenya,scarinae,scarus_rubroviolaceus,#error!,3,3,26,28,NA,NA,NA,NA
2021-04-12,mkk_01,makokokwe,kenya,scarinae,scarus_rubroviolaceus,#error!,3,1,31,33,NA,NA,NA,NA
2021-04-12,mkk_02,makokokwe,kenya,scarinae,chlorurus_sordidus_b,#error!,4,2,16,18,NA,NA,NA,NA
2021-04-12,mkk_02,makokokwe,kenya,scarinae,chlorurus_strongylocephalus_s,#error!,4,1,16,18,NA,NA,NA,NA
2021-04-12,mkk_02,makokokwe,kenya,scarinae,scarus_frenatus,#error!,4,1,16,18,NA,NA,NA,NA
2021-04-12,mkk_02,makokokwe,kenya,scarinae,chlorurus_capistratoides_s,#error!,4,1,16,18,NA,NA,NA,NA
2021-04-12,mkk_02,makokokwe,kenya,scarinae,scarus_rubroviolaceus,#error!,4,1,31,33,NA,NA,NA,NA
2021-04-12,mkk_02,makokokwe,kenya,scarinae,chlorurus_sordidus_b,#error!,5,4,11,13,NA,NA,NA,NA
2021-04-12,mkk_02,makokokwe,kenya,scarinae,chlorurus_sordidus_b,#error!,5,2,21,23,NA,NA,NA,NA
2021-04-12,mkk_02,makokokwe,kenya,scarinae,scarus_niger,#error!,5,1,16,18,NA,NA,NA,NA
2021-04-12,mkk_02,makokokwe,kenya,scarinae,chlorurus_strongylocephalus_s,#error!,5,2,11,13,NA,NA,NA,NA
2021-04-12,mkk_02,makokokwe,kenya,scarinae,chlorurus_strongylocephalus_s,#error!,5,1,21,23,NA,NA,NA,NA
2021-04-12,mkk_02,makokokwe,kenya,scarinae,hipposcarus_harid,#error!,5,2,11,13,NA,NA,NA,NA
2021-04-12,mkk_02,makokokwe,kenya,scarinae,chlorurus_capistratoides_s,#error!,5,1,16,18,NA,NA,NA,NA
2022-09-13,male_03,male,comoros,scarinae,chlorurus_sordidus,#error!,2,1,11,13,NA,NA,NA,NA
2022-09-13,male_03,male,comoros,scarinae,chlorurus_sordidus,#error!,2,2,21,23,NA,NA,NA,NA
2022-09-13,male_04,male,comoros,scarinae,chlorurus_sordidus,#error!,3,2,11,13,NA,NA,NA,NA
2022-09-13,male_04,male,comoros,scarinae,chlorurus_sordidus,#error!,3,2,21,23,NA,NA,NA,NA
2022-09-13,male_04,male,comoros,scarinae,chlorurus_sordidus,#error!,4,1,21,23,NA,NA,NA,NA
2022-09-13,male_04,male,comoros,scarinae,chlorurus_sordidus,#error!,5,5,11,13,NA,NA,NA,NA
2022-09-13,male_04,male,comoros,scarinae,chlorurus_sordidus,#error!,5,3,16,18,NA,NA,NA,NA
2021-03-31,mlcg_02,malindi_coral_garden,kenya,scarinae,chlorurus_sordidus_b,#error!,1,1,21,23,NA,NA,NA,NA
2021-03-31,mlcg_02,malindi_coral_garden,kenya,scarinae,chlorurus_sordidus_b,#error!,1,1,11,13,NA,NA,NA,NA
2021-03-31,mlcg_02,malindi_coral_garden,kenya,scarinae,chlorurus_sordidus_s,#error!,1,1,21,23,NA,NA,NA,NA
2021-03-31,mlcg_02,malindi_coral_garden,kenya,scarinae,scarus_rubroviolaceus,#error!,1,1,16,18,NA,NA,NA,NA
2021-03-31,mlcg_02,malindi_coral_garden,kenya,scarinae,scarus_rubroviolaceus,#error!,1,1,21,23,NA,NA,NA,NA
2021-03-31,mlcg_02,malindi_coral_garden,kenya,scarinae,calotomus_carolinus,#error!,2,1,21,23,NA,NA,NA,NA
2021-03-31,mlcg_02,malindi_coral_garden,kenya,scarinae,chlorurus_sordidus_b,#error!,2,1,16,18,NA,NA,NA,NA
2021-03-31,mlcg_02,malindi_coral_garden,kenya,scarinae,chlorurus_sordidus_b,#error!,2,1,21,23,NA,NA,NA,NA
2021-03-31,mlcg_02,malindi_coral_garden,kenya,scarinae,chlorurus_sordidus_s,#error!,2,4,21,23,NA,NA,NA,NA
2021-03-31,mlcg_02,malindi_coral_garden,kenya,scarinae,chlorurus_atrilunula_b,#error!,2,1,26,28,NA,NA,NA,NA
2021-03-31,mlcg_02,malindi_coral_garden,kenya,scarinae,scarus_rubroviolaceus,#error!,2,12,21,23,NA,NA,NA,NA
2021-03-31,mlcg_02,malindi_coral_garden,kenya,scarinae,scarus_ghobban,#error!,2,12,16,18,NA,NA,NA,NA
2021-03-31,mlcg_02,malindi_coral_garden,kenya,scarinae,calotomus_carolinus,#error!,3,4,21,23,NA,NA,NA,NA
2021-03-31,mlcg_02,malindi_coral_garden,kenya,scarinae,scarus_frenatus,#error!,3,1,16,18,NA,NA,NA,NA
2021-03-31,mlcg_02,malindi_coral_garden,kenya,scarinae,scarus_frenatus,#error!,3,1,21,23,NA,NA,NA,NA
2021-03-31,mlcg_02,malindi_coral_garden,kenya,scarinae,chlorurus_sordidus_b,#error!,3,5,16,18,NA,NA,NA,NA
2021-03-31,mlcg_02,malindi_coral_garden,kenya,scarinae,chlorurus_sordidus_b,#error!,3,4,21,23,NA,NA,NA,NA
2021-03-31,mlcg_02,malindi_coral_garden,kenya,scarinae,chlorurus_atrilunula_b,#error!,3,1,26,28,NA,NA,NA,NA
2021-03-31,mlcg_02,malindi_coral_garden,kenya,scarinae,chlorurus_sordidus_s,#error!,3,2,21,23,NA,NA,NA,NA
2021-03-31,mlcg_02,malindi_coral_garden,kenya,scarinae,chlorurus_sordidus_s,#error!,3,1,16,18,NA,NA,NA,NA
2021-03-31,mlcg_02,malindi_coral_garden,kenya,scarinae,chlorurus_sordidus_s,#error!,3,2,11,13,NA,NA,NA,NA
2021-03-31,mlcg_02,malindi_coral_garden,kenya,scarinae,scarus_ghobban,#error!,3,6,21,23,NA,NA,NA,NA
2021-03-31,mlcg_02,malindi_coral_garden,kenya,scarinae,scarus_ghobban,#error!,3,1,16,18,NA,NA,NA,NA
2021-03-31,mlcg_02,malindi_coral_garden,kenya,scarinae,scarus_tricolor,#error!,3,4,16,18,NA,NA,NA,NA
2021-03-31,mlcg_02,malindi_coral_garden,kenya,scarinae,scarus_tricolor,#error!,3,2,21,23,NA,NA,NA,NA
2023-02-21,mat_01,manda_toto,kenya,scarinae,scarus_ghobban,#error!,1,1,16,18,NA,NA,NA,NA
2019-11-12,man_01,mandela,tanzania,scarinae,chlorurus_strongylocephalus_s,#error!,1,1,16,18,NA,NA,NA,NA
2019-11-12,man_01,mandela,tanzania,scarinae,chlorurus_strongylocephalus_s,#error!,1,1,31,33,NA,NA,NA,NA
2019-11-12,man_01,mandela,tanzania,scarinae,chlorurus_strongylocephalus_s,#error!,1,2,21,23,NA,NA,NA,NA
2019-11-12,man_01,mandela,tanzania,scarinae,chlorurus_sordidus_s,#error!,1,1,21,23,NA,NA,NA,NA
2019-11-12,man_01,mandela,tanzania,scarinae,chlorurus_strongylocephalus_s,#error!,2,1,31,33,NA,NA,NA,NA
2019-11-12,man_01,mandela,tanzania,scarinae,scarus_scaber,#error!,3,1,21,23,NA,NA,NA,NA
2019-11-12,man_01,mandela,tanzania,scarinae,scarus_tricolor,#error!,3,1,21,23,NA,NA,NA,NA
2019-11-12,man_01,mandela,tanzania,scarinae,scarus_falcipinnis,#error!,3,1,11,13,NA,NA,NA,NA
2019-11-12,man_02,mandela,tanzania,scarinae,scarus_tricolor,#error!,4,1,21,23,NA,NA,NA,NA
2019-11-12,man_02,mandela,tanzania,scarinae,scarus_tricolor,#error!,4,1,16,18,NA,NA,NA,NA
2019-11-12,man_02,mandela,tanzania,scarinae,chlorurus_strongylocephalus_s,#error!,5,2,21,23,NA,NA,NA,NA
2019-11-12,man_02,mandela,tanzania,scarinae,chlorurus_sordidus_s,#error!,5,1,16,18,NA,NA,NA,NA
2019-11-12,man_02,mandela,tanzania,scarinae,chlorurus_sordidus_s,#error!,5,1,21,23,NA,NA,NA,NA
2019-11-12,man_02,mandela,tanzania,scarinae,scarus_tricolor,#error!,5,2,21,23,NA,NA,NA,NA
2019-11-12,man_02,mandela,tanzania,scarinae,scarus_tricolor,#error!,5,1,16,18,NA,NA,NA,NA
2019-11-12,man_02,mandela,tanzania,scarinae,scarus_russelli,#error!,5,1,16,18,NA,NA,NA,NA
2019-11-12,man_02,mandela,tanzania,scarinae,scarus_falcipinnis,#error!,5,1,16,18,NA,NA,NA,NA
2022-11-15,mgein_01,mange_inner,tanzania,scarinae,chlorurus_sordidus,#error!,1,10,11,13,NA,NA,NA,NA
2022-11-15,mgein_01,mange_inner,tanzania,scarinae,chlorurus_sordidus,#error!,1,4,16,18,NA,NA,NA,NA
2022-11-15,mgein_01,mange_inner,tanzania,scarinae,scarus_ghobban,#error!,1,1,16,18,NA,NA,NA,NA
2022-11-15,mgein_01,mange_inner,tanzania,scarinae,scarus_frenatus,#error!,1,1,16,18,NA,NA,NA,NA
2022-11-15,mgein_01,mange_inner,tanzania,scarinae,scarus_psittacus,#error!,2,1,21,23,NA,NA,NA,NA
2022-11-15,mgein_01,mange_inner,tanzania,scarinae,chlorurus_sordidus_s,#error!,2,29,11,13,NA,NA,NA,NA
2022-11-15,mgein_01,mange_inner,tanzania,scarinae,scarus_frenatus,#error!,2,4,16,18,NA,NA,NA,NA
2022-11-15,mgein_01,mange_inner,tanzania,scarinae,chlorurus_strongylocephalus_s,#error!,3,1,21,23,NA,NA,NA,NA
2022-11-15,mgein_01,mange_inner,tanzania,scarinae,chlorurus_strongylocephalus_s,#error!,3,1,26,28,NA,NA,NA,NA
2022-11-15,mgein_01,mange_inner,tanzania,scarinae,chlorurus_sordidus_s,#error!,3,1,16,18,NA,NA,NA,NA
2022-11-15,mgein_01,mange_inner,tanzania,scarinae,chlorurus_sordidus_s,#error!,3,1,21,23,NA,NA,NA,NA
2022-11-15,mgein_01,mange_inner,tanzania,scarinae,chlorurus_sordidus_s,#error!,3,21,11,13,NA,NA,NA,NA
2022-11-15,mgein_01,mange_inner,tanzania,scarinae,cetoscarus_ocellatus,#error!,3,1,11,13,NA,NA,NA,NA
2022-11-15,mgein_01,mange_inner,tanzania,scarinae,scarus_tricolor,#error!,3,1,11,13,NA,NA,NA,NA
2022-11-15,mgein_01,mange_inner,tanzania,scarinae,calotomus_carolinus,#error!,3,1,16,18,NA,NA,NA,NA
2022-11-15,mgein_01,mange_inner,tanzania,scarinae,calotomus_carolinus,#error!,3,1,26,28,NA,NA,NA,NA
2022-11-15,mgein_02,mange_inner,tanzania,scarinae,chlorurus_sordidus_s,#error!,4,1,16,18,NA,NA,NA,NA
2022-11-15,mgein_02,mange_inner,tanzania,scarinae,chlorurus_sordidus_s,#error!,4,1,11,13,NA,NA,NA,NA
2022-11-15,mgein_02,mange_inner,tanzania,scarinae,scarus_frenatus,#error!,4,1,11,13,NA,NA,NA,NA
2022-11-15,mgein_02,mange_inner,tanzania,scarinae,scarus_frenatus,#error!,4,1,16,18,NA,NA,NA,NA
2022-11-15,mgein_02,mange_inner,tanzania,scarinae,scarus_psittacus,#error!,5,1,21,23,NA,NA,NA,NA
2022-11-15,mgein_02,mange_inner,tanzania,scarinae,chlorurus_sordidus_s,#error!,5,1,16,18,NA,NA,NA,NA
2022-11-15,mgein_02,mange_inner,tanzania,scarinae,chlorurus_sordidus_s,#error!,5,21,11,13,NA,NA,NA,NA
2022-11-15,mgein_02,mange_inner,tanzania,scarinae,scarus_frenatus,#error!,5,3,11,13,NA,NA,NA,NA
2022-11-15,mgein_02,mange_inner,tanzania,scarinae,scarus_scaber,#error!,5,1,21,23,NA,NA,NA,NA
2022-11-15,mgein_02,mange_inner,tanzania,scarinae,scarus_tricolor,#error!,5,2,16,18,NA,NA,NA,NA
2022-11-22,mgeout_01,mange_outer,tanzania,scarinae,calotomus_carolinus,#error!,1,2,31,33,NA,NA,NA,NA
2022-11-22,mgeout_01,mange_outer,tanzania,scarinae,calotomus_carolinus,#error!,1,1,16,18,NA,NA,NA,NA
2022-11-22,mgeout_01,mange_outer,tanzania,scarinae,chlorurus_strongylocephalus_s,#error!,1,3,31,33,NA,NA,NA,NA
2022-11-22,mgeout_01,mange_outer,tanzania,scarinae,chlorurus_strongylocephalus_s,#error!,1,2,26,28,NA,NA,NA,NA
2022-11-22,mgeout_01,mange_outer,tanzania,scarinae,scarus_ghobban,#error!,1,3,31,33,NA,NA,NA,NA
2022-11-22,mgeout_01,mange_outer,tanzania,scarinae,scarus_ghobban,#error!,1,2,26,28,NA,NA,NA,NA
2022-11-22,mgeout_01,mange_outer,tanzania,scarinae,scarus_niger,#error!,1,1,31,33,NA,NA,NA,NA
2022-11-22,mgeout_01,mange_outer,tanzania,scarinae,scarus_scaber,#error!,1,3,21,23,NA,NA,NA,NA
2022-11-22,mgeout_01,mange_outer,tanzania,scarinae,calotomus_carolinus,#error!,2,4,26,28,NA,NA,NA,NA
2022-11-22,mgeout_01,mange_outer,tanzania,scarinae,calotomus_carolinus,#error!,2,1,21,23,NA,NA,NA,NA
2022-11-22,mgeout_01,mange_outer,tanzania,scarinae,chlorurus_strongylocephalus_s,#error!,2,1,31,33,NA,NA,NA,NA
2022-11-22,mgeout_01,mange_outer,tanzania,scarinae,scarus_ghobban,#error!,2,7,11,13,NA,NA,NA,NA
2022-11-22,mgeout_01,mange_outer,tanzania,scarinae,scarus_ghobban,#error!,2,2,21,23,NA,NA,NA,NA
2022-11-22,mgeout_01,mange_outer,tanzania,scarinae,scarus_ghobban,#error!,2,1,31,33,NA,NA,NA,NA
2022-11-22,mgeout_01,mange_outer,tanzania,scarinae,scarus_scaber,#error!,2,2,21,23,NA,NA,NA,NA
2022-11-22,mgeout_01,mange_outer,tanzania,scarinae,scarus_psittacus,#error!,2,4,21,23,NA,NA,NA,NA
2022-11-22,mgeout_01,mange_outer,tanzania,scarinae,calotomus_carolinus,#error!,3,3,26,28,NA,NA,NA,NA
2022-11-22,mgeout_01,mange_outer,tanzania,scarinae,calotomus_carolinus,#error!,3,2,31,33,NA,NA,NA,NA
2022-11-22,mgeout_01,mange_outer,tanzania,scarinae,calotomus_carolinus,#error!,3,2,21,23,NA,NA,NA,NA
2022-11-22,mgeout_01,mange_outer,tanzania,scarinae,scarus_ghobban,#error!,3,9,11,13,NA,NA,NA,NA
2022-11-22,mgeout_01,mange_outer,tanzania,scarinae,scarus_ghobban,#error!,3,2,16,18,NA,NA,NA,NA
2022-11-22,mgeout_01,mange_outer,tanzania,scarinae,scarus_ghobban,#error!,3,1,21,23,NA,NA,NA,NA
2022-11-22,mgeout_01,mange_outer,tanzania,scarinae,scarus_tricolor,#error!,3,1,21,23,NA,NA,NA,NA
2022-11-22,mgeout_02,mange_outer,tanzania,scarinae,hipposcarus_harid,#error!,4,2,41,43,NA,NA,NA,NA
2022-11-22,mgeout_02,mange_outer,tanzania,scarinae,chlorurus_strongylocephalus_s,#error!,4,1,21,23,NA,NA,NA,NA
2022-11-22,mgeout_02,mange_outer,tanzania,scarinae,chlorurus_strongylocephalus_s,#error!,4,3,11,13,NA,NA,NA,NA
2022-11-22,mgeout_02,mange_outer,tanzania,scarinae,calotomus_carolinus,#error!,4,1,21,23,NA,NA,NA,NA
2022-10-19,mps_02,mapasi,kenya,scarinae,chlorurus_sordidus,#error!,4,1,16,18,NA,NA,NA,NA
2022-10-19,mps_02,mapasi,kenya,scarinae,scarus_spp.,#error!,4,7,16,18,NA,NA,NA,NA
2022-10-19,mps_02,mapasi,kenya,scarinae,scarus_spp.,#error!,4,4,21,23,NA,NA,NA,NA
2022-10-19,mps_02,mapasi,kenya,scarinae,scarus_spp.,#error!,4,1,26,28,NA,NA,NA,NA
2022-10-19,mps_02,mapasi,kenya,scarinae,scarus_spp.,#error!,4,1,16,18,NA,NA,NA,NA
2022-10-19,mps_02,mapasi,kenya,scarinae,scarus_spp.,#error!,4,2,21,23,NA,NA,NA,NA
2022-10-19,mps_02,mapasi,kenya,scarinae,chlorurus_sordidus,#error!,5,1,16,18,NA,NA,NA,NA
2022-10-19,mps_02,mapasi,kenya,scarinae,scarus_spp.,#error!,5,5,16,18,NA,NA,NA,NA
2022-10-19,mps_02,mapasi,kenya,scarinae,scarus_spp.,#error!,5,3,26,28,NA,NA,NA,NA
2022-10-19,mps_01,mapasi,kenya,scarinae,scarus_spp.,#error!,1,1,21,23,NA,NA,NA,NA
2022-10-19,mps_01,mapasi,kenya,scarinae,scarus_spp.,#error!,1,1,16,18,NA,NA,NA,NA
2022-10-19,mps_01,mapasi,kenya,scarinae,scarus_spp.,#error!,2,2,16,18,NA,NA,NA,NA
2022-10-19,mps_01,mapasi,kenya,scarinae,scarus_spp.,#error!,2,2,21,23,NA,NA,NA,NA
2022-10-19,mps_01,mapasi,kenya,scarinae,scarus_spp.,#error!,2,1,26,28,NA,NA,NA,NA
2022-10-19,mps_01,mapasi,kenya,scarinae,chlorurus_sordidus,#error!,3,9,21,23,NA,NA,NA,NA
2022-10-19,mps_01,mapasi,kenya,scarinae,scarus_spp.,#error!,3,1,26,28,NA,NA,NA,NA
2022-10-19,mps_01,mapasi,kenya,scarinae,scarus_spp.,#error!,3,3,16,18,NA,NA,NA,NA
2022-10-19,mps_01,mapasi,kenya,scarinae,chlorurus_strongylocephalus_s,#error!,3,3,16,18,NA,NA,NA,NA
2022-10-19,mps_01,mapasi,kenya,scarinae,chlorurus_sordidus_s,#error!,3,4,26,28,NA,NA,NA,NA
2022-10-19,mps_01,mapasi,kenya,scarinae,scarus_spp.,#error!,3,1,16,18,NA,NA,NA,NA
2018-10-07,gc_a_p_sc07,mbachile_napabo,comoros,scarinae,scarus_scaber,#error!,2,1,26,28,NA,NA,NA,NA
2018-10-07,gc_a_p_sc07,mbachile_napabo,comoros,scarinae,scarus_prasiognathus,#error!,2,1,16,18,NA,NA,NA,NA
2018-10-07,gc_a_p_sc07,mbachile_napabo,comoros,scarinae,chlorurus_sordidus_s,#error!,3,1,21,23,NA,NA,NA,NA
2018-10-08,gc_a_p_sc08,mbachile_napabo,comoros,scarinae,calotomus_carolinus,#error!,6,1,21,23,NA,NA,NA,NA
2018-10-08,gc_a_p_sc08,mbachile_napabo,comoros,scarinae,scarus_rubroviolaceus,#error!,6,1,56,58,NA,NA,NA,NA
2022-04-02,mbo_01,mboe,kenya,scarinae,calotomus_carolinus,#error!,1,1,26,28,NA,NA,NA,NA
2022-04-02,mbo_01,mboe,kenya,scarinae,chlorurus_sordidus_b,#error!,1,1,31,33,NA,NA,NA,NA
2022-04-02,mbo_01,mboe,kenya,scarinae,scarus_ghobban,#error!,1,2,21,23,NA,NA,NA,NA
2022-04-02,mbo_01,mboe,kenya,scarinae,scarus_rubroviolaceus,#error!,1,1,21,23,NA,NA,NA,NA
2022-04-02,mbo_01,mboe,kenya,scarinae,calotomus_carolinus,#error!,2,2,26,28,NA,NA,NA,NA
2022-04-02,mbo_01,mboe,kenya,scarinae,chlorurus_atrilunula_s,#error!,2,1,11,13,NA,NA,NA,NA
2022-04-02,mbo_01,mboe,kenya,scarinae,chlorurus_atrilunula_s,#error!,2,1,26,28,NA,NA,NA,NA
2022-04-02,mbo_01,mboe,kenya,scarinae,chlorurus_sordidus_s,#error!,2,2,21,23,NA,NA,NA,NA
2022-04-02,mbo_01,mboe,kenya,scarinae,chlorurus_sordidus_s,#error!,2,2,26,28,NA,NA,NA,NA
2022-04-02,mbo_01,mboe,kenya,scarinae,chlorurus_sordidus_s,#error!,2,3,16,18,NA,NA,NA,NA
2022-04-02,mbo_01,mboe,kenya,scarinae,chlorurus_sordidus_b,#error!,2,2,31,33,NA,NA,NA,NA
2022-04-02,mbo_01,mboe,kenya,scarinae,scarus_scaber,#error!,2,1,26,28,NA,NA,NA,NA
2022-04-02,mbo_01,mboe,kenya,scarinae,scarus_scaber,#error!,2,1,31,33,NA,NA,NA,NA
2022-04-02,mbo_01,mboe,kenya,scarinae,calotomus_carolinus,#error!,3,1,31,33,NA,NA,NA,NA
2022-04-02,mbo_01,mboe,kenya,scarinae,scarus_ghobban,#error!,3,2,21,23,NA,NA,NA,NA
2022-04-02,mbo_02,mboe,kenya,scarinae,scarus_rubroviolaceus,#error!,4,1,16,18,NA,NA,NA,NA
2022-04-02,mbo_02,mboe,kenya,scarinae,chlorurus_atrilunula_s,#error!,5,1,16,18,NA,NA,NA,NA
2022-04-02,mbo_02,mboe,kenya,scarinae,scarus_rubroviolaceus,#error!,5,2,16,18,NA,NA,NA,NA
2022-04-05,mek_01,mekka,kenya,scarinae,calotomus_carolinus,#error!,1,1,31,33,NA,NA,NA,NA
2022-04-05,mek_01,mekka,kenya,scarinae,calotomus_carolinus,#error!,1,4,11,13,NA,NA,NA,NA
2022-04-05,mek_01,mekka,kenya,scarinae,chlorurus_atrilunula_s,#error!,1,1,16,18,NA,NA,NA,NA
2022-04-05,mek_01,mekka,kenya,scarinae,chlorurus_atrilunula_s,#error!,1,4,11,13,NA,NA,NA,NA
2022-04-05,mek_01,mekka,kenya,scarinae,scarus_russelli,#error!,1,2,11,13,NA,NA,NA,NA
2022-04-05,mek_01,mekka,kenya,scarinae,chlorurus_sordidus_s,#error!,2,4,16,18,NA,NA,NA,NA
2022-04-05,mek_01,mekka,kenya,scarinae,chlorurus_atrilunula_s,#error!,2,3,21,23,NA,NA,NA,NA
2022-04-05,mek_01,mekka,kenya,scarinae,chlorurus_atrilunula_s,#error!,2,8,11,13,NA,NA,NA,NA
2022-04-05,mek_01,mekka,kenya,scarinae,scarus_russelli,#error!,2,6,11,13,NA,NA,NA,NA
2022-04-05,mek_01,mekka,kenya,scarinae,chlorurus_sordidus_s,#error!,3,2,11,13,NA,NA,NA,NA
2022-04-05,mek_02,mekka,kenya,scarinae,calotomus_carolinus,#error!,4,2,26,28,NA,NA,NA,NA
2022-04-05,mek_02,mekka,kenya,scarinae,chlorurus_atrilunula_s,#error!,4,1,26,28,NA,NA,NA,NA
2022-04-05,mek_02,mekka,kenya,scarinae,chlorurus_atrilunula_s,#error!,4,1,21,23,NA,NA,NA,NA
2022-04-05,mek_02,mekka,kenya,scarinae,chlorurus_atrilunula_s,#error!,4,1,11,13,NA,NA,NA,NA
2022-09-10,mimo_01,memboiboini,comoros,scarinae,chlorurus_strongylocephalus,#error!,1,1,21,23,NA,NA,NA,NA
2022-09-10,mimo_01,memboiboini,comoros,scarinae,chlorurus_sordidus,#error!,1,1,11,13,NA,NA,NA,NA
2022-09-10,mimo_01,memboiboini,comoros,scarinae,chlorurus_sordidus,#error!,1,5,21,23,NA,NA,NA,NA
2022-09-10,mimo_01,memboiboini,comoros,scarinae,chlorurus_sordidus,#error!,1,1,16,18,NA,NA,NA,NA
2022-09-10,mimo_02,memboiboini,comoros,scarinae,chlorurus_sordidus,#error!,3,1,26,28,NA,NA,NA,NA
2023-02-14,miko_01,mikes_outer,kenya,scarinae,leptoscarus_vaigiensis,#error!,2,1,16,18,NA,NA,NA,NA
2023-02-14,miko_02,mikes_outer,kenya,scarinae,chlorurus_sordidus,#error!,4,2,26,28,NA,NA,NA,NA
2023-02-14,miko_02,mikes_outer,kenya,scarinae,leptoscarus_vaigiensis,#error!,4,1,11,13,NA,NA,NA,NA
2023-02-14,miko_02,mikes_outer,kenya,scarinae,leptoscarus_vaigiensis,#error!,4,1,11,13,NA,NA,NA,NA
2023-02-14,miko_02,mikes_outer,kenya,scarinae,chlorurus_sordidus,#error!,5,1,26,28,NA,NA,NA,NA
2023-02-14,miko_02,mikes_outer,kenya,scarinae,scarus_ghobban,#error!,5,3,16,18,NA,NA,NA,NA
2018-10-11,mw_d_p_sc13,mirereni,comoros,scarinae,scarus_tricolor,#error!,1,1,26,28,NA,NA,NA,NA
2018-10-11,mw_d_p_sc13,mirereni,comoros,scarinae,scarus_tricolor,#error!,1,1,31,33,NA,NA,NA,NA
2018-10-11,mw_d_p_sc13,mirereni,comoros,scarinae,chlorurus_strongylocephalus_b,#error!,2,1,46,48,NA,NA,NA,NA
2018-10-11,mw_d_p_sc13,mirereni,comoros,scarinae,scarus_tricolor,#error!,2,1,26,28,NA,NA,NA,NA
2018-10-11,mw_d_p_sc13,mirereni,comoros,scarinae,scarus_prasiognathus,#error!,2,2,21,23,NA,NA,NA,NA
2018-10-12,mw_d_p_sc14,mirereni,comoros,scarinae,chlorurus_strongylocephalus_s,#error!,3,1,26,28,NA,NA,NA,NA
2018-10-12,mw_d_p_sc14,mirereni,comoros,scarinae,chlorurus_strongylocephalus_s,#error!,3,2,21,23,NA,NA,NA,NA
2018-10-12,mw_d_p_sc14,mirereni,comoros,scarinae,chlorurus_strongylocephalus_s,#error!,3,1,31,33,NA,NA,NA,NA
2018-10-12,mw_d_p_sc14,mirereni,comoros,scarinae,calotomus_carolinus,#error!,4,1,26,28,NA,NA,NA,NA
2018-10-12,mw_d_p_sc14,mirereni,comoros,scarinae,cetoscarus_ocellatus,#error!,4,1,36,38,NA,NA,NA,NA
2018-10-12,mw_d_p_sc14,mirereni,comoros,scarinae,scarus_rubroviolaceus,#error!,4,1,36,38,NA,NA,NA,NA
2018-10-12,mw_d_p_sc14,mirereni,comoros,scarinae,scarus_rubroviolaceus,#error!,4,1,31,33,NA,NA,NA,NA
2018-10-12,mw_d_p_sc14,mirereni,comoros,scarinae,scarus_frenatus,#error!,4,1,26,28,NA,NA,NA,NA
2018-10-12,mw_d_p_sc14,mirereni,comoros,scarinae,cetoscarus_ocellatus,#error!,5,1,26,28,NA,NA,NA,NA
2018-10-12,mw_d_p_sc14,mirereni,comoros,scarinae,scarus_rubroviolaceus,#error!,5,1,21,23,NA,NA,NA,NA
2018-10-12,mw_d_p_sc14,mirereni,comoros,scarinae,scarus_rubroviolaceus,#error!,5,1,16,18,NA,NA,NA,NA
2018-10-12,mw_d_p_sc14,mirereni,comoros,scarinae,scarus_niger,#error!,5,1,26,28,NA,NA,NA,NA
2018-10-12,mw_d_p_sc14,mirereni,comoros,scarinae,scarus_russelli,#error!,5,2,16,18,NA,NA,NA,NA
2018-10-13,mw_b_p_sc15,miringoni,comoros,scarinae,scarus_rubroviolaceus,#error!,1,1,41,43,NA,NA,NA,NA
2018-10-13,mw_b_p_sc15,miringoni,comoros,scarinae,chlorurus_sordidus_s,#error!,2,1,11,13,NA,NA,NA,NA
2018-10-13,mw_b_p_sc15,miringoni,comoros,scarinae,cetoscarus_ocellatus,#error!,3,1,16,18,NA,NA,NA,NA
2018-10-13,mw_b_p_sc15,miringoni,comoros,scarinae,chlorurus_strongylocephalus_s,#error!,3,1,21,23,NA,NA,NA,NA
2018-10-13,mw_b_p_sc15,miringoni,comoros,scarinae,scarus_rubroviolaceus,#error!,3,1,51,53,NA,NA,NA,NA
2018-10-13,mw_b_p_sc15,miringoni,comoros,scarinae,scarus_tricolor,#error!,3,1,21,23,NA,NA,NA,NA
2018-10-13,mw_b_p_sc15,miringoni,comoros,scarinae,scarus_tricolor,#error!,3,1,26,28,NA,NA,NA,NA
2018-10-14,mw_b_p_sc18,miringoni,comoros,scarinae,scarus_frenatus,#error!,4,1,31,33,NA,NA,NA,NA
2018-10-14,mw_b_p_sc18,miringoni,comoros,scarinae,chlorurus_sordidus_s,#error!,4,1,21,23,NA,NA,NA,NA
2018-10-14,mw_b_p_sc18,miringoni,comoros,scarinae,chlorurus_sordidus_s,#error!,4,1,11,13,NA,NA,NA,NA
2018-10-14,mw_b_p_sc18,miringoni,comoros,scarinae,scarus_rubroviolaceus,#error!,4,1,26,28,NA,NA,NA,NA
2018-10-14,mw_b_p_sc18,miringoni,comoros,scarinae,scarus_rubroviolaceus,#error!,4,1,56,58,NA,NA,NA,NA
2018-10-14,mw_b_p_sc18,miringoni,comoros,scarinae,scarus_rubroviolaceus,#error!,4,1,46,48,NA,NA,NA,NA
2018-10-14,mw_b_p_sc18,miringoni,comoros,scarinae,scarus_russelli,#error!,4,1,31,33,NA,NA,NA,NA
2018-10-14,mw_b_p_sc18,miringoni,comoros,scarinae,scarus_russelli,#error!,4,1,36,38,NA,NA,NA,NA
2018-10-14,mw_b_p_sc18,miringoni,comoros,scarinae,scarus_viridifucatus,#error!,4,1,26,28,NA,NA,NA,NA
2018-10-14,mw_b_p_sc18,miringoni,comoros,scarinae,scarus_niger,#error!,4,1,26,28,NA,NA,NA,NA
2018-10-14,mw_b_p_sc18,miringoni,comoros,scarinae,scarus_niger,#error!,4,1,31,33,NA,NA,NA,NA
2018-10-14,mw_b_p_sc18,miringoni,comoros,scarinae,calotomus_carolinus,#error!,5,2,21,23,NA,NA,NA,NA
2018-10-14,mw_b_p_sc18,miringoni,comoros,scarinae,scarus_tricolor,#error!,5,3,21,23,NA,NA,NA,NA
2018-10-14,mw_b_p_sc18,miringoni,comoros,scarinae,cetoscarus_ocellatus,#error!,5,1,66,68,NA,NA,NA,NA
2018-10-14,mw_b_p_sc18,miringoni,comoros,scarinae,cetoscarus_ocellatus,#error!,5,1,71,73,NA,NA,NA,NA
2018-10-14,mw_b_p_sc18,miringoni,comoros,scarinae,chlorurus_strongylocephalus_b,#error!,5,1,51,53,NA,NA,NA,NA
2018-10-14,mw_b_p_sc18,miringoni,comoros,scarinae,chlorurus_strongylocephalus_b,#error!,5,1,46,48,NA,NA,NA,NA
2018-10-14,mw_b_p_sc18,miringoni,comoros,scarinae,chlorurus_strongylocephalus_b,#error!,5,1,41,43,NA,NA,NA,NA
2018-10-14,mw_b_p_sc18,miringoni,comoros,scarinae,chlorurus_sordidus_s,#error!,5,1,26,28,NA,NA,NA,NA
2018-10-14,mw_b_p_sc18,miringoni,comoros,scarinae,calotomus_carolinus,#error!,6,1,21,23,NA,NA,NA,NA
2018-10-14,mw_b_p_sc18,miringoni,comoros,scarinae,scarus_russelli,#error!,6,1,26,28,NA,NA,NA,NA
2018-10-14,mw_b_p_sc18,miringoni,comoros,scarinae,scarus_tricolor,#error!,6,1,26,28,NA,NA,NA,NA
2018-10-14,mw_b_p_sc18,miringoni,comoros,scarinae,chlorurus_sordidus_b,#error!,6,2,36,38,NA,NA,NA,NA
2019-11-10,mis_01,misali,tanzania,scarinae,chlorurus_strongylocephalus_s,#error!,1,1,26,28,NA,NA,NA,NA
2019-11-10,mis_01,misali,tanzania,scarinae,chlorurus_strongylocephalus_b,#error!,1,1,36,38,NA,NA,NA,NA
2019-11-10,mis_01,misali,tanzania,scarinae,chlorurus_sordidus_s,#error!,1,3,16,18,NA,NA,NA,NA
2019-11-10,mis_01,misali,tanzania,scarinae,chlorurus_sordidus_s,#error!,1,2,11,13,NA,NA,NA,NA
2019-11-10,mis_01,misali,tanzania,scarinae,scarus_tricolor,#error!,1,1,11,13,NA,NA,NA,NA
2019-11-10,mis_01,misali,tanzania,scarinae,scarus_tricolor,#error!,1,1,21,23,NA,NA,NA,NA
2019-11-10,mis_01,misali,tanzania,scarinae,chlorurus_atrilunula_s,#error!,1,1,21,23,NA,NA,NA,NA
2019-11-10,mis_01,misali,tanzania,scarinae,cetoscarus_ocellatus,#error!,3,1,26,28,NA,NA,NA,NA
2019-11-10,mis_01,misali,tanzania,scarinae,chlorurus_strongylocephalus_b,#error!,3,1,41,43,NA,NA,NA,NA
2019-11-10,mis_01,misali,tanzania,scarinae,chlorurus_strongylocephalus_s,#error!,3,1,31,33,NA,NA,NA,NA
2019-11-10,mis_01,misali,tanzania,scarinae,chlorurus_sordidus_s,#error!,3,1,16,18,NA,NA,NA,NA
2019-11-10,mis_01,misali,tanzania,scarinae,chlorurus_sordidus_s,#error!,3,1,26,28,NA,NA,NA,NA
2019-11-10,mis_01,misali,tanzania,scarinae,scarus_tricolor,#error!,3,1,11,13,NA,NA,NA,NA
2019-11-10,mis_01,misali,tanzania,scarinae,scarus_tricolor,#error!,3,2,16,18,NA,NA,NA,NA
2019-11-10,mis_02,misali,tanzania,scarinae,chlorurus_sordidus_s,#error!,4,1,11,13,NA,NA,NA,NA
2019-11-10,mis_02,misali,tanzania,scarinae,chlorurus_strongylocephalus_s,#error!,5,1,16,18,NA,NA,NA,NA
2019-11-10,mis_02,misali,tanzania,scarinae,chlorurus_strongylocephalus_s,#error!,5,1,21,23,NA,NA,NA,NA
2019-11-10,mis_02,misali,tanzania,scarinae,chlorurus_strongylocephalus_s,#error!,5,1,11,13,NA,NA,NA,NA
2019-11-10,mis_02,misali,tanzania,scarinae,chlorurus_strongylocephalus_s,#error!,5,2,26,28,NA,NA,NA,NA
2019-11-10,mis_02,misali,tanzania,scarinae,chlorurus_strongylocephalus_s,#error!,5,2,31,33,NA,NA,NA,NA
2019-11-10,mis_02,misali,tanzania,scarinae,chlorurus_strongylocephalus_b,#error!,5,1,36,38,NA,NA,NA,NA
2019-11-10,mis_02,misali,tanzania,scarinae,chlorurus_sordidus_s,#error!,5,1,26,28,NA,NA,NA,NA
2019-11-10,mis_02,misali,tanzania,scarinae,chlorurus_sordidus_s,#error!,5,1,16,18,NA,NA,NA,NA
2019-11-10,mis_02,misali,tanzania,scarinae,chlorurus_sordidus_s,#error!,5,1,11,13,NA,NA,NA,NA
2019-11-10,mis_02,misali,tanzania,scarinae,scarus_niger,#error!,5,1,26,28,NA,NA,NA,NA
2019-11-10,mis_02,misali,tanzania,scarinae,scarus_tricolor,#error!,5,3,21,23,NA,NA,NA,NA
2019-11-10,mis_02,misali,tanzania,scarinae,scarus_tricolor,#error!,5,1,16,18,NA,NA,NA,NA
2018-10-05,gc_a_p_sc05,mitsamiouli,comoros,scarinae,calotomus_carolinus,#error!,1,1,31,33,NA,NA,NA,NA
2018-10-05,gc_a_p_sc05,mitsamiouli,comoros,scarinae,scarus_prasiognathus,#error!,1,1,16,18,NA,NA,NA,NA
2018-10-05,gc_a_p_sc05,mitsamiouli,comoros,scarinae,scarus_scaber,#error!,1,2,21,23,NA,NA,NA,NA
2018-10-05,gc_a_p_sc05,mitsamiouli,comoros,scarinae,chlorurus_sordidus_s,#error!,2,6,11,13,NA,NA,NA,NA
2018-10-05,gc_a_p_sc05,mitsamiouli,comoros,scarinae,chlorurus_sordidus_s,#error!,2,8,21,23,NA,NA,NA,NA
2018-10-05,gc_a_p_sc05,mitsamiouli,comoros,scarinae,chlorurus_sordidus_s,#error!,2,23,16,18,NA,NA,NA,NA
2018-10-05,gc_a_p_sc05,mitsamiouli,comoros,scarinae,scarus_scaber,#error!,2,4,21,23,NA,NA,NA,NA
2018-10-05,gc_a_p_sc05,mitsamiouli,comoros,scarinae,calotomus_carolinus,#error!,3,1,21,23,NA,NA,NA,NA
2018-10-05,gc_a_p_sc05,mitsamiouli,comoros,scarinae,chlorurus_sordidus_s,#error!,3,8,16,18,NA,NA,NA,NA
2018-10-05,gc_a_p_sc05,mitsamiouli,comoros,scarinae,scarus_prasiognathus,#error!,3,20,16,18,NA,NA,NA,NA
2018-10-05,gc_a_p_sc05,mitsamiouli,comoros,scarinae,scarus_scaber,#error!,3,3,21,23,NA,NA,NA,NA
2018-10-05,gc_a_p_sc05,mitsamiouli,comoros,scarinae,scarus_scaber,#error!,3,3,16,18,NA,NA,NA,NA
2018-10-06,gc_a_p_sc06,mitsamiouli,comoros,scarinae,chlorurus_strongylocephalus_s,#error!,4,1,11,13,NA,NA,NA,NA
2018-10-06,gc_a_p_sc06,mitsamiouli,comoros,scarinae,chlorurus_sordidus_s,#error!,4,2,16,18,NA,NA,NA,NA
2018-10-06,gc_a_p_sc06,mitsamiouli,comoros,scarinae,scarus_prasiognathus,#error!,4,1,21,23,NA,NA,NA,NA
2018-10-06,gc_a_p_sc06,mitsamiouli,comoros,scarinae,scarus_tricolor,#error!,4,1,16,18,NA,NA,NA,NA
2018-10-06,gc_a_p_sc06,mitsamiouli,comoros,scarinae,calotomus_carolinus,#error!,5,1,21,23,NA,NA,NA,NA
2018-10-06,gc_a_p_sc06,mitsamiouli,comoros,scarinae,chlorurus_sordidus_s,#error!,5,1,26,28,NA,NA,NA,NA
2018-10-06,gc_a_p_sc06,mitsamiouli,comoros,scarinae,chlorurus_sordidus_s,#error!,5,1,21,23,NA,NA,NA,NA
2018-10-06,gc_a_p_sc06,mitsamiouli,comoros,scarinae,scarus_tricolor,#error!,5,1,16,18,NA,NA,NA,NA
2018-10-06,gc_a_p_sc06,mitsamiouli,comoros,scarinae,chlorurus_sordidus_s,#error!,6,1,21,23,NA,NA,NA,NA
2018-10-06,gc_a_p_sc06,mitsamiouli,comoros,scarinae,chlorurus_sordidus_s,#error!,6,1,16,18,NA,NA,NA,NA
2018-10-06,gc_a_p_sc06,mitsamiouli,comoros,scarinae,scarus_tricolor,#error!,6,2,16,18,NA,NA,NA,NA
2023-11-01,mitsam2,mitsamiouli,comoros,scarinae,scarus_tricolor,#error!,1,1,16,18,NA,NA,NA,NA
2023-11-01,mitsam2,mitsamiouli,comoros,scarinae,scarus_tricolor,#error!,1,1,31,33,NA,NA,NA,NA
2023-11-01,mitsam2,mitsamiouli,comoros,scarinae,chlorurus_strongylocephalus_s,#error!,2,1,11,13,NA,NA,NA,NA
2023-11-01,mitsam2,mitsamiouli,comoros,scarinae,hipposcarus_harid,#error!,2,2,16,18,NA,NA,NA,NA
2023-11-01,mitsam2,mitsamiouli,comoros,scarinae,scarus_tricolor,#error!,2,1,26,28,NA,NA,NA,NA
2023-11-01,mitsam2,mitsamiouli,comoros,scarinae,scarus_scaber,#error!,2,1,21,23,NA,NA,NA,NA
2023-11-01,mitsam3,mitsamiouli,comoros,scarinae,chlorurus_sordidus,#error!,3,1,11,13,NA,NA,NA,NA
2023-11-01,mitsam3,mitsamiouli,comoros,scarinae,chlorurus_sordidus,#error!,3,2,21,23,NA,NA,NA,NA
2023-11-01,mitsam3,mitsamiouli,comoros,scarinae,scarus_scaber,#error!,3,1,11,13,NA,NA,NA,NA
2023-11-01,mitsam3,mitsamiouli,comoros,scarinae,scarus_psittacus,#error!,3,1,16,18,NA,NA,NA,NA
2023-11-01,mitsam3,mitsamiouli,comoros,scarinae,chlorurus_strongylocephalus_s,#error!,4,1,26,28,NA,NA,NA,NA
2023-11-01,mitsam3,mitsamiouli,comoros,scarinae,chlorurus_strongylocephalus_s,#error!,4,1,31,33,NA,NA,NA,NA
2023-11-01,mitsam3,mitsamiouli,comoros,scarinae,chlorurus_sordidus,#error!,4,6,11,13,NA,NA,NA,NA
2023-11-01,mitsam3,mitsamiouli,comoros,scarinae,chlorurus_sordidus,#error!,4,1,21,23,NA,NA,NA,NA
2023-11-01,mitsam3,mitsamiouli,comoros,scarinae,chlorurus_sordidus,#error!,4,1,16,18,NA,NA,NA,NA
2023-11-01,mitsam3,mitsamiouli,comoros,scarinae,scarus_tricolor,#error!,4,1,11,13,NA,NA,NA,NA
2022-10-18,mjk_01,mji_wa_kale,kenya,scarinae,chlorurus_sordidus_s,#error!,4,4,21,23,NA,NA,NA,NA
2022-10-18,mjk_01,mji_wa_kale,kenya,scarinae,chlorurus_sordidus_s,#error!,4,1,26,28,NA,NA,NA,NA
2022-10-18,mjk_01,mji_wa_kale,kenya,scarinae,scarus_spp.,#error!,4,1,26,28,NA,NA,NA,NA
2022-10-18,mjk_01,mji_wa_kale,kenya,scarinae,scarus_spp.,#error!,4,1,16,18,NA,NA,NA,NA
2022-10-18,mjk_01,mji_wa_kale,kenya,scarinae,chlorurus_sordidus_s,#error!,5,3,21,23,NA,NA,NA,NA
2022-10-18,mjk_01,mji_wa_kale,kenya,scarinae,chlorurus_sordidus_s,#error!,5,1,26,28,NA,NA,NA,NA
2022-10-18,mjk_01,mji_wa_kale,kenya,scarinae,scarus_spp.,#error!,5,2,16,18,NA,NA,NA,NA
2022-10-18,mjk_01,mji_wa_kale,kenya,scarinae,scarus_spp.,#error!,5,2,26,28,NA,NA,NA,NA
2022-10-18,mjk_02,mji_wa_kale,kenya,scarinae,scarus_spp.,#error!,1,1,16,18,NA,NA,NA,NA
2022-10-18,mjk_02,mji_wa_kale,kenya,scarinae,scarus_spp.,#error!,1,1,11,13,NA,NA,NA,NA
2022-10-18,mjk_02,mji_wa_kale,kenya,scarinae,scarus_spp.,#error!,3,2,21,23,NA,NA,NA,NA
2022-10-18,mjk_02,mji_wa_kale,kenya,scarinae,scarus_spp.,#error!,3,8,11,13,NA,NA,NA,NA
2022-10-18,mjk_02,mji_wa_kale,kenya,scarinae,chlorurus_sordidus_s,#error!,3,5,16,18,NA,NA,NA,NA
2022-10-18,mjk_02,mji_wa_kale,kenya,scarinae,chlorurus_sordidus_s,#error!,3,3,21,23,NA,NA,NA,NA
2023-02-13,mkcg_01,mkokoni_coral_garden,kenya,scarinae,scarus_ghobban,#error!,1,1,21,23,NA,NA,NA,NA
2022-04-01,mli_01,mliani,kenya,scarinae,calotomus_carolinus,#error!,1,6,16,18,NA,NA,NA,NA
2022-04-01,mli_01,mliani,kenya,scarinae,calotomus_carolinus,#error!,1,4,21,23,NA,NA,NA,NA
2022-04-01,mli_01,mliani,kenya,scarinae,calotomus_carolinus,#error!,1,6,31,33,NA,NA,NA,NA
2022-04-01,mli_01,mliani,kenya,scarinae,chlorurus_sordidus_s,#error!,1,7,16,18,NA,NA,NA,NA
2022-04-01,mli_01,mliani,kenya,scarinae,chlorurus_sordidus_s,#error!,1,2,21,23,NA,NA,NA,NA
2022-04-01,mli_01,mliani,kenya,scarinae,scarus_ghobban,#error!,1,6,21,23,NA,NA,NA,NA
2022-04-01,mli_01,mliani,kenya,scarinae,scarus_ghobban,#error!,1,2,16,18,NA,NA,NA,NA
2022-04-01,mli_01,mliani,kenya,scarinae,scarus_rubroviolaceus,#error!,1,2,16,18,NA,NA,NA,NA
2022-04-01,mli_01,mliani,kenya,scarinae,scarus_rubroviolaceus,#error!,1,1,21,23,NA,NA,NA,NA
2022-04-01,mli_01,mliani,kenya,scarinae,scarus_rubroviolaceus,#error!,1,1,31,33,NA,NA,NA,NA
2022-04-01,mli_01,mliani,kenya,scarinae,scarus_rubroviolaceus,#error!,1,2,26,28,NA,NA,NA,NA
2022-04-01,mli_01,mliani,kenya,scarinae,calotomus_carolinus,#error!,2,6,11,13,NA,NA,NA,NA
2022-04-01,mli_01,mliani,kenya,scarinae,scarus_ghobban,#error!,2,5,21,23,NA,NA,NA,NA
2022-04-01,mli_01,mliani,kenya,scarinae,scarus_ghobban,#error!,2,2,16,18,NA,NA,NA,NA
2022-04-01,mli_01,mliani,kenya,scarinae,chlorurus_atrilunula_s,#error!,2,4,16,18,NA,NA,NA,NA
2022-04-01,mli_01,mliani,kenya,scarinae,calotomus_carolinus,#error!,3,2,31,33,NA,NA,NA,NA
2022-04-01,mli_01,mliani,kenya,scarinae,calotomus_carolinus,#error!,3,4,21,23,NA,NA,NA,NA
2022-04-01,mli_01,mliani,kenya,scarinae,calotomus_carolinus,#error!,3,3,26,28,NA,NA,NA,NA
2022-04-01,mli_01,mliani,kenya,scarinae,chlorurus_sordidus_s,#error!,3,3,26,28,NA,NA,NA,NA
2022-04-01,mli_01,mliani,kenya,scarinae,chlorurus_sordidus_s,#error!,3,8,21,23,NA,NA,NA,NA
2022-04-01,mli_01,mliani,kenya,scarinae,chlorurus_sordidus_b,#error!,3,2,31,33,NA,NA,NA,NA
2022-04-01,mli_01,mliani,kenya,scarinae,scarus_ghobban,#error!,3,1,11,13,NA,NA,NA,NA
2022-04-01,mli_01,mliani,kenya,scarinae,scarus_ghobban,#error!,3,1,26,28,NA,NA,NA,NA
2022-04-01,mli_01,mliani,kenya,scarinae,scarus_ghobban,#error!,3,6,16,18,NA,NA,NA,NA
2022-04-01,mli_01,mliani,kenya,scarinae,scarus_rubroviolaceus,#error!,3,2,11,13,NA,NA,NA,NA
2022-04-01,mli_01,mliani,kenya,scarinae,scarus_rubroviolaceus,#error!,3,1,16,18,NA,NA,NA,NA
2022-04-01,mli_02,mliani,kenya,scarinae,calotomus_carolinus,#error!,4,2,26,28,NA,NA,NA,NA
2022-04-01,mli_02,mliani,kenya,scarinae,calotomus_carolinus,#error!,4,1,21,23,NA,NA,NA,NA
2022-04-01,mli_02,mliani,kenya,scarinae,calotomus_carolinus,#error!,4,6,31,33,NA,NA,NA,NA
2022-04-01,mli_02,mliani,kenya,scarinae,chlorurus_sordidus_s,#error!,4,2,26,28,NA,NA,NA,NA
2022-04-01,mli_02,mliani,kenya,scarinae,chlorurus_sordidus_s,#error!,4,4,21,23,NA,NA,NA,NA
2022-04-01,mli_02,mliani,kenya,scarinae,scarus_rubroviolaceus,#error!,4,2,16,18,NA,NA,NA,NA
2022-04-01,mli_02,mliani,kenya,scarinae,scarus_ghobban,#error!,4,6,16,18,NA,NA,NA,NA
2022-04-01,mli_02,mliani,kenya,scarinae,scarus_ghobban,#error!,4,1,36,38,NA,NA,NA,NA
2022-04-01,mli_02,mliani,kenya,scarinae,chlorurus_atrilunula_s,#error!,4,1,26,28,NA,NA,NA,NA
2022-04-01,mli_02,mliani,kenya,scarinae,calotomus_carolinus,#error!,5,2,31,33,NA,NA,NA,NA
2022-04-01,mli_02,mliani,kenya,scarinae,calotomus_carolinus,#error!,5,2,26,28,NA,NA,NA,NA
2022-04-01,mli_02,mliani,kenya,scarinae,hipposcarus_harid,#error!,5,1,31,33,NA,NA,NA,NA
2022-04-01,mli_02,mliani,kenya,scarinae,hipposcarus_harid,#error!,5,1,26,28,NA,NA,NA,NA
2022-04-01,mli_02,mliani,kenya,scarinae,hipposcarus_harid,#error!,5,1,21,23,NA,NA,NA,NA
2022-04-01,mli_02,mliani,kenya,scarinae,chlorurus_sordidus_s,#error!,5,4,26,28,NA,NA,NA,NA
2022-10-28,mbcg_01,mombasa_coral_garden,kenya,scarinae,chlorurus_sordidus_s,#error!,1,1,16,18,NA,NA,NA,NA
2022-10-28,mbcg_01,mombasa_coral_garden,kenya,scarinae,hipposcarus_harid,#error!,1,2,16,18,NA,NA,NA,NA
2022-10-28,mbcg_01,mombasa_coral_garden,kenya,scarinae,hipposcarus_harid,#error!,1,3,21,23,NA,NA,NA,NA
2022-10-28,mbcg_01,mombasa_coral_garden,kenya,scarinae,scarus_spp.,#error!,1,2,21,23,NA,NA,NA,NA
2022-10-28,mbcg_01,mombasa_coral_garden,kenya,scarinae,scarus_spp.,#error!,1,3,16,18,NA,NA,NA,NA
2022-10-28,mbcg_01,mombasa_coral_garden,kenya,scarinae,scarus_spp.,#error!,1,11,11,13,NA,NA,NA,NA
2022-10-28,mbcg_01,mombasa_coral_garden,kenya,scarinae,scarus_rubroviolaceus,#error!,1,1,26,28,NA,NA,NA,NA
2022-10-28,mbcg_01,mombasa_coral_garden,kenya,scarinae,scarus_ghobban,#error!,1,3,21,23,NA,NA,NA,NA
2022-10-28,mbcg_01,mombasa_coral_garden,kenya,scarinae,chlorurus_sordidus_s,#error!,2,3,21,23,NA,NA,NA,NA
2022-10-28,mbcg_01,mombasa_coral_garden,kenya,scarinae,chlorurus_sordidus_s,#error!,2,1,31,33,NA,NA,NA,NA
2022-10-28,mbcg_01,mombasa_coral_garden,kenya,scarinae,chlorurus_sordidus_s,#error!,2,3,11,13,NA,NA,NA,NA
2022-10-28,mbcg_01,mombasa_coral_garden,kenya,scarinae,chlorurus_sordidus_s,#error!,2,1,26,28,NA,NA,NA,NA
2022-10-28,mbcg_01,mombasa_coral_garden,kenya,scarinae,scarus_spp.,#error!,2,1,26,28,NA,NA,NA,NA
2022-10-28,mbcg_01,mombasa_coral_garden,kenya,scarinae,scarus_spp.,#error!,2,2,11,13,NA,NA,NA,NA
2022-10-28,mbcg_01,mombasa_coral_garden,kenya,scarinae,hipposcarus_harid,#error!,2,2,26,28,NA,NA,NA,NA
2022-10-28,mbcg_01,mombasa_coral_garden,kenya,scarinae,scarus_ghobban,#error!,2,1,21,23,NA,NA,NA,NA
2022-10-28,mbcg_01,mombasa_coral_garden,kenya,scarinae,scarus_ghobban,#error!,2,6,26,28,NA,NA,NA,NA
2022-10-28,mbcg_01,mombasa_coral_garden,kenya,scarinae,scarus_ghobban,#error!,2,1,31,33,NA,NA,NA,NA
2022-10-28,mbcg_01,mombasa_coral_garden,kenya,scarinae,scarus_rubroviolaceus,#error!,2,1,21,23,NA,NA,NA,NA
2022-10-28,mbcg_01,mombasa_coral_garden,kenya,scarinae,chlorurus_sordidus_s,#error!,3,3,21,23,NA,NA,NA,NA
2022-10-28,mbcg_01,mombasa_coral_garden,kenya,scarinae,chlorurus_sordidus_s,#error!,3,1,16,18,NA,NA,NA,NA
2022-10-28,mbcg_01,mombasa_coral_garden,kenya,scarinae,chlorurus_sordidus_s,#error!,3,1,11,13,NA,NA,NA,NA
2022-10-28,mbcg_01,mombasa_coral_garden,kenya,scarinae,scarus_rubroviolaceus,#error!,3,2,26,28,NA,NA,NA,NA
2022-10-28,mbcg_01,mombasa_coral_garden,kenya,scarinae,scarus_spp.,#error!,3,3,21,23,NA,NA,NA,NA
2022-10-28,mbcg_01,mombasa_coral_garden,kenya,scarinae,scarus_spp.,#error!,3,1,16,18,NA,NA,NA,NA
2022-10-28,mbcg_01,mombasa_coral_garden,kenya,scarinae,hipposcarus_harid,#error!,3,6,21,23,NA,NA,NA,NA
2022-10-28,mbcg_01,mombasa_coral_garden,kenya,scarinae,scarus_ghobban,#error!,3,4,26,28,NA,NA,NA,NA
2022-10-28,mbcg_01,mombasa_coral_garden,kenya,scarinae,calotomus_carolinus,#error!,3,2,21,23,NA,NA,NA,NA
2021-03-18,mor_01,moray,kenya,scarinae,chlorurus_sordidus_s,#error!,1,4,21,23,NA,NA,NA,NA
2021-03-18,mor_01,moray,kenya,scarinae,chlorurus_sordidus_s,#error!,1,1,16,18,NA,NA,NA,NA
2021-03-18,mor_01,moray,kenya,scarinae,scarus_rubroviolaceus,#error!,1,1,31,33,NA,NA,NA,NA
2021-03-18,mor_01,moray,kenya,scarinae,scarus_scaber,#error!,1,1,36,38,NA,NA,NA,NA
2021-03-18,mor_01,moray,kenya,scarinae,scarus_scaber,#error!,1,1,21,23,NA,NA,NA,NA
2021-03-18,mor_01,moray,kenya,scarinae,scarus_tricolor,#error!,1,1,26,28,NA,NA,NA,NA
2021-03-18,mor_01,moray,kenya,scarinae,calotomus_carolinus,#error!,2,3,21,23,NA,NA,NA,NA
2021-03-18,mor_01,moray,kenya,scarinae,chlorurus_strongylocephalus_s,#error!,2,1,31,33,NA,NA,NA,NA
2021-03-18,mor_01,moray,kenya,scarinae,scarus_rubroviolaceus,#error!,2,1,41,43,NA,NA,NA,NA
2021-03-18,mor_01,moray,kenya,scarinae,scarus_rubroviolaceus,#error!,2,1,31,33,NA,NA,NA,NA
2021-03-18,mor_01,moray,kenya,scarinae,scarus_tricolor,#error!,2,3,16,18,NA,NA,NA,NA
2021-03-18,mor_01,moray,kenya,scarinae,calotomus_carolinus,#error!,3,1,16,18,NA,NA,NA,NA
2021-03-18,mor_01,moray,kenya,scarinae,scarus_tricolor,#error!,3,2,21,23,NA,NA,NA,NA
2021-03-18,mor_01,moray,kenya,scarinae,chlorurus_sordidus_s,#error!,3,1,11,13,NA,NA,NA,NA
2021-03-18,mor_02,moray,kenya,scarinae,chlorurus_strongylocephalus_s,#error!,4,1,26,28,NA,NA,NA,NA
2021-03-18,mor_02,moray,kenya,scarinae,chlorurus_sordidus_b,#error!,4,6,21,23,NA,NA,NA,NA
2021-03-18,mor_02,moray,kenya,scarinae,chlorurus_sordidus_b,#error!,4,1,16,18,NA,NA,NA,NA
2021-03-18,mor_02,moray,kenya,scarinae,chlorurus_sordidus_s,#error!,4,1,26,28,NA,NA,NA,NA
2021-03-18,mor_02,moray,kenya,scarinae,chlorurus_sordidus_s,#error!,4,2,16,18,NA,NA,NA,NA
2021-03-18,mor_02,moray,kenya,scarinae,scarus_rubroviolaceus,#error!,4,1,21,23,NA,NA,NA,NA
2021-03-18,mor_02,moray,kenya,scarinae,calotomus_carolinus,#error!,5,3,16,18,NA,NA,NA,NA
2021-03-18,mor_02,moray,kenya,scarinae,chlorurus_sordidus_b,#error!,5,1,16,18,NA,NA,NA,NA
2021-03-18,mor_02,moray,kenya,scarinae,scarus_rubroviolaceus,#error!,5,3,11,13,NA,NA,NA,NA
2020-11-24,mrd_01,mradi_tengefu,kenya,scarinae,chlorurus_sordidus_s,#error!,1,2,11,13,NA,NA,NA,NA
2020-11-24,mrd_01,mradi_tengefu,kenya,scarinae,scarus_ghobban,#error!,1,2,11,13,NA,NA,NA,NA
2020-11-24,mrd_01,mradi_tengefu,kenya,scarinae,scarus_ghobban,#error!,2,1,11,13,NA,NA,NA,NA
2020-11-24,mrd_01,mradi_tengefu,kenya,scarinae,chlorurus_sordidus_s,#error!,3,2,11,13,NA,NA,NA,NA
2020-11-24,mrd_01,mradi_tengefu,kenya,scarinae,chlorurus_sordidus_s,#error!,5,2,11,13,NA,NA,NA,NA
2023-03-20,mhd_01,muhindi,kenya,scarinae,calotomus_carolinus,#error!,3,1,16,18,NA,NA,NA,NA
2021-11-16,mvu_01,mvureni,kenya,scarinae,calotomus_carolinus,#error!,1,2,16,18,NA,NA,NA,NA
2021-11-16,mvu_01,mvureni,kenya,scarinae,hipposcarus_harid,#error!,1,2,36,38,NA,NA,NA,NA
2021-11-16,mvu_01,mvureni,kenya,scarinae,hipposcarus_harid,#error!,1,8,26,28,NA,NA,NA,NA
2021-11-16,mvu_01,mvureni,kenya,scarinae,chlorurus_sordidus_s,#error!,1,2,16,18,NA,NA,NA,NA
2021-11-16,mvu_01,mvureni,kenya,scarinae,scarus_ghobban,#error!,1,2,16,18,NA,NA,NA,NA
2021-11-16,mvu_01,mvureni,kenya,scarinae,calotomus_carolinus,#error!,2,1,31,33,NA,NA,NA,NA
2021-11-16,mvu_01,mvureni,kenya,scarinae,hipposcarus_harid,#error!,2,8,26,28,NA,NA,NA,NA
2021-11-16,mvu_01,mvureni,kenya,scarinae,chlorurus_sordidus_s,#error!,2,4,16,18,NA,NA,NA,NA
2021-11-16,mvu_01,mvureni,kenya,scarinae,chlorurus_atrilunula_s,#error!,2,1,21,23,NA,NA,NA,NA
2021-11-16,mvu_01,mvureni,kenya,scarinae,scarus_ghobban,#error!,2,1,16,18,NA,NA,NA,NA
2021-11-16,mvu_01,mvureni,kenya,scarinae,scarus_ghobban,#error!,2,2,31,33,NA,NA,NA,NA
2021-11-16,mvu_01,mvureni,kenya,scarinae,calotomus_carolinus,#error!,3,1,31,33,NA,NA,NA,NA
2021-11-16,mvu_01,mvureni,kenya,scarinae,calotomus_carolinus,#error!,3,1,26,28,NA,NA,NA,NA
2021-11-16,mvu_01,mvureni,kenya,scarinae,chlorurus_atrilunula_s,#error!,3,1,16,18,NA,NA,NA,NA
2021-11-16,mvu_01,mvureni,kenya,scarinae,scarus_ghobban,#error!,3,1,46,48,NA,NA,NA,NA
2022-04-03,mwk_01,mwakinyavu,kenya,scarinae,chlorurus_sordidus_s,#error!,1,1,26,28,NA,NA,NA,NA
2022-04-03,mwk_01,mwakinyavu,kenya,scarinae,chlorurus_atrilunula_s,#error!,1,1,31,33,NA,NA,NA,NA
2022-04-03,mwk_01,mwakinyavu,kenya,scarinae,chlorurus_atrilunula_s,#error!,1,1,11,13,NA,NA,NA,NA
2022-04-03,mwk_01,mwakinyavu,kenya,scarinae,scarus_ghobban,#error!,1,2,16,18,NA,NA,NA,NA
2022-04-03,mwk_01,mwakinyavu,kenya,scarinae,scarus_rubroviolaceus,#error!,1,4,21,23,NA,NA,NA,NA
2022-04-03,mwk_01,mwakinyavu,kenya,scarinae,calotomus_carolinus,#error!,2,6,26,28,NA,NA,NA,NA
2022-04-03,mwk_01,mwakinyavu,kenya,scarinae,calotomus_carolinus,#error!,2,1,21,23,NA,NA,NA,NA
2022-04-03,mwk_01,mwakinyavu,kenya,scarinae,chlorurus_atrilunula_s,#error!,2,2,26,28,NA,NA,NA,NA
2022-04-03,mwk_01,mwakinyavu,kenya,scarinae,scarus_rubroviolaceus,#error!,2,2,21,23,NA,NA,NA,NA
2022-04-03,mwk_01,mwakinyavu,kenya,scarinae,calotomus_carolinus,#error!,3,5,26,28,NA,NA,NA,NA
2022-04-03,mwk_01,mwakinyavu,kenya,scarinae,calotomus_carolinus,#error!,3,3,31,33,NA,NA,NA,NA
2022-04-03,mwk_01,mwakinyavu,kenya,scarinae,chlorurus_sordidus_s,#error!,3,1,21,23,NA,NA,NA,NA
2022-04-03,mwk_01,mwakinyavu,kenya,scarinae,chlorurus_sordidus_s,#error!,3,1,16,18,NA,NA,NA,NA
2022-04-03,mwk_01,mwakinyavu,kenya,scarinae,chlorurus_atrilunula_s,#error!,3,1,16,18,NA,NA,NA,NA
2022-04-03,mwk_01,mwakinyavu,kenya,scarinae,chlorurus_atrilunula_s,#error!,3,1,21,23,NA,NA,NA,NA
2022-04-03,mwk_01,mwakinyavu,kenya,scarinae,scarus_ghobban,#error!,3,1,46,48,NA,NA,NA,NA
2022-04-03,mwk_01,mwakinyavu,kenya,scarinae,scarus_ghobban,#error!,3,1,21,23,NA,NA,NA,NA
2022-04-03,mwk_01,mwakinyavu,kenya,scarinae,scarus_rubroviolaceus,#error!,3,1,21,23,NA,NA,NA,NA
2023-03-25,mwm_01,mwamba_mkuu,kenya,scarinae,chlorurus_sordidus,#error!,1,2,21,23,NA,NA,NA,NA
2023-02-12,mwy_01,mwamba_yee,kenya,scarinae,calotomus_carolinus,#error!,1,1,16,18,NA,NA,NA,NA
2023-02-12,mwy_01,mwamba_yee,kenya,scarinae,scarus_spp.,#error!,2,2,16,18,NA,NA,NA,NA
2023-02-12,mwy_01,mwamba_yee,kenya,scarinae,scarus_spp.,#error!,2,5,6,8,NA,NA,NA,NA
2023-02-12,mwy_01,mwamba_yee,kenya,scarinae,scarus_ghobban,#error!,3,1,16,18,NA,NA,NA,NA
2023-02-12,mwy_01,mwamba_yee,kenya,scarinae,scarus_ghobban,#error!,3,8,21,23,NA,NA,NA,NA
2023-11-04,ndje_01,ndjelezi,comoros,scarinae,chlorurus_sordidus,#error!,1,6,11,13,NA,NA,NA,NA
2023-11-04,ndje_01,ndjelezi,comoros,scarinae,chlorurus_strongylocephalus_s,#error!,1,1,41,43,NA,NA,NA,NA
2023-11-04,ndje_01,ndjelezi,comoros,scarinae,chlorurus_sordidus,#error!,2,5,11,13,NA,NA,NA,NA
2023-11-04,ndje_01,ndjelezi,comoros,scarinae,chlorurus_sordidus,#error!,2,2,16,18,NA,NA,NA,NA
2023-11-04,ndje_01,ndjelezi,comoros,scarinae,scarus_scaber,#error!,2,1,21,23,NA,NA,NA,NA
2023-11-04,ndje_02,ndjelezi,comoros,scarinae,scarus_tricolor,#error!,3,3,21,23,NA,NA,NA,NA
2023-11-04,ndje_02,ndjelezi,comoros,scarinae,chlorurus_sordidus,#error!,4,1,16,18,NA,NA,NA,NA
2023-11-04,ndje_02,ndjelezi,comoros,scarinae,scarus_psittacus,#error!,4,1,16,18,NA,NA,NA,NA
2022-09-06,ndro_01,ndroude,comoros,scarinae,chlorurus_sordidus,#error!,1,3,21,23,NA,NA,NA,NA
2022-09-06,ndro_01,ndroude,comoros,scarinae,chlorurus_sordidus,#error!,2,3,16,18,NA,NA,NA,NA
2022-09-06,ndro_02,ndroude,comoros,scarinae,scarus_spp.,#error!,3,1,11,13,NA,NA,NA,NA
2022-09-06,ndro_02,ndroude,comoros,scarinae,scarus_spp.,#error!,4,4,16,18,NA,NA,NA,NA
2022-09-06,ndro_02,ndroude,comoros,scarinae,scarus_spp.,#error!,5,4,16,18,NA,NA,NA,NA
2022-09-06,ndro_02,ndroude,comoros,scarinae,scarus_spp.,#error!,5,1,21,23,NA,NA,NA,NA
2022-10-17,ngm_01,ngomani,kenya,scarinae,chlorurus_sordidus,#error!,2,1,21,23,NA,NA,NA,NA
2022-10-17,ngm_01,ngomani,kenya,scarinae,scarus_spp.,#error!,3,1,31,33,NA,NA,NA,NA
2022-10-17,ngm_02,ngomani,kenya,scarinae,scarus_spp.,#error!,5,3,16,18,NA,NA,NA,NA
2022-10-17,ngm_02,ngomani,kenya,scarinae,scarus_spp.,#error!,5,2,11,13,NA,NA,NA,NA
2019-11-09,njc_01,njao_coral_garden,tanzania,scarinae,chlorurus_sordidus_s,#error!,1,8,16,18,NA,NA,NA,NA
2019-11-09,njc_01,njao_coral_garden,tanzania,scarinae,chlorurus_sordidus_s,#error!,1,1,21,23,NA,NA,NA,NA
2019-11-09,njc_01,njao_coral_garden,tanzania,scarinae,chlorurus_sordidus_s,#error!,1,3,11,13,NA,NA,NA,NA
2019-11-09,njc_01,njao_coral_garden,tanzania,scarinae,chlorurus_sordidus_s,#error!,2,1,26,28,NA,NA,NA,NA
2019-11-09,njc_01,njao_coral_garden,tanzania,scarinae,chlorurus_sordidus_s,#error!,2,2,11,13,NA,NA,NA,NA
2019-11-09,njc_01,njao_coral_garden,tanzania,scarinae,chlorurus_sordidus_s,#error!,2,1,21,23,NA,NA,NA,NA
2019-11-09,njc_01,njao_coral_garden,tanzania,scarinae,chlorurus_sordidus_s,#error!,2,1,31,33,NA,NA,NA,NA
2019-11-09,njc_01,njao_coral_garden,tanzania,scarinae,chlorurus_sordidus_s,#error!,2,1,16,18,NA,NA,NA,NA
2019-11-09,njc_01,njao_coral_garden,tanzania,scarinae,scarus_niger,#error!,2,1,21,23,NA,NA,NA,NA
2019-11-09,njc_01,njao_coral_garden,tanzania,scarinae,scarus_niger,#error!,2,1,16,18,NA,NA,NA,NA
2019-11-09,njc_01,njao_coral_garden,tanzania,scarinae,scarus_russelli,#error!,2,1,41,43,NA,NA,NA,NA
2019-11-09,njc_01,njao_coral_garden,tanzania,scarinae,scarus_psittacus,#error!,2,1,11,13,NA,NA,NA,NA
2019-11-09,njc_02,njao_coral_garden,tanzania,scarinae,chlorurus_strongylocephalus_s,#error!,3,1,26,28,NA,NA,NA,NA
2019-11-09,njc_02,njao_coral_garden,tanzania,scarinae,cetoscarus_ocellatus,#error!,3,1,11,13,NA,NA,NA,NA
2019-11-09,njc_02,njao_coral_garden,tanzania,scarinae,chlorurus_sordidus_s,#error!,4,1,26,28,NA,NA,NA,NA
2019-11-09,njc_02,njao_coral_garden,tanzania,scarinae,scarus_scaber,#error!,4,1,36,38,NA,NA,NA,NA
2019-11-09,njc_02,njao_coral_garden,tanzania,scarinae,cetoscarus_ocellatus,#error!,4,1,11,13,NA,NA,NA,NA
2019-11-09,njc_02,njao_coral_garden,tanzania,scarinae,scarus_tricolor,#error!,4,1,21,23,NA,NA,NA,NA
2019-11-09,njc_02,njao_coral_garden,tanzania,scarinae,chlorurus_strongylocephalus_s,#error!,5,1,11,13,NA,NA,NA,NA
2019-11-09,njc_02,njao_coral_garden,tanzania,scarinae,chlorurus_strongylocephalus_s,#error!,5,1,16,18,NA,NA,NA,NA
2019-11-09,njc_02,njao_coral_garden,tanzania,scarinae,chlorurus_sordidus_s,#error!,5,1,26,28,NA,NA,NA,NA
2019-11-09,njc_02,njao_coral_garden,tanzania,scarinae,chlorurus_sordidus_s,#error!,5,1,21,23,NA,NA,NA,NA
2019-11-09,njc_02,njao_coral_garden,tanzania,scarinae,chlorurus_sordidus_s,#error!,5,3,11,13,NA,NA,NA,NA
2019-11-09,njc_02,njao_coral_garden,tanzania,scarinae,scarus_psittacus,#error!,5,1,11,13,NA,NA,NA,NA
2019-11-09,njc_02,njao_coral_garden,tanzania,scarinae,scarus_tricolor,#error!,5,1,21,23,NA,NA,NA,NA
2019-11-06,njg_01,njao_gap,tanzania,scarinae,scarus_russelli,#error!,1,1,16,18,NA,NA,NA,NA
2019-11-06,njg_01,njao_gap,tanzania,scarinae,chlorurus_sordidus_s,#error!,2,1,21,23,NA,NA,NA,NA
2019-11-06,njg_01,njao_gap,tanzania,scarinae,scarus_psittacus,#error!,2,1,21,23,NA,NA,NA,NA
2019-11-06,njg_01,njao_gap,tanzania,scarinae,scarus_tricolor,#error!,2,4,21,23,NA,NA,NA,NA
2019-11-06,njg_01,njao_gap,tanzania,scarinae,scarus_tricolor,#error!,2,1,16,18,NA,NA,NA,NA
2019-11-06,njg_01,njao_gap,tanzania,scarinae,chlorurus_sordidus_s,#error!,3,1,21,23,NA,NA,NA,NA
2019-11-06,njg_01,njao_gap,tanzania,scarinae,chlorurus_sordidus_s,#error!,3,3,11,13,NA,NA,NA,NA
2019-11-06,njg_01,njao_gap,tanzania,scarinae,calotomus_carolinus,#error!,4,1,21,23,NA,NA,NA,NA
2019-11-06,njg_01,njao_gap,tanzania,scarinae,scarus_tricolor,#error!,4,1,21,23,NA,NA,NA,NA
2021-03-30,nor_01,north_reef,kenya,scarinae,chlorurus_sordidus_b,#error!,1,1,16,18,NA,NA,NA,NA
2021-03-30,nor_01,north_reef,kenya,scarinae,chlorurus_sordidus_b,#error!,1,2,31,33,NA,NA,NA,NA
2021-03-30,nor_01,north_reef,kenya,scarinae,scarus_ghobban,#error!,1,2,16,18,NA,NA,NA,NA
2021-03-30,nor_01,north_reef,kenya,scarinae,scarus_rubroviolaceus,#error!,1,10,26,28,NA,NA,NA,NA
2021-03-30,nor_01,north_reef,kenya,scarinae,scarus_rubroviolaceus,#error!,1,6,31,33,NA,NA,NA,NA
2021-03-30,nor_01,north_reef,kenya,scarinae,calotomus_carolinus,#error!,2,2,31,33,NA,NA,NA,NA
2021-03-30,nor_01,north_reef,kenya,scarinae,chlorurus_sordidus_b,#error!,2,2,16,18,NA,NA,NA,NA
2021-03-30,nor_01,north_reef,kenya,scarinae,chlorurus_atrilunula_b,#error!,2,2,26,28,NA,NA,NA,NA
2021-03-30,nor_01,north_reef,kenya,scarinae,calotomus_carolinus,#error!,3,1,16,18,NA,NA,NA,NA
2021-03-30,nor_01,north_reef,kenya,scarinae,chlorurus_sordidus_b,#error!,3,4,16,18,NA,NA,NA,NA
2021-03-30,nor_01,north_reef,kenya,scarinae,scarus_rubroviolaceus,#error!,3,2,26,28,NA,NA,NA,NA
2021-03-30,nor_02,north_reef,kenya,scarinae,chlorurus_sordidus_s,#error!,4,1,26,28,NA,NA,NA,NA
2021-03-30,nor_02,north_reef,kenya,scarinae,chlorurus_sordidus_s,#error!,4,1,31,33,NA,NA,NA,NA
2021-03-30,nor_02,north_reef,kenya,scarinae,chlorurus_sordidus_s,#error!,4,1,16,18,NA,NA,NA,NA
2021-03-30,nor_02,north_reef,kenya,scarinae,chlorurus_sordidus_b,#error!,5,2,11,13,NA,NA,NA,NA
2021-03-30,nor_02,north_reef,kenya,scarinae,chlorurus_sordidus_s,#error!,5,1,16,18,NA,NA,NA,NA
2021-03-30,nor_02,north_reef,kenya,scarinae,scarus_rubroviolaceus,#error!,5,1,21,23,NA,NA,NA,NA
2021-03-30,nor_02,north_reef,kenya,scarinae,scarus_rubroviolaceus,#error!,5,1,36,38,NA,NA,NA,NA
2021-03-30,nor_02,north_reef,kenya,scarinae,scarus_rubroviolaceus,#error!,5,1,41,43,NA,NA,NA,NA
2021-03-30,nor_02,north_reef,kenya,scarinae,chlorurus_capistratoides_s,#error!,5,1,21,23,NA,NA,NA,NA
2021-03-30,nor_02,north_reef,kenya,scarinae,scarus_tricolor,#error!,5,1,16,18,NA,NA,NA,NA
2023-03-23,nycg_01,nyali_coral_garden,kenya,scarinae,scarus_spp.,#error!,1,5,11,13,NA,NA,NA,NA
2023-03-23,nycg_01,nyali_coral_garden,kenya,scarinae,calotomus_carolinus,#error!,1,3,16,18,NA,NA,NA,NA
2023-03-23,nycg_01,nyali_coral_garden,kenya,scarinae,scarus_ghobban,#error!,1,3,16,18,NA,NA,NA,NA
2023-03-23,nycg_01,nyali_coral_garden,kenya,scarinae,scarus_ghobban,#error!,1,1,21,23,NA,NA,NA,NA
2023-03-23,nycg_01,nyali_coral_garden,kenya,scarinae,scarus_spp.,#error!,2,1,16,18,NA,NA,NA,NA
2023-03-23,nycg_01,nyali_coral_garden,kenya,scarinae,scarus_spp.,#error!,2,7,6,8,NA,NA,NA,NA
2023-03-23,nycg_01,nyali_coral_garden,kenya,scarinae,scarus_ghobban,#error!,2,1,16,18,NA,NA,NA,NA
2023-03-23,nycg_01,nyali_coral_garden,kenya,scarinae,scarus_spp.,#error!,3,1,16,18,NA,NA,NA,NA
2023-03-23,nycg_01,nyali_coral_garden,kenya,scarinae,scarus_spp.,#error!,3,4,6,8,NA,NA,NA,NA
2023-03-23,nycg_01,nyali_coral_garden,kenya,scarinae,scarus_spp.,#error!,4,11,6,8,NA,NA,NA,NA
2023-03-23,nycg_01,nyali_coral_garden,kenya,scarinae,scarus_spp.,#error!,4,4,6,8,NA,NA,NA,NA
2022-11-14,nyn_01,nyamalile_north,tanzania,scarinae,cetoscarus_ocellatus,#error!,1,1,16,18,NA,NA,NA,NA
2022-11-14,nyn_01,nyamalile_north,tanzania,scarinae,chlorurus_strongylocephalus_s,#error!,1,1,21,23,NA,NA,NA,NA
2022-11-14,nyn_01,nyamalile_north,tanzania,scarinae,chlorurus_strongylocephalus_s,#error!,1,1,26,28,NA,NA,NA,NA
2022-11-14,nyn_01,nyamalile_north,tanzania,scarinae,chlorurus_strongylocephalus_s,#error!,1,1,16,18,NA,NA,NA,NA
2022-11-14,nyn_01,nyamalile_north,tanzania,scarinae,chlorurus_sordidus_s,#error!,1,1,26,28,NA,NA,NA,NA
2022-11-14,nyn_01,nyamalile_north,tanzania,scarinae,scarus_ghobban,#error!,1,2,31,33,NA,NA,NA,NA
2022-11-14,nyn_01,nyamalile_north,tanzania,scarinae,scarus_ghobban,#error!,1,1,41,43,NA,NA,NA,NA
2022-11-14,nyn_01,nyamalile_north,tanzania,scarinae,chlorurus_strongylocephalus_s,#error!,2,5,11,13,NA,NA,NA,NA
2022-11-14,nyn_01,nyamalile_north,tanzania,scarinae,chlorurus_strongylocephalus_s,#error!,2,1,16,18,NA,NA,NA,NA
2022-11-14,nyn_01,nyamalile_north,tanzania,scarinae,chlorurus_sordidus_s,#error!,2,1,31,33,NA,NA,NA,NA
2022-11-14,nyn_01,nyamalile_north,tanzania,scarinae,chlorurus_sordidus_s,#error!,2,1,11,13,NA,NA,NA,NA
2022-11-14,nyn_01,nyamalile_north,tanzania,scarinae,chlorurus_sordidus_s,#error!,2,2,16,18,NA,NA,NA,NA
2022-11-14,nyn_01,nyamalile_north,tanzania,scarinae,scarus_niger,#error!,2,2,16,18,NA,NA,NA,NA
2022-11-14,nyn_01,nyamalile_north,tanzania,scarinae,scarus_ghobban,#error!,2,1,36,38,NA,NA,NA,NA
2022-11-14,nyn_01,nyamalile_north,tanzania,scarinae,cetoscarus_ocellatus,#error!,3,1,16,18,NA,NA,NA,NA
2022-11-14,nyn_01,nyamalile_north,tanzania,scarinae,chlorurus_strongylocephalus_s,#error!,3,1,11,13,NA,NA,NA,NA
2022-11-14,nyn_01,nyamalile_north,tanzania,scarinae,chlorurus_strongylocephalus_s,#error!,3,5,16,18,NA,NA,NA,NA
2022-11-14,nyn_01,nyamalile_north,tanzania,scarinae,scarus_ghobban,#error!,3,1,36,38,NA,NA,NA,NA
2022-11-14,nyn_01,nyamalile_north,tanzania,scarinae,scarus_ghobban,#error!,3,1,31,33,NA,NA,NA,NA
2022-11-14,nyn_01,nyamalile_north,tanzania,scarinae,scarus_niger,#error!,3,1,31,33,NA,NA,NA,NA
2022-11-14,nyn_01,nyamalile_north,tanzania,scarinae,chlorurus_sordidus_s,#error!,4,22,11,13,NA,NA,NA,NA
2022-11-14,nyn_01,nyamalile_north,tanzania,scarinae,chlorurus_sordidus_s,#error!,4,1,21,23,NA,NA,NA,NA
2022-11-15,nyn_01,nyamalile_north,tanzania,scarinae,scarus_tricolor,#error!,3,1,16,18,NA,NA,NA,NA
2022-11-14,nys_01,nyamalile_south,tanzania,scarinae,chlorurus_sordidus_s,#error!,1,1,21,23,NA,NA,NA,NA
2022-11-14,nys_01,nyamalile_south,tanzania,scarinae,chlorurus_sordidus_s,#error!,1,2,16,18,NA,NA,NA,NA
2022-11-14,nys_01,nyamalile_south,tanzania,scarinae,scarus_scaber,#error!,1,1,16,18,NA,NA,NA,NA
2022-11-14,nys_01,nyamalile_south,tanzania,scarinae,scarus_scaber,#error!,1,1,21,23,NA,NA,NA,NA
2022-11-14,nys_01,nyamalile_south,tanzania,scarinae,scarus_scaber,#error!,1,1,11,13,NA,NA,NA,NA
2022-11-14,nys_01,nyamalile_south,tanzania,scarinae,scarus_frenatus,#error!,1,1,21,23,NA,NA,NA,NA
2022-11-14,nys_01,nyamalile_south,tanzania,scarinae,chlorurus_sordidus_s,#error!,2,13,21,23,NA,NA,NA,NA
2022-11-14,nys_01,nyamalile_south,tanzania,scarinae,chlorurus_sordidus_s,#error!,2,2,16,18,NA,NA,NA,NA
2022-11-14,nys_01,nyamalile_south,tanzania,scarinae,chlorurus_sordidus_s,#error!,2,4,11,13,NA,NA,NA,NA
2022-11-14,nys_01,nyamalile_south,tanzania,scarinae,scarus_niger,#error!,2,3,16,18,NA,NA,NA,NA
2022-11-14,nys_01,nyamalile_south,tanzania,scarinae,scarus_niger,#error!,2,2,11,13,NA,NA,NA,NA
2022-11-14,nys_01,nyamalile_south,tanzania,scarinae,chlorurus_sordidus_s,#error!,3,5,11,13,NA,NA,NA,NA
2022-11-14,nys_01,nyamalile_south,tanzania,scarinae,chlorurus_sordidus_s,#error!,4,2,11,13,NA,NA,NA,NA
2022-11-14,nys_01,nyamalile_south,tanzania,scarinae,chlorurus_sordidus_s,#error!,4,2,16,18,NA,NA,NA,NA
2022-11-14,nys_01,nyamalile_south,tanzania,scarinae,chlorurus_sordidus_s,#error!,4,2,21,23,NA,NA,NA,NA
2022-11-14,nys_01,nyamalile_south,tanzania,scarinae,scarus_scaber,#error!,4,1,16,18,NA,NA,NA,NA
2022-11-14,nys_01,nyamalile_south,tanzania,scarinae,scarus_scaber,#error!,4,1,21,23,NA,NA,NA,NA
2022-11-14,nys_01,nyamalile_south,tanzania,scarinae,scarus_frenatus,#error!,4,3,16,18,NA,NA,NA,NA
2022-11-14,nys_01,nyamalile_south,tanzania,scarinae,scarus_frenatus,#error!,4,1,21,23,NA,NA,NA,NA
2018-09-27,aj_a_p_sc01,ouani,comoros,scarinae,chlorurus_sordidus_s,#error!,1,3,21,23,NA,NA,NA,NA
2018-09-27,aj_a_p_sc01,ouani,comoros,scarinae,chlorurus_sordidus_s,#error!,1,7,26,28,NA,NA,NA,NA
2018-09-27,aj_a_p_sc01,ouani,comoros,scarinae,scarus_tricolor,#error!,1,4,26,28,NA,NA,NA,NA
2018-09-28,aj_a_p_sc02,ouani,comoros,scarinae,chlorurus_sordidus_s,#error!,2,3,16,18,NA,NA,NA,NA
2018-09-28,aj_a_p_sc02,ouani,comoros,scarinae,chlorurus_sordidus_s,#error!,2,1,21,23,NA,NA,NA,NA
2018-09-28,aj_a_p_sc02,ouani,comoros,scarinae,chlorurus_sordidus_s,#error!,2,1,31,33,NA,NA,NA,NA
2018-09-28,aj_a_p_sc02,ouani,comoros,scarinae,chlorurus_sordidus_s,#error!,2,1,26,28,NA,NA,NA,NA
2018-09-28,aj_a_p_sc02,ouani,comoros,scarinae,chlorurus_atrilunula_s,#error!,2,2,26,28,NA,NA,NA,NA
2018-09-28,aj_a_p_sc02,ouani,comoros,scarinae,chlorurus_sordidus_s,#error!,3,2,31,33,NA,NA,NA,NA
2018-09-28,aj_a_p_sc02,ouani,comoros,scarinae,chlorurus_sordidus_s,#error!,3,1,26,28,NA,NA,NA,NA
2018-09-28,aj_a_p_sc02,ouani,comoros,scarinae,chlorurus_sordidus_s,#error!,3,4,21,23,NA,NA,NA,NA
2018-09-28,aj_a_p_sc02,ouani,comoros,scarinae,chlorurus_sordidus_s,#error!,3,4,16,18,NA,NA,NA,NA
2018-09-28,aj_a_p_sc02,ouani,comoros,scarinae,chlorurus_sordidus_s,#error!,3,5,11,13,NA,NA,NA,NA
2018-09-28,aj_a_p_sc02,ouani,comoros,scarinae,chlorurus_atrilunula_s,#error!,3,1,16,18,NA,NA,NA,NA
2018-09-28,aj_a_p_sc02,ouani,comoros,scarinae,chlorurus_atrilunula_s,#error!,3,2,11,13,NA,NA,NA,NA
2018-09-28,aj_a_p_sc02,ouani,comoros,scarinae,scarus_tricolor,#error!,3,2,21,23,NA,NA,NA,NA
2018-09-28,aj_a_p_sc02,ouani,comoros,scarinae,chlorurus_sordidus_s,#error!,4,3,21,23,NA,NA,NA,NA
2018-09-28,aj_a_p_sc02,ouani,comoros,scarinae,chlorurus_sordidus_s,#error!,4,3,16,18,NA,NA,NA,NA
2018-09-28,aj_a_p_sc02,ouani,comoros,scarinae,chlorurus_sordidus_s,#error!,4,2,11,13,NA,NA,NA,NA
2020-11-19,pap_01,papa_reef,kenya,scarinae,scarus_rubroviolaceus,#error!,1,2,26,28,NA,NA,NA,NA
2020-11-19,pap_01,papa_reef,kenya,scarinae,scarus_rubroviolaceus,#error!,1,3,21,23,NA,NA,NA,NA
2020-11-19,pap_01,papa_reef,kenya,scarinae,scarus_rubroviolaceus,#error!,1,1,21,23,NA,NA,NA,NA
2020-11-19,pap_01,papa_reef,kenya,scarinae,scarus_rubroviolaceus,#error!,1,1,16,18,NA,NA,NA,NA
2020-11-19,pap_01,papa_reef,kenya,scarinae,scarus_rubroviolaceus,#error!,2,3,21,23,NA,NA,NA,NA
2020-11-19,pap_01,papa_reef,kenya,scarinae,scarus_rubroviolaceus,#error!,2,5,21,23,NA,NA,NA,NA
2020-11-19,pap_02,papa_reef,kenya,scarinae,scarus_rubroviolaceus,#error!,5,7,46,48,NA,NA,NA,NA
2020-11-19,pap_02,papa_reef,kenya,scarinae,scarus_rubroviolaceus,#error!,5,2,46,48,NA,NA,NA,NA
2019-11-07,par_01,paradise,tanzania,scarinae,calotomus_carolinus,#error!,1,1,16,18,NA,NA,NA,NA
2019-11-07,par_01,paradise,tanzania,scarinae,chlorurus_sordidus_s,#error!,1,1,21,23,NA,NA,NA,NA
2019-11-07,par_01,paradise,tanzania,scarinae,scarus_niger,#error!,1,1,26,28,NA,NA,NA,NA
2019-11-07,par_01,paradise,tanzania,scarinae,scarus_psittacus,#error!,1,1,16,18,NA,NA,NA,NA
2019-11-07,par_01,paradise,tanzania,scarinae,chlorurus_sordidus_s,#error!,2,1,11,13,NA,NA,NA,NA
2019-11-07,par_01,paradise,tanzania,scarinae,scarus_russelli,#error!,2,1,16,18,NA,NA,NA,NA
2019-11-07,par_01,paradise,tanzania,scarinae,scarus_tricolor,#error!,2,1,16,18,NA,NA,NA,NA
2019-11-07,par_01,paradise,tanzania,scarinae,chlorurus_sordidus_s,#error!,3,14,11,13,NA,NA,NA,NA
2019-11-07,par_01,paradise,tanzania,scarinae,chlorurus_sordidus_s,#error!,3,1,21,23,NA,NA,NA,NA
2019-11-07,par_01,paradise,tanzania,scarinae,calotomus_carolinus,#error!,4,1,21,23,NA,NA,NA,NA
2019-11-07,par_01,paradise,tanzania,scarinae,chlorurus_sordidus_s,#error!,4,13,11,13,NA,NA,NA,NA
2019-11-07,par_01,paradise,tanzania,scarinae,chlorurus_sordidus_s,#error!,4,1,21,23,NA,NA,NA,NA
2019-11-07,par_01,paradise,tanzania,scarinae,chlorurus_sordidus_s,#error!,4,1,16,18,NA,NA,NA,NA
2019-11-07,par_01,paradise,tanzania,scarinae,scarus_russelli,#error!,4,1,21,23,NA,NA,NA,NA
2019-11-07,par_01,paradise,tanzania,scarinae,scarus_russelli,#error!,4,1,16,18,NA,NA,NA,NA
2019-11-07,par_01,paradise,tanzania,scarinae,scarus_psittacus,#error!,4,3,11,13,NA,NA,NA,NA
2019-11-07,par_01,paradise,tanzania,scarinae,scarus_psittacus,#error!,4,1,16,18,NA,NA,NA,NA
2019-11-07,par_01,paradise,tanzania,scarinae,calotomus_carolinus,#error!,5,1,21,23,NA,NA,NA,NA
2019-11-07,par_01,paradise,tanzania,scarinae,chlorurus_sordidus_s,#error!,5,3,11,13,NA,NA,NA,NA
2019-11-07,par_01,paradise,tanzania,scarinae,scarus_psittacus,#error!,5,1,11,13,NA,NA,NA,NA
2023-02-17,pet_02,pethali,kenya,scarinae,scarus_ghobban,#error!,4,3,26,28,NA,NA,NA,NA
2023-02-17,pet_02,pethali,kenya,scarinae,leptoscarus_vaigiensis,#error!,5,6,21,23,NA,NA,NA,NA
2018-10-15,mw_a_p_sc19,point_ouani,comoros,scarinae,scarus_rubroviolaceus,#error!,1,1,46,48,NA,NA,NA,NA
2018-10-15,mw_a_p_sc19,point_ouani,comoros,scarinae,calotomus_carolinus,#error!,2,1,26,28,NA,NA,NA,NA
2018-10-15,mw_a_p_sc19,point_ouani,comoros,scarinae,scarus_rubroviolaceus,#error!,2,1,46,48,NA,NA,NA,NA
2018-10-15,mw_a_p_sc19,point_ouani,comoros,scarinae,scarus_rubroviolaceus,#error!,2,1,51,53,NA,NA,NA,NA
2018-10-15,mw_a_p_sc19,point_ouani,comoros,scarinae,scarus_tricolor,#error!,2,1,31,33,NA,NA,NA,NA
2018-10-15,mw_a_p_sc19,point_ouani,comoros,scarinae,cetoscarus_ocellatus,#error!,3,1,51,53,NA,NA,NA,NA
2018-10-16,mw_a_p_sc20,point_ouani,comoros,scarinae,calotomus_carolinus,#error!,4,2,26,28,NA,NA,NA,NA
2018-10-16,mw_a_p_sc20,point_ouani,comoros,scarinae,calotomus_carolinus,#error!,4,1,16,18,NA,NA,NA,NA
2018-10-16,mw_a_p_sc20,point_ouani,comoros,scarinae,cetoscarus_ocellatus,#error!,4,3,36,38,NA,NA,NA,NA
2018-10-16,mw_a_p_sc20,point_ouani,comoros,scarinae,cetoscarus_ocellatus,#error!,4,1,41,43,NA,NA,NA,NA
2018-10-16,mw_a_p_sc20,point_ouani,comoros,scarinae,cetoscarus_ocellatus,#error!,4,1,51,53,NA,NA,NA,NA
2018-10-16,mw_a_p_sc20,point_ouani,comoros,scarinae,scarus_rubroviolaceus,#error!,4,1,46,48,NA,NA,NA,NA
2018-10-16,mw_a_p_sc20,point_ouani,comoros,scarinae,chlorurus_strongylocephalus_s,#error!,5,1,26,28,NA,NA,NA,NA
2018-10-16,mw_a_p_sc20,point_ouani,comoros,scarinae,cetoscarus_ocellatus,#error!,5,1,46,48,NA,NA,NA,NA
2018-10-16,mw_a_p_sc20,point_ouani,comoros,scarinae,cetoscarus_ocellatus,#error!,5,1,41,43,NA,NA,NA,NA
2018-10-16,mw_a_p_sc20,point_ouani,comoros,scarinae,cetoscarus_ocellatus,#error!,5,4,36,38,NA,NA,NA,NA
2018-10-16,mw_a_p_sc20,point_ouani,comoros,scarinae,scarus_scaber,#error!,5,1,21,23,NA,NA,NA,NA
2023-02-10,pop_01,popo,kenya,scarinae,calotomus_carolinus,#error!,1,2,6,8,NA,NA,NA,NA
2023-02-10,pop_01,popo,kenya,scarinae,scarus_spp.,#error!,1,4,11,13,NA,NA,NA,NA
2023-02-10,pop_01,popo,kenya,scarinae,chlorurus_strongylocephalus_s,#error!,2,2,21,23,NA,NA,NA,NA
2023-02-10,pop_01,popo,kenya,scarinae,chlorurus_strongylocephalus_s,#error!,2,3,26,28,NA,NA,NA,NA
2023-02-10,pop_01,popo,kenya,scarinae,chlorurus_sordidus_s,#error!,2,8,6,8,NA,NA,NA,NA
2023-02-10,pop_01,popo,kenya,scarinae,leptoscarus_vaigiensis,#error!,2,95,21,23,NA,NA,NA,NA
2023-02-10,pop_01,popo,kenya,scarinae,leptoscarus_vaigiensis,#error!,2,40,26,28,NA,NA,NA,NA
2023-02-10,pop_01,popo,kenya,scarinae,scarus_ghobban,#error!,2,6,26,28,NA,NA,NA,NA
2023-02-10,pop_01,popo,kenya,scarinae,scarus_ghobban,#error!,2,4,21,23,NA,NA,NA,NA
2023-03-23,riw_01,ras_iwatine,kenya,scarinae,leptoscarus_vaigiensis,#error!,1,13,6,8,NA,NA,NA,NA
2023-03-23,riw_01,ras_iwatine,kenya,scarinae,leptoscarus_vaigiensis,#error!,1,3,11,13,NA,NA,NA,NA
2023-03-23,riw_01,ras_iwatine,kenya,scarinae,leptoscarus_vaigiensis,#error!,2,33,6,8,NA,NA,NA,NA
2023-03-23,riw_01,ras_iwatine,kenya,scarinae,leptoscarus_vaigiensis,#error!,2,1,11,13,NA,NA,NA,NA
2023-03-23,riw_01,ras_iwatine,kenya,scarinae,scarus_spp.,#error!,2,27,6,8,NA,NA,NA,NA
2023-03-23,riw_01,ras_iwatine,kenya,scarinae,leptoscarus_vaigiensis,#error!,3,20,6,8,NA,NA,NA,NA
2023-03-23,riw_01,ras_iwatine,kenya,scarinae,scarus_spp.,#error!,3,20,6,8,NA,NA,NA,NA
2023-02-10,sag_01,sagafu,kenya,scarinae,scarus_ghobban,#error!,4,3,16,18,NA,NA,NA,NA
2023-02-10,sag_01,sagafu,kenya,scarinae,scarus_ghobban,#error!,4,5,11,13,NA,NA,NA,NA
2023-02-10,sag_01,sagafu,kenya,scarinae,scarus_ghobban,#error!,4,2,21,23,NA,NA,NA,NA
2023-02-10,sag_01,sagafu,kenya,scarinae,scarus_ghobban,#error!,5,1,11,13,NA,NA,NA,NA
2018-10-10,mw_e_p_sc11,sambia,comoros,scarinae,scarus_prasiognathus,#error!,1,1,21,23,NA,NA,NA,NA
2018-10-10,mw_e_p_sc11,sambia,comoros,scarinae,scarus_niger,#error!,1,1,26,28,NA,NA,NA,NA
2018-10-10,mw_e_p_sc11,sambia,comoros,scarinae,scarus_niger,#error!,1,1,16,18,NA,NA,NA,NA
2018-10-10,mw_e_p_sc11,sambia,comoros,scarinae,scarus_niger,#error!,1,1,21,23,NA,NA,NA,NA
2018-10-10,mw_e_p_sc11,sambia,comoros,scarinae,scarus_russelli,#error!,1,3,21,23,NA,NA,NA,NA
2018-10-10,mw_e_p_sc11,sambia,comoros,scarinae,scarus_russelli,#error!,1,1,46,48,NA,NA,NA,NA
2018-10-10,mw_e_p_sc11,sambia,comoros,scarinae,scarus_russelli,#error!,1,1,26,28,NA,NA,NA,NA
2018-10-10,mw_e_p_sc11,sambia,comoros,scarinae,cetoscarus_ocellatus,#error!,2,1,16,18,NA,NA,NA,NA
2018-10-10,mw_e_p_sc11,sambia,comoros,scarinae,chlorurus_sordidus_s,#error!,2,4,16,18,NA,NA,NA,NA
2018-10-10,mw_e_p_sc11,sambia,comoros,scarinae,chlorurus_sordidus_s,#error!,2,1,31,33,NA,NA,NA,NA
2018-10-10,mw_e_p_sc11,sambia,comoros,scarinae,scarus_prasiognathus,#error!,2,3,16,18,NA,NA,NA,NA
2018-10-10,mw_e_p_sc11,sambia,comoros,scarinae,scarus_niger,#error!,2,1,16,18,NA,NA,NA,NA
2018-10-10,mw_e_p_sc11,sambia,comoros,scarinae,scarus_russelli,#error!,2,3,16,18,NA,NA,NA,NA
2018-10-10,mw_e_p_sc11,sambia,comoros,scarinae,scarus_russelli,#error!,2,2,21,23,NA,NA,NA,NA
2018-10-10,mw_e_p_sc11,sambia,comoros,scarinae,calotomus_carolinus,#error!,3,1,21,23,NA,NA,NA,NA
2018-10-10,mw_e_p_sc11,sambia,comoros,scarinae,chlorurus_sordidus_s,#error!,3,1,21,23,NA,NA,NA,NA
2018-10-10,mw_e_p_sc11,sambia,comoros,scarinae,chlorurus_sordidus_s,#error!,3,2,16,18,NA,NA,NA,NA
2018-10-10,mw_e_p_sc11,sambia,comoros,scarinae,chlorurus_sordidus_s,#error!,3,2,11,13,NA,NA,NA,NA
2018-10-10,mw_e_p_sc11,sambia,comoros,scarinae,scarus_prasiognathus,#error!,3,1,16,18,NA,NA,NA,NA
2018-10-11,mw_e_p_sc12,sambia,comoros,scarinae,calotomus_carolinus,#error!,4,1,21,23,NA,NA,NA,NA
2018-10-11,mw_e_p_sc12,sambia,comoros,scarinae,chlorurus_strongylocephalus_s,#error!,4,1,16,18,NA,NA,NA,NA
2018-10-11,mw_e_p_sc12,sambia,comoros,scarinae,scarus_tricolor,#error!,4,1,31,33,NA,NA,NA,NA
2018-10-11,mw_e_p_sc12,sambia,comoros,scarinae,scarus_tricolor,#error!,4,3,21,23,NA,NA,NA,NA
2018-10-11,mw_e_p_sc12,sambia,comoros,scarinae,scarus_scaber,#error!,4,1,36,38,NA,NA,NA,NA
2018-10-11,mw_e_p_sc12,sambia,comoros,scarinae,calotomus_carolinus,#error!,5,2,11,13,NA,NA,NA,NA
2018-10-11,mw_e_p_sc12,sambia,comoros,scarinae,chlorurus_strongylocephalus_s,#error!,5,2,21,23,NA,NA,NA,NA
2018-10-11,mw_e_p_sc12,sambia,comoros,scarinae,scarus_tricolor,#error!,5,1,26,28,NA,NA,NA,NA
2018-10-11,mw_e_p_sc12,sambia,comoros,scarinae,scarus_psittacus,#error!,6,2,26,28,NA,NA,NA,NA
2018-10-11,mw_e_p_sc12,sambia,comoros,scarinae,chlorurus_sordidus_s,#error!,6,2,26,28,NA,NA,NA,NA
2018-10-11,mw_e_p_sc12,sambia,comoros,scarinae,chlorurus_sordidus_s,#error!,6,1,31,33,NA,NA,NA,NA
2018-10-11,mw_e_p_sc12,sambia,comoros,scarinae,scarus_frenatus,#error!,6,1,26,28,NA,NA,NA,NA
2018-10-11,mw_e_p_sc12,sambia,comoros,scarinae,scarus_tricolor,#error!,6,1,36,38,NA,NA,NA,NA
2018-10-11,mw_e_p_sc12,sambia,comoros,scarinae,scarus_niger,#error!,6,1,36,38,NA,NA,NA,NA
2019-11-05,scs_01,scorpions_secret,tanzania,scarinae,scarus_psittacus,#error!,1,1,16,18,NA,NA,NA,NA
2019-11-05,scs_02,scorpions_secret,tanzania,scarinae,chlorurus_sordidus_s,#error!,4,1,26,28,NA,NA,NA,NA
2019-11-05,scs_02,scorpions_secret,tanzania,scarinae,scarus_tricolor,#error!,4,1,26,28,NA,NA,NA,NA
2019-11-08,shi_01,shimba,tanzania,scarinae,scarus_ghobban,#error!,1,1,16,18,NA,NA,NA,NA
2019-11-08,shi_01,shimba,tanzania,scarinae,chlorurus_strongylocephalus_s,#error!,2,1,26,28,NA,NA,NA,NA
2019-11-08,shi_01,shimba,tanzania,scarinae,chlorurus_strongylocephalus_s,#error!,2,1,16,18,NA,NA,NA,NA
2019-11-08,shi_01,shimba,tanzania,scarinae,scarus_scaber,#error!,3,1,21,23,NA,NA,NA,NA
2019-11-08,shi_02,shimba,tanzania,scarinae,chlorurus_strongylocephalus_s,#error!,4,1,16,18,NA,NA,NA,NA
2019-11-08,shi_02,shimba,tanzania,scarinae,scarus_caudofasciatus,#error!,4,1,31,33,NA,NA,NA,NA
2019-11-08,shi_02,shimba,tanzania,scarinae,chlorurus_sordidus_s,#error!,5,1,16,18,NA,NA,NA,NA
2019-11-08,shi_02,shimba,tanzania,scarinae,scarus_tricolor,#error!,5,1,21,23,NA,NA,NA,NA
2023-03-24,str_01,starfish,kenya,scarinae,chlorurus_sordidus,#error!,1,3,16,18,NA,NA,NA,NA
2023-03-24,str_01,starfish,kenya,scarinae,leptoscarus_vaigiensis,#error!,1,2,21,23,NA,NA,NA,NA
2023-03-24,str_01,starfish,kenya,scarinae,scarus_spp.,#error!,1,2,6,8,NA,NA,NA,NA
2023-03-24,str_01,starfish,kenya,scarinae,chlorurus_sordidus,#error!,2,2,16,18,NA,NA,NA,NA
2023-03-24,str_01,starfish,kenya,scarinae,scarus_spp.,#error!,2,2,16,18,NA,NA,NA,NA
2023-03-24,str_01,starfish,kenya,scarinae,chlorurus_sordidus,#error!,3,2,16,18,NA,NA,NA,NA
2023-03-24,str_01,starfish,kenya,scarinae,chlorurus_sordidus,#error!,3,1,11,13,NA,NA,NA,NA
2023-03-24,str_01,starfish,kenya,scarinae,leptoscarus_vaigiensis,#error!,3,1,16,18,NA,NA,NA,NA
2023-03-24,str_01,starfish,kenya,scarinae,scarus_spp.,#error!,3,21,6,8,NA,NA,NA,NA
2023-03-24,str_01,starfish,kenya,scarinae,scarus_spp.,#error!,3,1,16,18,NA,NA,NA,NA
2023-03-24,str_01,starfish,kenya,scarinae,calotomus_carolinus,#error!,3,2,6,8,NA,NA,NA,NA
2022-11-04,tkg_01,takaungu,kenya,scarinae,scarus_spp.,#error!,1,4,16,18,NA,NA,NA,NA
2022-11-04,tkg_01,takaungu,kenya,scarinae,scarus_spp.,#error!,2,2,16,18,NA,NA,NA,NA
2022-11-04,tkg_01,takaungu,kenya,scarinae,scarus_spp.,#error!,2,1,21,23,NA,NA,NA,NA
2022-11-04,tkg_01,takaungu,kenya,scarinae,scarus_spp.,#error!,3,1,16,18,NA,NA,NA,NA
2020-11-20,tur_01,turtle_reef,kenya,scarinae,calotomus_carolinus,#error!,1,1,16,18,NA,NA,NA,NA
2020-11-20,tur_01,turtle_reef,kenya,scarinae,chlorurus_sordidus_s,#error!,1,1,16,18,NA,NA,NA,NA
2020-11-20,tur_01,turtle_reef,kenya,scarinae,chlorurus_sordidus_s,#error!,1,1,11,13,NA,NA,NA,NA
2020-11-20,tur_01,turtle_reef,kenya,scarinae,scarus_psittacus,#error!,1,2,11,13,NA,NA,NA,NA
2020-11-20,tur_01,turtle_reef,kenya,scarinae,chlorurus_sordidus_s,#error!,2,1,16,18,NA,NA,NA,NA
2020-11-20,tur_02,turtle_reef,kenya,scarinae,calotomus_carolinus,#error!,3,1,11,13,NA,NA,NA,NA
2020-11-20,tur_02,turtle_reef,kenya,scarinae,calotomus_carolinus,#error!,3,2,16,18,NA,NA,NA,NA
2020-11-20,tur_02,turtle_reef,kenya,scarinae,calotomus_carolinus,#error!,3,1,26,28,NA,NA,NA,NA
2020-11-20,tur_02,turtle_reef,kenya,scarinae,chlorurus_sordidus_s,#error!,3,1,21,23,NA,NA,NA,NA
2020-11-20,tur_02,turtle_reef,kenya,scarinae,scarus_psittacus,#error!,3,1,21,23,NA,NA,NA,NA
2020-11-20,tur_02,turtle_reef,kenya,scarinae,calotomus_carolinus,#error!,4,5,21,23,NA,NA,NA,NA
2020-11-20,tur_02,turtle_reef,kenya,scarinae,chlorurus_sordidus_s,#error!,4,3,11,13,NA,NA,NA,NA
2020-11-20,tur_02,turtle_reef,kenya,scarinae,chlorurus_sordidus_s,#error!,4,1,21,23,NA,NA,NA,NA
2020-11-20,tur_02,turtle_reef,kenya,scarinae,chlorurus_sordidus_s,#error!,4,4,16,18,NA,NA,NA,NA
2020-11-20,tur_02,turtle_reef,kenya,scarinae,chlorurus_sordidus_s,#error!,4,1,16,18,NA,NA,NA,NA
2020-11-20,tur_02,turtle_reef,kenya,scarinae,scarus_ghobban,#error!,4,1,21,23,NA,NA,NA,NA
2020-11-20,tur_02,turtle_reef,kenya,scarinae,scarus_rubroviolaceus,#error!,4,1,16,18,NA,NA,NA,NA
2020-11-20,tur_02,turtle_reef,kenya,scarinae,calotomus_carolinus,#error!,5,1,16,18,NA,NA,NA,NA
2020-11-20,tur_02,turtle_reef,kenya,scarinae,chlorurus_sordidus_s,#error!,5,4,16,18,NA,NA,NA,NA
2020-11-20,tur_02,turtle_reef,kenya,scarinae,chlorurus_sordidus_s,#error!,5,1,21,23,NA,NA,NA,NA
2020-11-20,tur_02,turtle_reef,kenya,scarinae,chlorurus_sordidus_s,#error!,5,1,11,13,NA,NA,NA,NA
2021-04-15,ump_01,upper_mpunguti,kenya,scarinae,hipposcarus_harid,#error!,1,1,36,38,NA,NA,NA,NA
2021-04-15,ump_01,upper_mpunguti,kenya,scarinae,chlorurus_sordidus_b,#error!,1,13,21,23,NA,NA,NA,NA
2021-04-15,ump_01,upper_mpunguti,kenya,scarinae,scarus_niger,#error!,1,4,11,13,NA,NA,NA,NA
2021-04-15,ump_01,upper_mpunguti,kenya,scarinae,hipposcarus_harid,#error!,2,2,31,33,NA,NA,NA,NA
2021-04-15,ump_01,upper_mpunguti,kenya,scarinae,chlorurus_sordidus_b,#error!,2,1,11,13,NA,NA,NA,NA
2021-04-15,ump_01,upper_mpunguti,kenya,scarinae,scarus_ghobban,#error!,2,1,31,33,NA,NA,NA,NA
2021-04-15,ump_01,upper_mpunguti,kenya,scarinae,scarus_ghobban,#error!,2,2,26,28,NA,NA,NA,NA
2021-04-15,ump_01,upper_mpunguti,kenya,scarinae,chlorurus_sordidus_b,#error!,3,4,16,18,NA,NA,NA,NA
2021-04-15,ump_01,upper_mpunguti,kenya,scarinae,chlorurus_capistratoides_s,#error!,3,2,21,23,NA,NA,NA,NA
2021-04-15,ump_01,upper_mpunguti,kenya,scarinae,scarus_ghobban,#error!,3,4,16,18,NA,NA,NA,NA
2021-04-15,ump_02,upper_mpunguti,kenya,scarinae,chlorurus_sordidus_s,#error!,4,7,11,13,NA,NA,NA,NA
2021-04-15,ump_02,upper_mpunguti,kenya,scarinae,chlorurus_sordidus_b,#error!,5,2,16,18,NA,NA,NA,NA
2021-04-15,ump_02,upper_mpunguti,kenya,scarinae,chlorurus_sordidus_b,#error!,5,4,11,13,NA,NA,NA,NA
2021-04-15,ump_02,upper_mpunguti,kenya,scarinae,calotomus_carolinus,#error!,5,4,21,23,NA,NA,NA,NA
2022-11-13,mil_01,utumbi,tanzania,scarinae,chlorurus_sordidus_s,#error!,3,1,21,23,NA,NA,NA,NA
2022-11-13,mil_01,utumbi,tanzania,scarinae,chlorurus_sordidus_s,#error!,3,1,11,13,NA,NA,NA,NA
2022-11-13,mil_01,utumbi,tanzania,scarinae,scarus_niger,#error!,3,1,31,33,NA,NA,NA,NA
2022-11-13,mil_01,utumbi,tanzania,scarinae,scarus_ghobban,#error!,4,1,31,33,NA,NA,NA,NA
2022-11-13,mil_01,utumbi,tanzania,scarinae,chlorurus_sordidus_s,#error!,4,4,21,23,NA,NA,NA,NA
2022-11-13,mil_01,utumbi,tanzania,scarinae,chlorurus_sordidus_s,#error!,4,3,26,28,NA,NA,NA,NA
2022-11-13,mil_01,utumbi,tanzania,scarinae,scarus_niger,#error!,4,1,16,18,NA,NA,NA,NA
2022-11-13,mil_01,utumbi,tanzania,scarinae,scarus_psittacus,#error!,4,1,21,23,NA,NA,NA,NA
2022-11-13,mil_01,utumbi,tanzania,scarinae,scarus_scaber,#error!,4,1,11,13,NA,NA,NA,NA
2022-11-13,mil_01,utumbi,tanzania,scarinae,scarus_russelli,#error!,4,1,31,33,NA,NA,NA,NA
2022-11-13,utm_01,utumbi,tanzania,scarinae,chlorurus_sordidus_s,#error!,1,1,21,23,NA,NA,NA,NA
2022-11-13,utm_01,utumbi,tanzania,scarinae,scarus_tricolor,#error!,1,1,16,18,NA,NA,NA,NA
2022-11-13,utm_01,utumbi,tanzania,scarinae,scarus_psittacus,#error!,1,1,21,23,NA,NA,NA,NA
2022-11-13,utm_01,utumbi,tanzania,scarinae,scarus_ghobban,#error!,1,1,21,23,NA,NA,NA,NA
2022-11-13,utm_01,utumbi,tanzania,scarinae,scarus_niger,#error!,1,1,36,38,NA,NA,NA,NA
2022-11-13,utm_01,utumbi,tanzania,scarinae,chlorurus_strongylocephalus_b,#error!,2,1,41,43,NA,NA,NA,NA
2022-11-13,utm_01,utumbi,tanzania,scarinae,chlorurus_sordidus_s,#error!,2,1,16,18,NA,NA,NA,NA
2022-11-13,utm_01,utumbi,tanzania,scarinae,chlorurus_sordidus_s,#error!,2,1,21,23,NA,NA,NA,NA
2022-11-13,utm_01,utumbi,tanzania,scarinae,scarus_ghobban,#error!,2,2,31,33,NA,NA,NA,NA
2021-03-17,uyo_01,uyombo,kenya,scarinae,calotomus_carolinus,#error!,1,1,21,23,NA,NA,NA,NA
2021-03-17,uyo_01,uyombo,kenya,scarinae,calotomus_carolinus,#error!,2,1,21,23,NA,NA,NA,NA
2021-03-17,uyo_01,uyombo,kenya,scarinae,calotomus_carolinus,#error!,2,1,31,33,NA,NA,NA,NA
2021-03-17,uyo_01,uyombo,kenya,scarinae,scarus_rubroviolaceus,#error!,2,1,26,28,NA,NA,NA,NA
2021-03-17,uyo_01,uyombo,kenya,scarinae,scarus_rubroviolaceus,#error!,2,1,31,33,NA,NA,NA,NA
2021-03-17,uyo_01,uyombo,kenya,scarinae,scarus_rubroviolaceus,#error!,2,1,16,18,NA,NA,NA,NA
2021-03-17,uyo_01,uyombo,kenya,scarinae,calotomus_carolinus,#error!,3,1,21,23,NA,NA,NA,NA
2021-03-17,uyo_01,uyombo,kenya,scarinae,scarus_niger,#error!,3,1,26,28,NA,NA,NA,NA
2021-03-17,uyo_01,uyombo,kenya,scarinae,scarus_tricolor,#error!,3,1,21,23,NA,NA,NA,NA
2021-03-17,uyo_01,uyombo,kenya,scarinae,scarus_tricolor,#error!,3,1,26,28,NA,NA,NA,NA
2021-03-17,uyo_01,uyombo,kenya,scarinae,scarus_tricolor,#error!,3,1,31,33,NA,NA,NA,NA
2021-03-17,uyo_01,uyombo,kenya,scarinae,scarus_rubroviolaceus,#error!,3,1,16,18,NA,NA,NA,NA
2021-03-17,uyo_01,uyombo,kenya,scarinae,scarus_rubroviolaceus,#error!,3,1,21,23,NA,NA,NA,NA
2021-03-17,uyo_01,uyombo,kenya,scarinae,chlorurus_sordidus_s,#error!,3,3,21,23,NA,NA,NA,NA
2021-03-17,uyo_01,uyombo,kenya,scarinae,chlorurus_sordidus_s,#error!,3,1,16,18,NA,NA,NA,NA
2021-03-17,uyo_01,uyombo,kenya,scarinae,chlorurus_atrilunula_b,#error!,3,1,26,28,NA,NA,NA,NA
2021-03-17,uyo_01,uyombo,kenya,scarinae,scarus_russelli,#error!,3,1,26,28,NA,NA,NA,NA
2021-03-17,uyo_02,uyombo,kenya,scarinae,scarus_rubroviolaceus,#error!,4,1,56,58,NA,NA,NA,NA
2021-03-17,uyo_02,uyombo,kenya,scarinae,scarus_rubroviolaceus,#error!,4,2,41,43,NA,NA,NA,NA
2021-03-17,uyo_02,uyombo,kenya,scarinae,scarus_rubroviolaceus,#error!,4,1,11,13,NA,NA,NA,NA
2021-03-17,uyo_02,uyombo,kenya,scarinae,scarus_ghobban,#error!,4,1,41,43,NA,NA,NA,NA
2021-03-17,uyo_02,uyombo,kenya,scarinae,scarus_ghobban,#error!,4,1,46,48,NA,NA,NA,NA
2021-03-17,uyo_02,uyombo,kenya,scarinae,scarus_ghobban,#error!,4,1,56,58,NA,NA,NA,NA
2021-03-17,uyo_02,uyombo,kenya,scarinae,scarus_ghobban,#error!,4,1,36,38,NA,NA,NA,NA
2021-03-17,uyo_02,uyombo,kenya,scarinae,chlorurus_capistratoides_b,#error!,4,1,31,33,NA,NA,NA,NA
2021-03-17,uyo_02,uyombo,kenya,scarinae,calotomus_carolinus,#error!,5,1,26,28,NA,NA,NA,NA
2021-02-15,vmn_01,vuma_north,kenya,scarinae,scarus_rubroviolaceus,#error!,2,1,26,28,NA,NA,NA,NA
2021-02-15,vmn_01,vuma_north,kenya,scarinae,chlorurus_sordidus_b,#error!,2,1,26,28,NA,NA,NA,NA
2021-02-15,vmn_01,vuma_north,kenya,scarinae,scarus_rubroviolaceus,#error!,3,1,21,23,NA,NA,NA,NA
2021-02-15,vmn_01,vuma_north,kenya,scarinae,scarus_rubroviolaceus,#error!,3,1,51,53,NA,NA,NA,NA
2021-02-15,vmn_02,vuma_north,kenya,scarinae,scarus_rubroviolaceus,#error!,4,1,56,58,NA,NA,NA,NA
2021-02-15,vmn_02,vuma_north,kenya,scarinae,scarus_rubroviolaceus,#error!,5,1,51,53,NA,NA,NA,NA
2021-02-16,vms_01,vuma_south,kenya,scarinae,calotomus_carolinus,#error!,3,1,11,13,NA,NA,NA,NA
2021-02-16,vms_01,vuma_south,kenya,scarinae,chlorurus_sordidus_b,#error!,3,1,21,23,NA,NA,NA,NA
2021-02-16,vms_02,vuma_south,kenya,scarinae,scarus_rubroviolaceus,#error!,4,1,26,28,NA,NA,NA,NA
2020-12-23,was_01,wasini_tengefu,kenya,scarinae,chlorurus_sordidus_s,#error!,1,1,16,18,NA,NA,NA,NA
2020-12-23,was_01,wasini_tengefu,kenya,scarinae,scarus_ghobban,#error!,1,1,11,13,NA,NA,NA,NA
2020-12-23,was_01,wasini_tengefu,kenya,scarinae,scarus_ghobban,#error!,1,9,16,18,NA,NA,NA,NA
2020-12-23,was_01,wasini_tengefu,kenya,scarinae,scarus_ghobban,#error!,2,1,11,13,NA,NA,NA,NA
2020-12-23,was_01,wasini_tengefu,kenya,scarinae,scarus_ghobban,#error!,3,1,16,18,NA,NA,NA,NA
2020-12-23,was_02,wasini_tengefu,kenya,scarinae,scarus_ghobban,#error!,4,1,16,18,NA,NA,NA,NA
2020-12-23,was_02,wasini_tengefu,kenya,scarinae,scarus_ghobban,#error!,4,1,11,13,NA,NA,NA,NA
2020-12-23,was_02,wasini_tengefu,kenya,scarinae,scarus_ghobban,#error!,5,2,21,23,NA,NA,NA,NA
2020-12-23,was_02,wasini_tengefu,kenya,scarinae,scarus_ghobban,#error!,5,2,16,18,NA,NA,NA,NA
2021-04-01,wcg_01,watamu_coral_garden,kenya,scarinae,calotomus_carolinus,#error!,1,2,26,28,NA,NA,NA,NA
2021-04-01,wcg_01,watamu_coral_garden,kenya,scarinae,calotomus_carolinus,#error!,1,1,31,33,NA,NA,NA,NA
2021-04-01,wcg_01,watamu_coral_garden,kenya,scarinae,scarus_tricolor,#error!,1,2,26,28,NA,NA,NA,NA
2021-04-01,wcg_01,watamu_coral_garden,kenya,scarinae,hipposcarus_harid,#error!,1,2,46,48,NA,NA,NA,NA
2021-04-01,wcg_01,watamu_coral_garden,kenya,scarinae,hipposcarus_harid,#error!,1,6,21,23,NA,NA,NA,NA
2021-04-01,wcg_01,watamu_coral_garden,kenya,scarinae,chlorurus_atrilunula_b,#error!,1,2,26,28,NA,NA,NA,NA
2021-04-01,wcg_01,watamu_coral_garden,kenya,scarinae,chlorurus_sordidus_s,#error!,1,1,31,33,NA,NA,NA,NA
2021-04-01,wcg_01,watamu_coral_garden,kenya,scarinae,scarus_tricolor,#error!,2,1,31,33,NA,NA,NA,NA
2021-04-01,wcg_01,watamu_coral_garden,kenya,scarinae,scarus_tricolor,#error!,2,2,16,18,NA,NA,NA,NA
2021-04-01,wcg_01,watamu_coral_garden,kenya,scarinae,chlorurus_sordidus_b,#error!,2,3,16,18,NA,NA,NA,NA
2021-04-01,wcg_01,watamu_coral_garden,kenya,scarinae,chlorurus_sordidus_b,#error!,2,1,21,23,NA,NA,NA,NA
2021-04-01,wcg_01,watamu_coral_garden,kenya,scarinae,chlorurus_capistratoides_s,#error!,2,1,21,23,NA,NA,NA,NA
2021-04-01,wcg_01,watamu_coral_garden,kenya,scarinae,calotomus_carolinus,#error!,3,7,31,33,NA,NA,NA,NA
2021-04-01,wcg_01,watamu_coral_garden,kenya,scarinae,calotomus_carolinus,#error!,3,1,26,28,NA,NA,NA,NA
2021-04-01,wcg_01,watamu_coral_garden,kenya,scarinae,chlorurus_sordidus_b,#error!,3,1,16,18,NA,NA,NA,NA
2021-04-01,wcg_01,watamu_coral_garden,kenya,scarinae,scarus_niger,#error!,3,1,21,23,NA,NA,NA,NA
2021-04-01,wcg_01,watamu_coral_garden,kenya,scarinae,scarus_frenatus,#error!,3,1,21,23,NA,NA,NA,NA
2022-11-03,wmb_01,wembe,kenya,scarinae,scarus_rubroviolaceus,#error!,1,1,16,18,NA,NA,NA,NA
2022-11-03,wmb_01,wembe,kenya,scarinae,chlorurus_sordidus_s,#error!,2,2,16,18,NA,NA,NA,NA
2022-11-03,wmb_01,wembe,kenya,scarinae,scarus_rubroviolaceus,#error!,2,1,21,23,NA,NA,NA,NA
2022-11-03,wmb_02,wembe,kenya,scarinae,chlorurus_sordidus_s,#error!,4,1,16,18,NA,NA,NA,NA
2022-11-03,wmb_02,wembe,kenya,scarinae,chlorurus_sordidus,#error!,5,1,16,18,NA,NA,NA,NA
2022-11-03,wmb_02,wembe,kenya,scarinae,scarus_spp.,#error!,5,4,16,18,NA,NA,NA,NA
2022-11-03,wmb_02,wembe,kenya,scarinae,scarus_spp.,#error!,5,3,21,23,NA,NA,NA,NA
2022-11-03,wmb_02,wembe,kenya,scarinae,scarus_spp.,#error!,5,1,31,33,NA,NA,NA,NA
2022-11-19,yuy_01,yuyuni,tanzania,scarinae,cetoscarus_ocellatus,#error!,1,1,51,53,NA,NA,NA,NA
2022-11-19,yuy_01,yuyuni,tanzania,scarinae,chlorurus_sordidus_s,#error!,1,7,11,13,NA,NA,NA,NA
2022-11-19,yuy_01,yuyuni,tanzania,scarinae,scarus_ghobban,#error!,1,2,16,18,NA,NA,NA,NA
2022-11-19,yuy_01,yuyuni,tanzania,scarinae,scarus_tricolor,#error!,1,1,31,33,NA,NA,NA,NA
2022-11-19,yuy_01,yuyuni,tanzania,scarinae,scarus_tricolor,#error!,1,1,16,18,NA,NA,NA,NA
2022-11-19,yuy_01,yuyuni,tanzania,scarinae,scarus_tricolor,#error!,1,1,26,28,NA,NA,NA,NA
2022-11-19,yuy_01,yuyuni,tanzania,scarinae,cetoscarus_ocellatus,#error!,3,1,41,43,NA,NA,NA,NA
2022-11-19,yuy_01,yuyuni,tanzania,scarinae,cetoscarus_ocellatus,#error!,3,1,46,48,NA,NA,NA,NA
2022-11-19,yuy_01,yuyuni,tanzania,scarinae,scarus_ghobban,#error!,3,1,16,18,NA,NA,NA,NA
2022-11-19,yuy_01,yuyuni,tanzania,scarinae,scarus_ghobban,#error!,3,1,21,23,NA,NA,NA,NA
2022-11-19,yuy_02,yuyuni,tanzania,scarinae,chlorurus_strongylocephalus_s,#error!,4,1,26,28,NA,NA,NA,NA
2022-11-19,yuy_02,yuyuni,tanzania,scarinae,chlorurus_sordidus_s,#error!,4,1,11,13,NA,NA,NA,NA
2022-11-19,yuy_02,yuyuni,tanzania,scarinae,scarus_tricolor,#error!,4,1,21,23,NA,NA,NA,NA
2022-11-19,yuy_02,yuyuni,tanzania,scarinae,scarus_ghobban,#error!,4,2,11,13,NA,NA,NA,NA
2022-11-19,yuy_02,yuyuni,tanzania,scarinae,scarus_ghobban,#error!,4,1,16,18,NA,NA,NA,NA
2022-11-19,yuy_02,yuyuni,tanzania,scarinae,scarus_rubroviolaceus,#error!,4,1,51,53,NA,NA,NA,NA
2022-11-19,yuy_02,yuyuni,tanzania,scarinae,scarus_russelli,#error!,4,1,11,13,NA,NA,NA,NA
2022-11-19,yuy_02,yuyuni,tanzania,scarinae,calotomus_carolinus,#error!,5,1,16,18,NA,NA,NA,NA
2022-04-04,aru_02,arusha,kenya,siganidae,siganus_luridus,#error!,4,2,21,23,NA,NA,NA,NA
2022-04-04,aru_02,arusha,kenya,siganidae,siganus_stellatus,#error!,4,2,31,33,NA,NA,NA,NA
2018-09-30,aj_b_p_sc03,bimbini,comoros,siganidae,siganus_stellatus,#error!,2,2,26,28,NA,NA,NA,NA
2023-03-25,bos_01,boso,kenya,siganidae,siganus_sutor,#error!,1,5,21,23,NA,NA,NA,NA
2023-03-25,bos_01,boso,kenya,siganidae,siganus_sutor,#error!,1,24,16,18,NA,NA,NA,NA
2023-03-25,bos_01,boso,kenya,siganidae,siganus_sutor,#error!,2,1,16,18,NA,NA,NA,NA
2023-03-25,bos_01,boso,kenya,siganidae,siganus_sutor,#error!,2,6,21,23,NA,NA,NA,NA
2022-10-26,brc_01,brain_coral,kenya,siganidae,siganus_sutor,#error!,2,1,21,23,NA,NA,NA,NA
2021-11-17,cha_01,chale,kenya,siganidae,siganus_stellatus,#error!,1,2,21,23,NA,NA,NA,NA
2021-11-17,cha_01,chale,kenya,siganidae,siganus_luridus,#error!,2,1,16,18,NA,NA,NA,NA
2021-11-17,cha_01,chale,kenya,siganidae,siganus_luridus,#error!,2,1,11,13,NA,NA,NA,NA
2021-11-17,cha_01,chale,kenya,siganidae,siganus_sutor,#error!,2,2,16,18,NA,NA,NA,NA
2021-11-17,cha_02,chale,kenya,siganidae,siganus_stellatus,#error!,5,1,31,33,NA,NA,NA,NA
2021-11-17,cha_02,chale,kenya,siganidae,siganus_sutor,#error!,5,1,21,23,NA,NA,NA,NA
2023-02-18,chm_01,chambani,kenya,siganidae,siganus_spp.,#error!,1,7,16,18,NA,NA,NA,NA
2023-02-18,chm_01,chambani,kenya,siganidae,siganus_spp.,#error!,2,10,16,18,NA,NA,NA,NA
2023-02-18,chm_01,chambani,kenya,siganidae,siganus_spp.,#error!,3,15,16,18,NA,NA,NA,NA
2023-02-18,chm_01,chambani,kenya,siganidae,siganus_spp.,#error!,3,7,26,28,NA,NA,NA,NA
2023-02-11,chp_01,chipopo,kenya,siganidae,siganus_sutor,#error!,2,2,21,23,NA,NA,NA,NA
2023-02-11,chp_01,chipopo,kenya,siganidae,siganus_stellatus,#error!,2,1,16,18,NA,NA,NA,NA
2023-03-20,cho_01,chole,kenya,siganidae,siganus_sutor,#error!,1,1,16,18,NA,NA,NA,NA
2023-03-20,cho_01,chole,kenya,siganidae,siganus_sutor,#error!,2,1,16,18,NA,NA,NA,NA
2023-03-24,ccb_01,chongo_cha_boso,kenya,siganidae,siganus_luridus,#error!,1,1,16,18,NA,NA,NA,NA
2023-03-24,ccb_01,chongo_cha_boso,kenya,siganidae,siganus_sutor,#error!,2,11,16,18,NA,NA,NA,NA
2023-03-21,ccs_01,chongo_cha_sharifu,kenya,siganidae,siganus_stellatus,#error!,1,2,31,33,NA,NA,NA,NA
2023-03-26,dzi_01,dhiwa_za_ishakani,kenya,siganidae,siganus_sutor,#error!,1,6,16,18,NA,NA,NA,NA
2023-03-26,dzi_01,dhiwa_za_ishakani,kenya,siganidae,siganus_sutor,#error!,1,3,21,23,NA,NA,NA,NA
2023-03-26,dzi_01,dhiwa_za_ishakani,kenya,siganidae,siganus_stellatus,#error!,1,1,21,23,NA,NA,NA,NA
2023-03-26,dzi_01,dhiwa_za_ishakani,kenya,siganidae,siganus_sutor,#error!,2,12,21,23,NA,NA,NA,NA
2023-03-26,dzi_01,dhiwa_za_ishakani,kenya,siganidae,siganus_sutor,#error!,2,3,16,18,NA,NA,NA,NA
2021-11-22,dnr_02,diani_reef,kenya,siganidae,siganus_sutor,#error!,4,6,11,13,NA,NA,NA,NA
2022-11-18,din_01,dindini,tanzania,siganidae,siganus_stellatus,#error!,1,2,36,38,NA,NA,NA,NA
2022-11-18,din_01,dindini,tanzania,siganidae,siganus_stellatus,#error!,2,1,31,33,NA,NA,NA,NA
2022-11-18,din_01,dindini,tanzania,siganidae,siganus_stellatus,#error!,2,1,36,38,NA,NA,NA,NA
2021-03-19,dol_01,dolphin,kenya,siganidae,siganus_sutor,#error!,3,1,16,18,NA,NA,NA,NA
2022-03-04,iwe_01,iweni,kenya,siganidae,siganus_sutor,#error!,1,12,11,13,NA,NA,NA,NA
2022-03-04,iwe_01,iweni,kenya,siganidae,siganus_sutor,#error!,2,1,11,13,NA,NA,NA,NA
2022-03-04,iwe_01,iweni,kenya,siganidae,siganus_sutor,#error!,2,4,16,18,NA,NA,NA,NA
2022-03-04,iwe_01,iweni,kenya,siganidae,siganus_sutor,#error!,3,8,21,23,NA,NA,NA,NA
2022-03-04,iwe_01,iweni,kenya,siganidae,siganus_sutor,#error!,3,10,16,18,NA,NA,NA,NA
2022-03-04,iwe_01,iweni,kenya,siganidae,siganus_sutor,#error!,4,2,11,13,NA,NA,NA,NA
2022-03-04,iwe_01,iweni,kenya,siganidae,siganus_sutor,#error!,4,20,16,18,NA,NA,NA,NA
2021-03-29,jac_01,jacaranda,kenya,siganidae,siganus_luridus,#error!,1,5,11,13,NA,NA,NA,NA
2021-03-29,jac_01,jacaranda,kenya,siganidae,siganus_luridus,#error!,2,7,11,13,NA,NA,NA,NA
2021-03-29,jac_02,jacaranda,kenya,siganidae,siganus_luridus,#error!,4,8,11,13,NA,NA,NA,NA
2021-03-29,jac_02,jacaranda,kenya,siganidae,siganus_luridus,#error!,5,4,11,13,NA,NA,NA,NA
2022-03-31,jmk_01,jamba_wa_kwale,kenya,siganidae,siganus_sutor,#error!,1,2,16,18,NA,NA,NA,NA
2022-03-31,jmk_01,jamba_wa_kwale,kenya,siganidae,siganus_luridus,#error!,1,2,16,18,NA,NA,NA,NA
2022-03-31,jmk_02,jamba_wa_kwale,kenya,siganidae,siganus_sutor,#error!,5,2,16,18,NA,NA,NA,NA
2022-10-25,jbr_01,jumbo_ruins,kenya,siganidae,siganus_spp.,#error!,1,1,21,23,NA,NA,NA,NA
2022-10-25,jbr_01,jumbo_ruins,kenya,siganidae,siganus_spp.,#error!,3,1,26,28,NA,NA,NA,NA
2022-10-25,jbr_01,jumbo_ruins,kenya,siganidae,siganus_spp.,#error!,3,3,21,23,NA,NA,NA,NA
2023-03-24,kkr_01,kadhikia_kuru,kenya,siganidae,siganus_sutor,#error!,1,35,16,18,NA,NA,NA,NA
2023-03-24,kkr_01,kadhikia_kuru,kenya,siganidae,siganus_sutor,#error!,2,9,16,18,NA,NA,NA,NA
2023-03-24,kkr_01,kadhikia_kuru,kenya,siganidae,siganus_sutor,#error!,2,1,31,33,NA,NA,NA,NA
2023-03-24,kkr_01,kadhikia_kuru,kenya,siganidae,siganus_sutor,#error!,3,18,16,18,NA,NA,NA,NA
2021-03-25,kas_02,kasa,kenya,siganidae,siganus_stellatus,#error!,5,2,26,28,NA,NA,NA,NA
2021-11-18,ksm_01,kaya_similani,kenya,siganidae,siganus_sutor,#error!,1,1,11,13,NA,NA,NA,NA
2021-11-21,kkd_01,kikadini,kenya,siganidae,siganus_sutor,#error!,2,1,16,18,NA,NA,NA,NA
2021-11-21,kkd_01,kikadini,kenya,siganidae,siganus_sutor,#error!,3,6,21,23,NA,NA,NA,NA
2021-11-21,kkd_01,kikadini,kenya,siganidae,siganus_sutor,#error!,3,1,16,18,NA,NA,NA,NA
2022-03-30,klg_01,kilingoni,kenya,siganidae,siganus_sutor,#error!,4,1,16,18,NA,NA,NA,NA
2022-03-30,klg_01,kilingoni,kenya,siganidae,siganus_sutor,#error!,4,4,21,23,NA,NA,NA,NA
2022-03-05,knyo_01,kinyika_outer,kenya,siganidae,siganus_sutor,#error!,1,1,21,23,NA,NA,NA,NA
2022-03-05,knyo_01,kinyika_outer,kenya,siganidae,siganus_sutor,#error!,2,2,16,18,NA,NA,NA,NA
2022-03-05,knyo_01,kinyika_outer,kenya,siganidae,siganus_sutor,#error!,2,2,21,23,NA,NA,NA,NA
2022-03-05,knyo_01,kinyika_outer,kenya,siganidae,siganus_sutor,#error!,3,2,16,18,NA,NA,NA,NA
2022-03-05,knyo_01,kinyika_outer,kenya,siganidae,siganus_sutor,#error!,3,12,21,23,NA,NA,NA,NA
2021-04-13,kse_01,kisite_east,kenya,siganidae,siganus_stellatus,#error!,2,2,26,28,NA,NA,NA,NA
2021-04-13,kse_01,kisite_east,kenya,siganidae,siganus_sutor,#error!,3,10,16,18,NA,NA,NA,NA
2022-11-21,kitout_02,kitutia_outer,tanzania,siganidae,siganus_luridus,#error!,4,2,11,13,NA,NA,NA,NA
2023-02-16,ktw_01,kitwani,kenya,siganidae,siganus_sutor,#error!,1,11,11,13,NA,NA,NA,NA
2023-02-16,ktw_01,kitwani,kenya,siganidae,siganus_sutor,#error!,2,3,16,18,NA,NA,NA,NA
2023-03-27,kui_01,kui,kenya,siganidae,siganus_sutor,#error!,1,21,26,28,NA,NA,NA,NA
2023-03-27,kui_01,kui,kenya,siganidae,siganus_sutor,#error!,3,44,21,23,NA,NA,NA,NA
2023-03-27,kui_01,kui,kenya,siganidae,siganus_sutor,#error!,3,6,16,18,NA,NA,NA,NA
2021-03-24,lev_01,leven,kenya,siganidae,siganus_stellatus,#error!,1,2,26,28,NA,NA,NA,NA
2021-03-24,lev_02,leven,kenya,siganidae,siganus_sutor,#error!,5,1,21,23,NA,NA,NA,NA
2022-10-27,lbb_01,lobster_bank,kenya,siganidae,siganus_stellatus,#error!,1,2,31,33,NA,NA,NA,NA
2022-10-27,lbb_01,lobster_bank,kenya,siganidae,siganus_sutor,#error!,2,2,26,28,NA,NA,NA,NA
2022-10-27,lbb_02,lobster_bank,kenya,siganidae,siganus_sutor,#error!,4,3,21,23,NA,NA,NA,NA
2022-10-27,lbb_02,lobster_bank,kenya,siganidae,siganus_sutor,#error!,5,1,16,18,NA,NA,NA,NA
2021-04-14,lmp_01,lower_mpunguti,kenya,siganidae,siganus_sutor,#error!,1,6,11,13,NA,NA,NA,NA
2021-04-14,lmp_01,lower_mpunguti,kenya,siganidae,siganus_sutor,#error!,2,2,11,13,NA,NA,NA,NA
2023-02-19,mab_01,mabiyu,kenya,siganidae,siganus_spp.,#error!,1,5,6,8,NA,NA,NA,NA
2023-02-19,mab_01,mabiyu,kenya,siganidae,siganus_spp.,#error!,1,3,16,18,NA,NA,NA,NA
2023-02-19,mab_01,mabiyu,kenya,siganidae,siganus_spp.,#error!,2,5,6,8,NA,NA,NA,NA
2023-02-19,mab_01,mabiyu,kenya,siganidae,siganus_spp.,#error!,2,3,16,18,NA,NA,NA,NA
2023-02-19,mab_01,mabiyu,kenya,siganidae,siganus_spp.,#error!,3,5,26,28,NA,NA,NA,NA
2023-03-26,mgl_01,magulugulu,kenya,siganidae,siganus_sutor,#error!,1,1,21,23,NA,NA,NA,NA
2021-04-12,mkk_01,makokokwe,kenya,siganidae,siganus_stellatus,#error!,1,1,16,18,NA,NA,NA,NA
2021-04-12,mkk_01,makokokwe,kenya,siganidae,siganus_stellatus,#error!,2,4,26,28,NA,NA,NA,NA
2021-04-12,mkk_02,makokokwe,kenya,siganidae,siganus_luridus,#error!,4,1,11,13,NA,NA,NA,NA
2021-04-12,mkk_02,makokokwe,kenya,siganidae,siganus_stellatus,#error!,4,3,11,13,NA,NA,NA,NA
2021-04-12,mkk_02,makokokwe,kenya,siganidae,siganus_luridus,#error!,5,2,11,13,NA,NA,NA,NA
2021-04-12,mkk_02,makokokwe,kenya,siganidae,siganus_stellatus,#error!,5,1,16,18,NA,NA,NA,NA
2021-03-31,mlcg_01,malindi_coral_garden,kenya,siganidae,siganus_stellatus,#error!,4,2,16,18,NA,NA,NA,NA
2021-03-31,mlcg_01,malindi_coral_garden,kenya,siganidae,siganus_sutor,#error!,4,1,16,18,NA,NA,NA,NA
2021-03-31,mlcg_02,malindi_coral_garden,kenya,siganidae,siganus_sutor,#error!,1,4,21,23,NA,NA,NA,NA
2021-03-31,mlcg_02,malindi_coral_garden,kenya,siganidae,siganus_sutor,#error!,3,2,11,13,NA,NA,NA,NA
2021-03-31,mlcg_02,malindi_coral_garden,kenya,siganidae,siganus_sutor,#error!,3,2,21,23,NA,NA,NA,NA
2022-11-22,mgeout_01,mange_outer,tanzania,siganidae,siganus_argenteus,#error!,1,1,26,28,NA,NA,NA,NA
2022-10-19,mps_02,mapasi,kenya,siganidae,siganus_stellatus,#error!,4,1,16,18,NA,NA,NA,NA
2022-10-19,mps_02,mapasi,kenya,siganidae,siganus_stellatus,#error!,5,2,16,18,NA,NA,NA,NA
2022-10-19,mps_01,mapasi,kenya,siganidae,siganus_sutor,#error!,2,1,16,18,NA,NA,NA,NA
2020-11-18,mar_01,marereni_tengefu,kenya,siganidae,siganus_sutor,#error!,1,3,11,13,NA,NA,NA,NA
2020-11-18,mar_01,marereni_tengefu,kenya,siganidae,siganus_sutor,#error!,2,40,11,13,NA,NA,NA,NA
2020-11-18,mar_01,marereni_tengefu,kenya,siganidae,siganus_sutor,#error!,3,48,11,13,NA,NA,NA,NA
2020-11-18,mar_01,marereni_tengefu,kenya,siganidae,siganus_sutor,#error!,3,2,11,13,NA,NA,NA,NA
2020-11-18,mar_01,marereni_tengefu,kenya,siganidae,siganus_sutor,#error!,5,1,11,13,NA,NA,NA,NA
2022-04-02,mbo_01,mboe,kenya,siganidae,siganus_luridus,#error!,2,1,21,23,NA,NA,NA,NA
2022-04-02,mbo_01,mboe,kenya,siganidae,siganus_luridus,#error!,3,2,16,18,NA,NA,NA,NA
2022-04-02,mbo_01,mboe,kenya,siganidae,siganus_luridus,#error!,3,3,21,23,NA,NA,NA,NA
2022-04-02,mbo_02,mboe,kenya,siganidae,siganus_luridus,#error!,4,1,16,18,NA,NA,NA,NA
2022-04-02,mbo_02,mboe,kenya,siganidae,siganus_argenteus,#error!,4,2,11,13,NA,NA,NA,NA
2022-04-02,mbo_02,mboe,kenya,siganidae,siganus_argenteus,#error!,4,2,16,18,NA,NA,NA,NA
2022-04-05,mek_01,mekka,kenya,siganidae,siganus_sutor,#error!,2,1,16,18,NA,NA,NA,NA
2022-04-05,mek_01,mekka,kenya,siganidae,siganus_sutor,#error!,3,2,21,23,NA,NA,NA,NA
2023-02-14,miko_02,mikes_outer,kenya,siganidae,siganus_sutor,#error!,4,6,11,13,NA,NA,NA,NA
2019-11-10,mis_01,misali,tanzania,siganidae,siganus_stellatus,#error!,1,2,26,28,NA,NA,NA,NA
2022-10-18,mjk_01,mji_wa_kale,kenya,siganidae,siganus_sutor,#error!,4,1,11,13,NA,NA,NA,NA
2022-10-18,mjk_01,mji_wa_kale,kenya,siganidae,siganus_spp.,#error!,5,3,16,18,NA,NA,NA,NA
2022-04-01,mli_01,mliani,kenya,siganidae,siganus_sutor,#error!,1,6,21,23,NA,NA,NA,NA
2022-04-01,mli_01,mliani,kenya,siganidae,siganus_luridus,#error!,1,2,21,23,NA,NA,NA,NA
2022-04-01,mli_01,mliani,kenya,siganidae,siganus_sutor,#error!,3,5,16,18,NA,NA,NA,NA
2022-04-01,mli_01,mliani,kenya,siganidae,siganus_sutor,#error!,3,2,21,23,NA,NA,NA,NA
2022-04-01,mli_01,mliani,kenya,siganidae,siganus_sutor,#error!,3,1,11,13,NA,NA,NA,NA
2022-04-01,mli_01,mliani,kenya,siganidae,siganus_luridus,#error!,3,4,16,18,NA,NA,NA,NA
2022-04-01,mli_01,mliani,kenya,siganidae,siganus_luridus,#error!,3,1,11,13,NA,NA,NA,NA
2022-04-01,mli_02,mliani,kenya,siganidae,siganus_sutor,#error!,4,6,21,23,NA,NA,NA,NA
2022-04-01,mli_02,mliani,kenya,siganidae,siganus_luridus,#error!,4,8,16,18,NA,NA,NA,NA
2022-04-01,mli_02,mliani,kenya,siganidae,siganus_luridus,#error!,4,1,21,23,NA,NA,NA,NA
2022-04-01,mli_02,mliani,kenya,siganidae,siganus_sutor,#error!,5,4,21,23,NA,NA,NA,NA
2022-04-01,mli_02,mliani,kenya,siganidae,siganus_sutor,#error!,5,5,26,28,NA,NA,NA,NA
2022-04-01,mli_02,mliani,kenya,siganidae,siganus_luridus,#error!,5,8,16,18,NA,NA,NA,NA
2022-10-28,mbcg_01,mombasa_coral_garden,kenya,siganidae,siganus_sutor,#error!,1,8,16,18,NA,NA,NA,NA
2022-10-28,mbcg_01,mombasa_coral_garden,kenya,siganidae,siganus_spp.,#error!,1,5,16,18,NA,NA,NA,NA
2022-10-28,mbcg_01,mombasa_coral_garden,kenya,siganidae,siganus_spp.,#error!,2,3,21,23,NA,NA,NA,NA
2022-10-28,mbcg_01,mombasa_coral_garden,kenya,siganidae,siganus_spp.,#error!,2,5,16,18,NA,NA,NA,NA
2022-10-28,mbcg_01,mombasa_coral_garden,kenya,siganidae,siganus_spp.,#error!,2,6,11,13,NA,NA,NA,NA
2022-10-28,mbcg_01,mombasa_coral_garden,kenya,siganidae,siganus_sutor,#error!,3,1,16,18,NA,NA,NA,NA
2022-10-28,mbcg_01,mombasa_coral_garden,kenya,siganidae,siganus_spp.,#error!,3,11,16,18,NA,NA,NA,NA
2022-10-28,mbcg_01,mombasa_coral_garden,kenya,siganidae,siganus_spp.,#error!,3,3,21,23,NA,NA,NA,NA
2021-03-18,mor_01,moray,kenya,siganidae,siganus_sutor,#error!,1,4,16,18,NA,NA,NA,NA
2021-03-18,mor_01,moray,kenya,siganidae,siganus_sutor,#error!,2,4,21,23,NA,NA,NA,NA
2021-03-18,mor_02,moray,kenya,siganidae,siganus_luridus,#error!,5,2,11,13,NA,NA,NA,NA
2020-11-24,mrd_01,mradi_tengefu,kenya,siganidae,siganus_sutor,#error!,2,6,11,13,NA,NA,NA,NA
2020-11-24,mrd_01,mradi_tengefu,kenya,siganidae,siganus_sutor,#error!,3,2,11,13,NA,NA,NA,NA
2020-11-24,mrd_01,mradi_tengefu,kenya,siganidae,siganus_sutor,#error!,4,1,11,13,NA,NA,NA,NA
2023-02-19,mtb_01,mtanga_wa_bandari,kenya,siganidae,siganus_spp.,#error!,1,15,11,13,NA,NA,NA,NA
2023-03-20,mhd_01,muhindi,kenya,siganidae,siganus_sutor,#error!,3,1,16,18,NA,NA,NA,NA
2021-11-16,mvu_01,mvureni,kenya,siganidae,siganus_luridus,#error!,1,1,21,23,NA,NA,NA,NA
2021-11-16,mvu_01,mvureni,kenya,siganidae,siganus_sutor,#error!,2,4,21,23,NA,NA,NA,NA
2022-04-03,mwk_01,mwakinyavu,kenya,siganidae,siganus_luridus,#error!,1,4,16,18,NA,NA,NA,NA
2022-04-03,mwk_01,mwakinyavu,kenya,siganidae,siganus_sutor,#error!,1,2,21,23,NA,NA,NA,NA
2022-04-03,mwk_01,mwakinyavu,kenya,siganidae,siganus_luridus,#error!,2,3,16,18,NA,NA,NA,NA
2022-04-03,mwk_01,mwakinyavu,kenya,siganidae,siganus_luridus,#error!,3,1,21,23,NA,NA,NA,NA
2022-04-03,mwk_02,mwakinyavu,kenya,siganidae,siganus_luridus,#error!,4,1,16,18,NA,NA,NA,NA
2023-03-25,mwm_01,mwamba_mkuu,kenya,siganidae,siganus_luridus,#error!,1,1,16,18,NA,NA,NA,NA
2023-03-25,mwm_01,mwamba_mkuu,kenya,siganidae,siganus_luridus,#error!,2,1,11,13,NA,NA,NA,NA
2023-02-12,mwy_01,mwamba_yee,kenya,siganidae,siganus_stellatus,#error!,2,3,21,23,NA,NA,NA,NA
2023-02-12,mwy_01,mwamba_yee,kenya,siganidae,siganus_luridus,#error!,2,6,16,18,NA,NA,NA,NA
2023-02-12,mwy_01,mwamba_yee,kenya,siganidae,siganus_sutor,#error!,3,40,21,23,NA,NA,NA,NA
2023-11-04,ndje_01,ndjelezi,comoros,siganidae,siganus_stellatus,#error!,1,2,16,18,NA,NA,NA,NA
2022-10-17,ngm_01,ngomani,kenya,siganidae,siganus_spp.,#error!,2,50,6,8,NA,NA,NA,NA
2023-03-23,nycg_01,nyali_coral_garden,kenya,siganidae,siganus_sutor,#error!,1,1,16,18,NA,NA,NA,NA
2020-11-19,pap_01,papa_reef,kenya,siganidae,siganus_sutor,#error!,1,1,11,13,NA,NA,NA,NA
2020-11-19,pap_01,papa_reef,kenya,siganidae,siganus_sutor,#error!,3,2,16,18,NA,NA,NA,NA
2020-11-19,pap_02,papa_reef,kenya,siganidae,siganus_luridus,#error!,4,2,16,18,NA,NA,NA,NA
2023-02-17,pet_01,pethali,kenya,siganidae,siganus_spp.,#error!,2,11,21,23,NA,NA,NA,NA
2023-02-17,pet_02,pethali,kenya,siganidae,siganus_spp.,#error!,4,15,16,18,NA,NA,NA,NA
2023-02-17,pet_02,pethali,kenya,siganidae,siganus_spp.,#error!,4,2,26,28,NA,NA,NA,NA
2023-02-17,pet_02,pethali,kenya,siganidae,siganus_spp.,#error!,5,30,16,18,NA,NA,NA,NA
2023-02-10,pop_01,popo,kenya,siganidae,siganus_sutor,#error!,1,1,11,13,NA,NA,NA,NA
2023-02-10,pop_01,popo,kenya,siganidae,siganus_sutor,#error!,2,7,11,13,NA,NA,NA,NA
2023-03-23,riw_01,ras_iwatine,kenya,siganidae,siganus_sutor,#error!,1,9,11,13,NA,NA,NA,NA
2023-03-23,riw_01,ras_iwatine,kenya,siganidae,siganus_sutor,#error!,2,3,11,13,NA,NA,NA,NA
2023-03-23,riw_01,ras_iwatine,kenya,siganidae,siganus_sutor,#error!,3,7,11,13,NA,NA,NA,NA
2023-03-23,riw_01,ras_iwatine,kenya,siganidae,siganus_sutor,#error!,3,7,16,18,NA,NA,NA,NA
2019-11-08,shi_01,shimba,tanzania,siganidae,siganus_stellatus,#error!,1,1,31,33,NA,NA,NA,NA
2019-11-08,shi_01,shimba,tanzania,siganidae,siganus_stellatus,#error!,1,1,26,28,NA,NA,NA,NA
2023-03-24,str_01,starfish,kenya,siganidae,siganus_sutor,#error!,1,1,16,18,NA,NA,NA,NA
2023-03-24,str_01,starfish,kenya,siganidae,siganus_sutor,#error!,1,25,6,8,NA,NA,NA,NA
2023-03-24,str_01,starfish,kenya,siganidae,siganus_sutor,#error!,2,1,21,23,NA,NA,NA,NA
2023-03-24,str_01,starfish,kenya,siganidae,siganus_sutor,#error!,2,45,6,8,NA,NA,NA,NA
2023-03-24,str_01,starfish,kenya,siganidae,siganus_sutor,#error!,3,1,16,18,NA,NA,NA,NA
2023-03-24,str_01,starfish,kenya,siganidae,siganus_sutor,#error!,3,2,6,8,NA,NA,NA,NA
2020-11-20,tur_01,turtle_reef,kenya,siganidae,siganus_sutor,#error!,1,4,16,18,NA,NA,NA,NA
2020-11-20,tur_02,turtle_reef,kenya,siganidae,siganus_sutor,#error!,4,7,11,13,NA,NA,NA,NA
2020-11-20,tur_02,turtle_reef,kenya,siganidae,siganus_sutor,#error!,4,8,16,18,NA,NA,NA,NA
2022-11-13,mil_01,utumbi,tanzania,siganidae,siganus_sutor,#error!,3,1,31,33,NA,NA,NA,NA
2022-11-13,mil_01,utumbi,tanzania,siganidae,siganus_stellatus,#error!,4,1,31,33,NA,NA,NA,NA
2020-12-23,was_02,wasini_tengefu,kenya,siganidae,siganus_sutor,#error!,4,4,11,13,NA,NA,NA,NA
2021-04-01,wcg_01,watamu_coral_garden,kenya,siganidae,siganus_sutor,#error!,1,4,21,23,NA,NA,NA,NA
2021-04-01,wcg_01,watamu_coral_garden,kenya,siganidae,siganus_sutor,#error!,2,8,21,23,NA,NA,NA,NA
2022-11-03,wmb_02,wembe,kenya,siganidae,siganus_sutor,#error!,3,2,16,18,NA,NA,NA,NA
2022-11-03,wmb_02,wembe,kenya,siganidae,siganus_sutor,#error!,4,3,16,18,NA,NA,NA,NA
2022-11-19,yuy_01,yuyuni,tanzania,siganidae,siganus_stellatus,#error!,1,2,31,33,NA,NA,NA,NA
2022-11-19,yuy_02,yuyuni,tanzania,siganidae,siganus_stellatus,#error!,5,1,31,33,NA,NA,NA,NA
2022-11-19,yuy_02,yuyuni,tanzania,siganidae,siganus_stellatus,#error!,5,1,26,28,NA,NA,NA,NA
